$MeshFormat
4.1 0 8
$EndMeshFormat
$Entities
931 19 6 0
1 -2782.35 -3973.6 4124.81 0 
2 -2777.02 -3965.99 4135.72 0 
3 -2768.43 -3960.64 4146.59 0 
4 -2762.53 -3953.67 4157.16 0 
5 -2756.62 -3946.67 4167.72 0 
6 -2756.74 -3935.43 4178.25 0 
7 -2756.83 -3924.18 4188.77 0 
8 -2754.86 -3914.61 4199.01 0 
9 -2752.85 -3905.02 4209.24 0 
10 -2751.41 -3893.8 4220.56 0 
11 -2749.92 -3882.56 4231.87 0 
12 -2740.93 -3873.88 4245.64 0 
13 -2735.89 -3862.17 4259.53 0 
14 -2730.38 -3851.84 4272.4 0 
15 -2721.46 -3845.07 4284.17 0 
16 -2712.82 -3844.39 4290.25 0 
17 -2706.34 -3836.76 4301.17 0 
18 -2708.03 -3829.22 4306.82 0 
19 -2702.19 -3819.48 4319.12 0 
20 -2696.33 -3809.71 4331.4 0 
21 -2692.2 -3803.87 4339.09 0 
22 -2688.06 -3798.03 4346.77 0 
23 -2687.6 -3789.79 4354.23 0 
24 -2685.5 -3779.71 4364.28 0 
25 -2683.74 -3766.08 4377.13 0 
26 -2677.03 -3756.25 4389.66 0 
27 -2670.3 -3746.39 4402.17 0 
28 -2665.13 -3741.21 4409.71 0 
29 -2659.95 -3736 4417.24 0 
30 -2655.14 -3732.14 4423.4 0 
31 -2647.91 -3731.21 4428.51 0 
32 -2642.48 -3722.87 4438.76 0 
33 -2637.04 -3714.51 4448.99 0 
34 -2632.54 -3708.18 4456.93 0 
35 -2628.03 -3701.83 4464.86 0 
36 -2621.78 -3692.48 4476.26 0 
37 -2622.89 -3686.13 4480.84 0 
38 -2616 -3676.04 4493.14 0 
39 -2610.86 -3668.96 4501.91 0 
40 -2605.71 -3661.86 4510.67 0 
41 -2602.8 -3654.99 4517.92 0 
42 -2599.87 -3648.11 4525.16 0 
43 -2596.93 -3641.23 4532.38 0 
44 -2593.98 -3634.34 4539.6 0 
45 -2590.72 -3625.16 4548.78 0 
46 -2587.45 -3615.97 4557.95 0 
47 -2584.15 -3606.78 4567.1 0 
48 -2580.83 -3597.57 4576.23 0 
49 -2576.39 -3583.58 4589.69 0 
50 -2571.9 -3569.57 4603.11 0 
51 -2566.91 -3555.9 4616.45 0 
52 -2561.88 -3542.22 4629.75 0 
53 -2557.88 -3528.78 4642.2 0 
54 -2553.84 -3515.32 4654.62 0 
55 -2550.64 -3508.1 4661.82 0 
56 -2547.41 -3500.88 4669 0 
57 -2544.18 -3493.65 4676.18 0 
58 -2540.94 -3486.41 4683.34 0 
59 -2540.47 -3476.68 4690.82 0 
60 -2539.97 -3466.94 4698.29 0 
61 -2539.45 -3457.19 4705.75 0 
62 -2538.89 -3447.45 4713.19 0 
63 -2536.32 -3436.66 4722.44 0 
64 -2533.71 -3425.87 4731.68 0 
65 -2533.82 -3410.61 4742.63 0 
66 -2533.86 -3395.34 4753.55 0 
67 -2535.46 -3379.93 4763.67 0 
68 -2537 -3364.51 4773.76 0 
69 -2542.89 -3350.38 4780.56 0 
70 -2548.72 -3336.24 4787.34 0 
71 -2552.18 -3326.9 4791.99 0 
72 -2555.61 -3317.56 4796.63 0 
73 -2556.48 -3306.15 4804.05 0 
74 -2557.31 -3294.73 4811.44 0 
75 -2552.51 -3287.53 4818.91 0 
76 -2547.69 -3280.32 4826.37 0 
77 -2542.86 -3273.11 4833.81 0 
78 -2538.02 -3265.87 4841.24 0 
79 -2535.52 -3252.28 4851.69 0 
80 -2764.89 -3978.2 4122.09 0 
81 -2760.28 -3974.28 4128.96 0 
82 -2755.67 -3970.34 4135.82 0 
83 -2751.27 -3966.19 4142.72 0 
84 -2747.01 -3961.9 4149.66 0 
85 -2742.47 -3957.85 4156.51 0 
86 -2737.82 -3953.9 4163.33 0 
87 -2732.55 -3950.7 4169.83 0 
88 -2726.66 -3948.47 4175.79 0 
89 -2720.8 -3946.24 4181.72 0 
90 -2716.09 -3942.3 4188.49 0 
91 -2711.69 -3938.06 4195.32 0 
92 -2707.58 -3933.53 4202.22 0 
93 -2704.66 -3928.2 4209.08 0 
94 -2702.13 -3922.6 4215.93 0 
95 -2699.6 -3916.99 4222.76 0 
96 -2697.06 -3911.37 4229.58 0 
97 -2694.84 -3905.6 4236.33 0 
98 -2692.63 -3899.8 4243.07 0 
99 -2690.41 -3894.01 4249.79 0 
100 -2688.18 -3888.2 4256.51 0 
101 -2685.89 -3882.41 4263.23 0 
102 -2683.46 -3876.68 4269.98 0 
103 -2681.02 -3870.95 4276.71 0 
104 -2678.57 -3865.2 4283.43 0 
105 -2675.95 -3859.53 4290.18 0 
106 -2673.29 -3853.87 4296.92 0 
107 -2670.61 -3848.2 4303.66 0 
108 -2667.93 -3842.53 4310.39 0 
109 -2665.24 -3836.85 4317.1 0 
110 -2662.44 -3831.22 4323.83 0 
111 -2659.62 -3825.58 4330.55 0 
112 -2656.8 -3819.94 4337.26 0 
113 -2653.97 -3814.29 4343.96 0 
114 -2650.87 -3808.78 4350.68 0 
115 -2647.75 -3803.27 4357.4 0 
116 -2644.59 -3797.77 4364.11 0 
117 -2641.16 -3792.42 4370.83 0 
118 -2637.73 -3787.06 4377.54 0 
119 -2634.3 -3781.7 4384.24 0 
120 -2630.86 -3776.33 4390.93 0 
121 -2627.41 -3770.95 4397.61 0 
122 -2623.95 -3765.57 4404.28 0 
123 -2620.43 -3760.21 4410.95 0 
124 -2616.9 -3754.86 4417.61 0 
125 -2613.35 -3749.49 4424.25 0 
126 -2609.8 -3744.12 4430.89 0 
127 -2606.23 -3738.76 4437.52 0 
128 -2602.5 -3733.49 4444.14 0 
129 -2598.77 -3728.21 4450.75 0 
130 -2595.03 -3722.92 4457.35 0 
131 -2591.28 -3717.63 4463.95 0 
132 -2587.53 -3712.32 4470.53 0 
133 -2583.77 -3707.02 4477.1 0 
134 -2579.86 -3701.81 4483.67 0 
135 -2575.96 -3696.58 4490.22 0 
136 -2572.59 -3690.98 4496.75 0 
137 -2569.21 -3685.38 4503.27 0 
138 -2565.84 -3679.77 4509.78 0 
139 -2562.46 -3674.14 4516.28 0 
140 -2559.08 -3668.51 4522.78 0 
141 -2555.69 -3662.87 4529.26 0 
142 -2552.39 -3657.16 4535.72 0 
143 -2549.26 -3651.36 4542.16 0 
144 -2546.11 -3645.55 4548.58 0 
145 -2542.96 -3639.73 4555 0 
146 -2539.81 -3633.91 4561.41 0 
147 -2536.65 -3628.07 4567.8 0 
148 -2533.59 -3622.18 4574.18 0 
149 -2530.52 -3616.28 4580.54 0 
150 -2527.44 -3610.37 4586.89 0 
151 -2524.36 -3604.46 4593.23 0 
152 -2521.27 -3598.54 4599.57 0 
153 -2518.3 -3592.55 4605.87 0 
154 -2515.35 -3586.55 4612.16 0 
155 -2512.29 -3580.58 4618.46 0 
156 -2509.61 -3574.46 4624.65 0 
157 -2507.59 -3568.08 4630.67 0 
158 -2505.65 -3561.68 4636.65 0 
159 -2503.73 -3555.26 4642.61 0 
160 -2501.7 -3548.86 4648.59 0 
161 -2499.76 -3542.44 4654.53 0 
162 -2498.18 -3535.93 4660.33 0 
163 -2496.83 -3529.37 4666.01 0 
164 -2495.58 -3522.8 4671.65 0 
165 -2494.66 -3516.19 4677.11 0 
166 -2493.81 -3509.57 4682.53 0 
167 -2492.95 -3502.95 4687.95 0 
168 -2492.34 -3496.32 4693.22 0 
169 -2491.77 -3489.69 4698.46 0 
170 -2491.08 -3483.05 4703.74 0 
171 -2490.37 -3476.42 4709.02 0 
172 -2489.65 -3469.78 4714.3 0 
173 -2488.92 -3463.14 4719.56 0 
174 -2488.52 -3456.5 4724.64 0 
175 -2488.13 -3449.85 4729.7 0 
176 -2487.9 -3443.23 4734.64 0 
177 -2488 -3436.62 4739.39 0 
178 -2488.08 -3430.02 4744.13 0 
179 -2488.49 -3423.47 4748.64 0 
180 -2489.05 -3416.94 4753.04 0 
181 -2489.6 -3410.42 4757.44 0 
182 -2490.81 -3404.07 4761.36 0 
183 -2492.03 -3397.72 4765.25 0 
184 -2493.23 -3391.37 4769.14 0 
185 -2494.52 -3385.05 4772.96 0 
186 -2495.83 -3378.75 4776.74 0 
187 -2497.15 -3372.45 4780.5 0 
188 -2498.69 -3366.23 4784.07 0 
189 -2500.23 -3360.01 4787.64 0 
190 -2501.74 -3353.8 4791.21 0 
191 -2503.25 -3347.58 4794.77 0 
192 -2504.79 -3341.37 4798.29 0 
193 -2506.34 -3335.18 4801.79 0 
194 -2507.88 -3328.99 4805.28 0 
195 -2509.14 -3324.13 4807.98 0 
196 -2510.24 -3318.04 4811.62 0 
197 -2511.22 -3312.02 4815.25 0 
198 -2512.2 -3306 4818.87 0 
199 -2513.17 -3299.98 4822.49 0 
200 -2514.12 -3293.96 4826.11 0 
201 -2515.08 -3287.93 4829.72 0 
202 -2516.02 -3281.9 4833.34 0 
203 -2516.92 -3275.89 4836.94 0 
204 -2517.7 -3269.96 4840.55 0 
205 -2518.33 -3264.14 4844.15 0 
206 -2518.89 -3258.36 4847.74 0 
207 -2519.42 -3252.6 4851.33 0 
208 -2519.94 -3246.84 4854.92 0 
209 -2752.78 -3984.76 4116.14 0 
210 -2747.31 -3981.89 4122.57 0 
211 -2741.9 -3978.93 4129.02 0 
212 -2736.33 -3976.2 4135.34 0 
213 -2730.44 -3973.99 4141.36 0 
214 -2724.5 -3971.85 4147.32 0 
215 -2718.56 -3969.7 4153.27 0 
216 -2712.72 -3967.36 4159.32 0 
217 -2706.93 -3964.92 4165.41 0 
218 -2701.14 -3962.47 4171.5 0 
219 -2695.48 -3959.81 4177.68 0 
220 -2690.43 -3956.27 4184.29 0 
221 -2685.51 -3952.57 4190.94 0 
222 -2681.25 -3948.18 4197.8 0 
223 -2677.77 -3943.22 4204.68 0 
224 -2674.96 -3937.78 4211.56 0 
225 -2673.08 -3931.89 4218.25 0 
226 -2671.24 -3925.98 4224.92 0 
227 -2669.35 -3920.07 4231.59 0 
228 -2667.42 -3914.17 4238.26 0 
229 -2665.48 -3908.27 4244.92 0 
230 -2663.53 -3902.36 4251.58 0 
231 -2661.52 -3896.47 4258.24 0 
232 -2659.16 -3890.71 4264.97 0 
233 -2656.8 -3884.95 4271.69 0 
234 -2654.42 -3879.18 4278.41 0 
235 -2652.03 -3873.41 4285.11 0 
236 -2649.64 -3867.63 4291.81 0 
237 -2647.09 -3861.91 4298.53 0 
238 -2644.47 -3856.21 4305.24 0 
239 -2641.84 -3850.51 4311.95 0 
240 -2638.97 -3844.93 4318.69 0 
241 -2636.04 -3839.36 4325.43 0 
242 -2633.11 -3833.79 4332.15 0 
243 -2630.17 -3828.21 4338.87 0 
244 -2627.22 -3822.62 4345.58 0 
245 -2624.27 -3817.02 4352.28 0 
246 -2621.09 -3811.54 4358.99 0 
247 -2617.75 -3806.15 4365.7 0 
248 -2614.4 -3800.76 4372.4 0 
249 -2611.08 -3795.33 4379.1 0 
250 -2607.77 -3789.88 4385.78 0 
251 -2604.46 -3784.43 4392.46 0 
252 -2601.06 -3779.02 4399.12 0 
253 -2597.43 -3773.74 4405.79 0 
254 -2593.79 -3768.46 4412.44 0 
255 -2590.16 -3763.17 4419.09 0 
256 -2586.51 -3757.88 4425.73 0 
257 -2582.86 -3752.57 4432.35 0 
258 -2579.21 -3747.26 4438.97 0 
259 -2575.55 -3741.93 4445.58 0 
260 -2571.86 -3736.62 4452.18 0 
261 -2568.17 -3731.3 4458.77 0 
262 -2564.46 -3725.98 4465.35 0 
263 -2560.75 -3720.64 4471.92 0 
264 -2557.01 -3715.32 4478.49 0 
265 -2553.22 -3710.02 4485.04 0 
266 -2549.41 -3704.72 4491.58 0 
267 -2545.61 -3699.41 4498.11 0 
268 -2541.79 -3694.09 4504.63 0 
269 -2538.1 -3688.68 4511.15 0 
270 -2534.48 -3683.2 4517.65 0 
271 -2530.86 -3677.72 4524.14 0 
272 -2527.23 -3672.22 4530.63 0 
273 -2523.6 -3666.73 4537.1 0 
274 -2519.96 -3661.21 4543.57 0 
275 -2516.43 -3655.63 4550.02 0 
276 -2512.89 -3650.03 4556.46 0 
277 -2509.34 -3644.43 4562.9 0 
278 -2505.79 -3638.83 4569.32 0 
279 -2502.62 -3633 4575.69 0 
280 -2499.66 -3627.04 4582.03 0 
281 -2496.69 -3621.08 4588.36 0 
282 -2493.71 -3615.11 4594.68 0 
283 -2490.72 -3609.14 4600.99 0 
284 -2487.82 -3603.12 4607.28 0 
285 -2484.93 -3597.08 4613.55 0 
286 -2482.51 -3590.85 4619.71 0 
287 -2480.15 -3584.58 4625.84 0 
288 -2477.85 -3578.28 4631.94 0 
289 -2475.64 -3571.95 4638 0 
290 -2474.15 -3565.46 4643.8 0 
291 -2472.9 -3558.9 4649.49 0 
292 -2471.64 -3552.34 4655.17 0 
293 -2470.55 -3545.75 4660.77 0 
294 -2469.45 -3539.17 4666.35 0 
295 -2468.45 -3532.57 4671.88 0 
296 -2467.49 -3525.96 4677.38 0 
297 -2466.85 -3519.34 4682.7 0 
298 -2466.36 -3512.71 4687.93 0 
299 -2465.81 -3506.08 4693.18 0 
300 -2464.79 -3499.46 4698.65 0 
301 -2463.75 -3492.84 4704.12 0 
302 -2462.7 -3486.22 4709.58 0 
303 -2461.65 -3479.59 4715.03 0 
304 -2460.58 -3472.97 4720.47 0 
305 -2459.49 -3466.34 4725.9 0 
306 -2458.89 -3459.69 4731.08 0 
307 -2458.37 -3453.04 4736.2 0 
308 -2457.85 -3446.39 4741.32 0 
309 -2457.35 -3439.75 4746.4 0 
310 -2457.3 -3433.12 4751.22 0 
311 -2457.53 -3426.56 4755.84 0 
312 -2458.76 -3420.22 4759.76 0 
313 -2460.25 -3413.96 4763.48 0 
314 -2461.79 -3407.74 4767.15 0 
315 -2463.32 -3401.5 4770.8 0 
316 -2464.9 -3395.3 4774.41 0 
317 -2466.73 -3389.19 4777.8 0 
318 -2468.55 -3383.09 4781.18 0 
319 -2470.35 -3376.98 4784.57 0 
320 -2472.14 -3370.87 4787.95 0 
321 -2473.91 -3364.76 4791.33 0 
322 -2475.68 -3358.65 4794.71 0 
323 -2477.47 -3352.56 4798.04 0 
324 -2479.25 -3346.46 4801.38 0 
325 -2481.02 -3340.36 4804.71 0 
326 -2482.77 -3334.26 4808.04 0 
327 -2484.51 -3328.16 4811.37 0 
328 -2486.24 -3322.06 4814.69 0 
329 -2487.96 -3315.96 4818.01 0 
330 -2489.66 -3309.85 4821.33 0 
331 -2491.35 -3303.75 4824.64 0 
332 -2493.03 -3297.64 4827.95 0 
333 -2494.7 -3291.53 4831.26 0 
334 -2496.27 -3285.39 4834.63 0 
335 -2497.62 -3279.16 4838.16 0 
336 -2498.95 -3272.93 4841.69 0 
337 -2500.28 -3266.69 4845.21 0 
338 -2501.59 -3260.46 4848.73 0 
339 -2502.88 -3254.23 4852.25 0 
340 -2504.17 -3247.99 4855.76 0 
341 -2505.44 -3241.76 4859.27 0 
342 -2738.06 -3995.84 4107.49 0 
343 -2731.37 -3996.19 4111.6 0 
344 -2724.68 -3997.02 4115.23 0 
345 -2718.01 -3998.6 4118.11 0 
346 -2711.42 -4000.74 4120.37 0 
347 -2704.83 -4002.87 4122.64 0 
348 -2698.24 -4004.99 4124.9 0 
349 -2691.59 -4006.76 4127.53 0 
350 -2684.92 -4008.43 4130.25 0 
351 -2678.25 -4008.87 4134.14 0 
352 -2671.77 -4008.39 4138.79 0 
353 -2665.88 -4006.19 4144.72 0 
354 -2661.5 -4001.99 4151.58 0 
355 -2658.63 -3996.73 4158.49 0 
356 -2656.67 -3990.99 4165.25 0 
357 -2655.52 -3984.92 4171.79 0 
358 -2654.96 -3978.71 4178.07 0 
359 -2654.52 -3972.46 4184.29 0 
360 -2654.06 -3966.21 4190.5 0 
361 -2653.16 -3960.05 4196.89 0 
362 -2652.12 -3953.92 4203.33 0 
363 -2651.07 -3947.78 4209.76 0 
364 -2649.69 -3941.72 4216.29 0 
365 -2648.24 -3935.68 4222.85 0 
366 -2646.85 -3929.61 4229.37 0 
367 -2644.91 -3923.73 4236.04 0 
368 -2642.89 -3917.86 4242.72 0 
369 -2640.87 -3911.99 4249.4 0 
370 -2638.83 -3906.11 4256.07 0 
371 -2636.47 -3900.36 4262.8 0 
372 -2634.08 -3894.61 4269.52 0 
373 -2631.62 -3888.89 4276.25 0 
374 -2629.02 -3883.22 4283 0 
375 -2626.42 -3877.54 4289.73 0 
376 -2623.81 -3871.85 4296.46 0 
377 -2621.19 -3866.16 4303.18 0 
378 -2618.49 -3860.51 4309.9 0 
379 -2615.62 -3854.92 4316.63 0 
380 -2612.75 -3849.33 4323.36 0 
381 -2609.88 -3843.72 4330.07 0 
382 -2606.89 -3838.18 4336.79 0 
383 -2603.71 -3832.72 4343.52 0 
384 -2600.53 -3827.26 4350.23 0 
385 -2597.35 -3821.79 4356.94 0 
386 -2593.98 -3816.41 4363.65 0 
387 -2590.57 -3811.06 4370.35 0 
388 -2587.16 -3805.69 4377.04 0 
389 -2583.74 -3800.32 4383.73 0 
390 -2580.33 -3794.93 4390.4 0 
391 -2576.95 -3789.51 4397.06 0 
392 -2573.57 -3784.08 4403.72 0 
393 -2569.92 -3778.81 4410.36 0 
394 -2566.26 -3773.54 4417 0 
395 -2562.63 -3768.24 4423.63 0 
396 -2559.05 -3762.89 4430.25 0 
397 -2555.46 -3757.53 4436.86 0 
398 -2551.87 -3752.17 4443.47 0 
399 -2548.28 -3746.8 4450.06 0 
400 -2544.68 -3741.41 4456.64 0 
401 -2541.08 -3736.02 4463.21 0 
402 -2537.48 -3730.62 4469.78 0 
403 -2533.87 -3725.21 4476.33 0 
404 -2530.25 -3719.79 4482.88 0 
405 -2526.63 -3714.36 4489.41 0 
406 -2523.01 -3708.93 4495.94 0 
407 -2519.38 -3703.48 4502.46 0 
408 -2515.76 -3698.03 4508.96 0 
409 -2512.12 -3692.57 4515.46 0 
410 -2508.49 -3687.1 4521.95 0 
411 -2504.84 -3681.62 4528.43 0 
412 -2501.19 -3676.13 4534.9 0 
413 -2497.54 -3670.64 4541.36 0 
414 -2493.9 -3665.12 4547.8 0 
415 -2490.35 -3659.54 4554.24 0 
416 -2486.79 -3653.96 4560.67 0 
417 -2483.22 -3648.36 4567.09 0 
418 -2479.54 -3642.83 4573.5 0 
419 -2475.83 -3637.3 4579.9 0 
420 -2472.11 -3631.77 4586.29 0 
421 -2468.39 -3626.24 4592.67 0 
422 -2464.99 -3620.49 4599.03 0 
423 -2461.58 -3614.73 4605.38 0 
424 -2458.4 -3608.86 4611.68 0 
425 -2455.93 -3602.64 4617.85 0 
426 -2453.55 -3596.38 4623.99 0 
427 -2451.21 -3590.1 4630.11 0 
428 -2449.09 -3583.75 4636.15 0 
429 -2447.16 -3577.33 4642.12 0 
430 -2445.63 -3570.83 4647.93 0 
431 -2444.33 -3564.28 4653.64 0 
432 -2443.16 -3557.71 4659.28 0 
433 -2442.41 -3551.1 4664.71 0 
434 -2441.65 -3544.48 4670.14 0 
435 -2440.88 -3537.86 4675.56 0 
436 -2440.22 -3531.24 4680.91 0 
437 -2439.6 -3524.61 4686.22 0 
438 -2438.97 -3517.98 4691.53 0 
439 -2438.35 -3511.34 4696.82 0 
440 -2437.74 -3504.71 4702.09 0 
441 -2437.12 -3498.07 4707.35 0 
442 -2436.48 -3491.43 4712.61 0 
443 -2435.84 -3484.79 4717.86 0 
444 -2435.1 -3478.14 4723.14 0 
445 -2434.29 -3471.5 4728.44 0 
446 -2433.48 -3464.85 4733.73 0 
447 -2432.87 -3458.2 4738.91 0 
448 -2432.3 -3451.54 4744.05 0 
449 -2431.95 -3444.91 4749.04 0 
450 -2432.34 -3438.36 4753.59 0 
451 -2433.27 -3431.94 4757.75 0 
452 -2434.58 -3425.62 4761.63 0 
453 -2435.88 -3419.31 4765.5 0 
454 -2437.68 -3413.2 4768.96 0 
455 -2439.67 -3407.16 4772.26 0 
456 -2441.65 -3401.13 4775.55 0 
457 -2443.61 -3395.09 4778.84 0 
458 -2445.56 -3389.05 4782.13 0 
459 -2447.56 -3383.04 4785.36 0 
460 -2449.61 -3377.05 4788.54 0 
461 -2451.64 -3371.07 4791.72 0 
462 -2453.66 -3365.08 4794.9 0 
463 -2455.66 -3359.08 4798.07 0 
464 -2457.66 -3353.09 4801.24 0 
465 -2459.64 -3347.1 4804.41 0 
466 -2461.61 -3341.1 4807.57 0 
467 -2463.57 -3335.1 4810.73 0 
468 -2465.36 -3329.03 4814.02 0 
469 -2467.13 -3322.95 4817.31 0 
470 -2468.88 -3316.87 4820.6 0 
471 -2470.63 -3310.8 4823.88 0 
472 -2472.35 -3304.71 4827.17 0 
473 -2474.04 -3298.62 4830.47 0 
474 -2475.73 -3292.52 4833.76 0 
475 -2477.38 -3286.42 4837.07 0 
476 -2478.76 -3280.21 4840.57 0 
477 -2480.13 -3274 4844.08 0 
478 -2481.49 -3267.79 4847.57 0 
479 -2482.84 -3261.57 4851.07 0 
480 -2484.02 -3255.3 4854.67 0 
481 -2485.19 -3249.03 4858.27 0 
482 -2486.35 -3242.76 4861.87 0 
483 -2701.36 -4039.31 4081.47 0 
484 -2694.74 -4039.16 4085.98 0 
485 -2688.12 -4039.01 4090.5 0 
486 -2681.5 -4038.84 4095.01 0 
487 -2674.88 -4038.65 4099.52 0 
488 -2668.34 -4038.16 4104.26 0 
489 -2661.93 -4037.16 4109.41 0 
490 -2656 -4035.19 4115.17 0 
491 -2650.51 -4032.32 4121.51 0 
492 -2645.8 -4028.52 4128.25 0 
493 -2641.91 -4023.97 4135.18 0 
494 -2638.64 -4018.93 4142.16 0 
495 -2636 -4013.49 4149.1 0 
496 -2634.28 -4007.72 4155.77 0 
497 -2633.97 -4001.52 4161.95 0 
498 -2635.37 -3995.2 4167.13 0 
499 -2636.76 -3988.87 4172.31 0 
500 -2637.47 -3982.53 4177.91 0 
501 -2638.08 -3976.17 4183.57 0 
502 -2636.82 -3970.12 4190.12 0 
503 -2635.35 -3964.12 4196.71 0 
504 -2633.63 -3958.2 4203.38 0 
505 -2631.89 -3952.27 4210.04 0 
506 -2630.14 -3946.34 4216.69 0 
507 -2628.39 -3940.41 4223.33 0 
508 -2626.34 -3934.57 4230.03 0 
509 -2624.15 -3928.79 4236.76 0 
510 -2621.96 -3922.99 4243.49 0 
511 -2619.75 -3917.2 4250.2 0 
512 -2617.31 -3911.5 4256.95 0 
513 -2614.68 -3905.88 4263.72 0 
514 -2612.04 -3900.25 4270.49 0 
515 -2609.39 -3894.61 4277.24 0 
516 -2606.73 -3888.97 4283.99 0 
517 -2604.04 -3883.34 4290.73 0 
518 -2601.35 -3877.69 4297.46 0 
519 -2598.65 -3872.04 4304.18 0 
520 -2595.87 -3866.42 4310.91 0 
521 -2592.97 -3860.86 4317.64 0 
522 -2590.06 -3855.29 4324.36 0 
523 -2587.14 -3849.71 4331.07 0 
524 -2584.2 -3844.13 4337.78 0 
525 -2581.15 -3838.6 4344.49 0 
526 -2578.09 -3833.06 4351.18 0 
527 -2575.03 -3827.52 4357.87 0 
528 -2571.88 -3822.01 4364.56 0 
529 -2568.65 -3816.54 4371.24 0 
530 -2565.41 -3811.07 4377.91 0 
531 -2562.07 -3805.64 4384.58 0 
532 -2558.61 -3800.29 4391.25 0 
533 -2555.15 -3794.92 4397.9 0 
534 -2551.67 -3789.54 4404.55 0 
535 -2548.07 -3784.25 4411.18 0 
536 -2544.45 -3778.94 4417.81 0 
537 -2540.83 -3773.63 4424.43 0 
538 -2537.21 -3768.31 4431.04 0 
539 -2533.7 -3762.9 4437.64 0 
540 -2530.26 -3757.44 4444.23 0 
541 -2526.81 -3751.97 4450.8 0 
542 -2523.35 -3746.49 4457.37 0 
543 -2519.89 -3741.01 4463.93 0 
544 -2516.42 -3735.52 4470.48 0 
545 -2512.84 -3730.09 4477.03 0 
546 -2509.25 -3724.65 4483.56 0 
547 -2505.66 -3719.21 4490.08 0 
548 -2502.03 -3713.78 4496.6 0 
549 -2498.31 -3708.4 4503.1 0 
550 -2494.58 -3703.01 4509.6 0 
551 -2490.77 -3697.67 4516.08 0 
552 -2486.85 -3692.4 4522.55 0 
553 -2482.92 -3687.12 4529.01 0 
554 -2479 -3681.83 4535.46 0 
555 -2475.21 -3676.42 4541.91 0 
556 -2471.42 -3671.01 4548.35 0 
557 -2467.62 -3665.6 4554.78 0 
558 -2463.71 -3660.25 4561.19 0 
559 -2459.59 -3655.05 4567.58 0 
560 -2455.46 -3649.84 4573.96 0 
561 -2451.33 -3644.63 4580.33 0 
562 -2447.33 -3639.3 4586.7 0 
563 -2443.46 -3633.87 4593.06 0 
564 -2439.86 -3628.25 4599.42 0 
565 -2436.4 -3622.51 4605.76 0 
566 -2433.03 -3616.72 4612.09 0 
567 -2429.71 -3610.9 4618.4 0 
568 -2426.38 -3605.07 4624.71 0 
569 -2423.38 -3599.05 4630.96 0 
570 -2420.43 -3593.01 4637.19 0 
571 -2417.71 -3586.86 4643.36 0 
572 -2415.5 -3580.52 4649.41 0 
573 -2413.28 -3574.16 4655.44 0 
574 -2412 -3567.61 4661.13 0 
575 -2410.9 -3561.03 4666.73 0 
576 -2410.61 -3554.41 4671.92 0 
577 -2410.3 -3547.78 4677.11 0 
578 -2409.98 -3541.16 4682.29 0 
579 -2409.65 -3534.53 4687.47 0 
580 -2409.31 -3527.9 4692.64 0 
581 -2409 -3521.27 4697.77 0 
582 -2408.74 -3514.64 4702.87 0 
583 -2408.47 -3508.01 4707.96 0 
584 -2408.18 -3501.38 4713.04 0 
585 -2407.75 -3494.74 4718.18 0 
586 -2407.28 -3488.09 4723.34 0 
587 -2406.8 -3481.45 4728.48 0 
588 -2405.83 -3474.81 4733.86 0 
589 -2404.74 -3468.17 4739.28 0 
590 -2403.64 -3461.53 4744.69 0 
591 -2403.64 -3454.95 4749.48 0 
592 -2404.02 -3448.39 4754.05 0 
593 -2405.33 -3442.08 4757.96 0 
594 -2406.91 -3435.87 4761.65 0 
595 -2409 -3429.88 4764.91 0 
596 -2411.08 -3423.89 4768.17 0 
597 -2413.22 -3417.93 4771.35 0 
598 -2415.56 -3412.08 4774.36 0 
599 -2417.88 -3406.22 4777.37 0 
600 -2420.19 -3400.37 4780.37 0 
601 -2422.49 -3394.51 4783.37 0 
602 -2424.75 -3388.64 4786.38 0 
603 -2427.01 -3382.76 4789.39 0 
604 -2429.25 -3376.89 4792.4 0 
605 -2431.48 -3371.01 4795.41 0 
606 -2433.74 -3365.15 4798.38 0 
607 -2436.04 -3359.32 4801.29 0 
608 -2438.33 -3353.49 4804.2 0 
609 -2440.61 -3347.66 4807.11 0 
610 -2442.88 -3341.82 4810.02 0 
611 -2445.09 -3335.96 4812.97 0 
612 -2447.24 -3330.07 4815.95 0 
613 -2449.39 -3324.19 4818.92 0 
614 -2451.52 -3318.3 4821.89 0 
615 -2453.52 -3312.35 4824.96 0 
616 -2455.06 -3306.19 4828.4 0 
617 -2456.59 -3300.04 4831.84 0 
618 -2458.11 -3293.88 4835.27 0 
619 -2459.61 -3287.72 4838.69 0 
620 -2460.91 -3281.48 4842.26 0 
621 -2462.14 -3275.22 4845.88 0 
622 -2463.35 -3268.96 4849.49 0 
623 -2464.55 -3262.7 4853.1 0 
624 -2465.31 -3256.29 4857.01 0 
625 -2466 -3249.87 4860.96 0 
626 -2466.68 -3243.45 4864.9 0 
627 -2467.34 -3237.03 4868.84 0 
628 -2467.99 -3230.6 4872.78 0 
629 -2468.63 -3224.18 4876.71 0 
630 -2685.16 -4055.58 4068.23 0 
631 -2678.68 -4054.86 4073.21 0 
632 -2672.2 -4054.13 4078.19 0 
633 -2665.72 -4053.38 4083.17 0 
634 -2659.5 -4051.96 4088.64 0 
635 -2653.4 -4050.2 4094.34 0 
636 -2647.56 -4047.98 4100.31 0 
637 -2642.02 -4045.22 4106.61 0 
638 -2636.91 -4041.94 4113.12 0 
639 -2632.74 -4037.63 4120.01 0 
640 -2629.32 -4032.7 4127.02 0 
641 -2626.3 -4027.52 4134 0 
642 -2623.87 -4022.02 4140.89 0 
643 -2622.3 -4016.13 4147.6 0 
644 -2621.45 -4010.01 4154.05 0 
645 -2621.13 -4003.8 4160.23 0 
646 -2621.42 -3997.48 4166.12 0 
647 -2621.79 -3991.16 4171.95 0 
648 -2622.24 -3984.82 4177.72 0 
649 -2622.27 -3978.52 4183.7 0 
650 -2621.91 -3972.28 4189.86 0 
651 -2620.08 -3966.41 4196.56 0 
652 -2618.17 -3960.56 4203.27 0 
653 -2615.92 -3954.84 4210.05 0 
654 -2613.4 -3949.25 4216.86 0 
655 -2610.51 -3943.83 4223.71 0 
656 -2607.62 -3938.4 4230.56 0 
657 -2604.72 -3932.96 4237.4 0 
658 -2601.81 -3927.52 4244.22 0 
659 -2598.98 -3922.02 4251.04 0 
660 -2596.15 -3916.52 4257.84 0 
661 -2593.3 -3911.01 4264.63 0 
662 -2590.45 -3905.49 4271.42 0 
663 -2587.58 -3899.97 4278.19 0 
664 -2584.71 -3894.44 4284.96 0 
665 -2581.83 -3888.91 4291.72 0 
666 -2578.93 -3883.37 4298.47 0 
667 -2576.04 -3877.82 4305.21 0 
668 -2573.09 -3872.28 4311.95 0 
669 -2570.13 -3866.75 4318.68 0 
670 -2567.16 -3861.21 4325.4 0 
671 -2564.19 -3855.66 4332.11 0 
672 -2561.27 -3850.07 4338.8 0 
673 -2558.34 -3844.47 4345.49 0 
674 -2555.36 -3838.89 4352.17 0 
675 -2552.12 -3833.45 4358.86 0 
676 -2548.88 -3827.99 4365.54 0 
677 -2545.64 -3822.53 4372.21 0 
678 -2542.38 -3817.07 4378.88 0 
679 -2539.11 -3811.6 4385.54 0 
680 -2535.83 -3806.13 4392.18 0 
681 -2532.49 -3800.68 4398.82 0 
682 -2529.06 -3795.27 4405.46 0 
683 -2525.63 -3789.86 4412.08 0 
684 -2522.19 -3784.44 4418.7 0 
685 -2518.75 -3779.01 4425.3 0 
686 -2515.28 -3773.59 4431.9 0 
687 -2511.71 -3768.21 4438.49 0 
688 -2508.14 -3762.83 4445.07 0 
689 -2504.56 -3757.44 4451.64 0 
690 -2501.04 -3752.01 4458.19 0 
691 -2497.7 -3746.45 4464.74 0 
692 -2494.36 -3740.88 4471.27 0 
693 -2491.01 -3735.3 4477.8 0 
694 -2487.52 -3729.81 4484.31 0 
695 -2483.79 -3724.45 4490.83 0 
696 -2480.06 -3719.09 4497.33 0 
697 -2476.32 -3713.72 4503.82 0 
698 -2472.77 -3708.21 4510.31 0 
699 -2469.24 -3702.68 4516.78 0 
700 -2465.69 -3697.15 4523.24 0 
701 -2462.15 -3691.6 4529.7 0 
702 -2458.59 -3686.05 4536.14 0 
703 -2455.02 -3680.51 4542.58 0 
704 -2451.22 -3675.1 4549.01 0 
705 -2447.41 -3669.69 4555.42 0 
706 -2443.36 -3664.44 4561.81 0 
707 -2439.28 -3659.21 4568.19 0 
708 -2435.13 -3654.03 4574.55 0 
709 -2430.59 -3649.17 4580.84 0 
710 -2426.03 -3644.33 4587.11 0 
711 -2420.55 -3640.6 4592.96 0 
712 -2415.07 -3636.86 4598.8 0 
713 -2410 -3632.6 4604.83 0 
714 -2405.29 -3627.85 4611.03 0 
715 -2401.03 -3622.69 4617.3 0 
716 -2396.97 -3617.34 4623.6 0 
717 -2393.66 -3611.52 4629.86 0 
718 -2390.71 -3605.48 4636.09 0 
719 -2388.29 -3599.21 4642.21 0 
720 -2385.97 -3592.9 4648.28 0 
721 -2384.32 -3586.4 4654.14 0 
722 -2382.84 -3579.88 4659.92 0 
723 -2381.68 -3573.29 4665.56 0 
724 -2380.63 -3566.7 4671.14 0 
725 -2380.04 -3560.08 4676.49 0 
726 -2379.71 -3553.46 4681.69 0 
727 -2379.63 -3546.84 4686.74 0 
728 -2379.42 -3540.22 4691.85 0 
729 -2379.19 -3533.59 4696.96 0 
730 -2379.14 -3526.98 4701.96 0 
731 -2379.11 -3520.36 4706.93 0 
732 -2378.66 -3513.73 4712.11 0 
733 -2378.1 -3507.08 4717.34 0 
734 -2377.66 -3500.44 4722.49 0 
735 -2377.46 -3493.81 4727.5 0 
736 -2377.29 -3487.18 4732.48 0 
737 -2378.02 -3480.69 4736.89 0 
738 -2378.73 -3474.19 4741.3 0 
739 -2379.43 -3467.7 4745.7 0 
740 -2380.36 -3461.27 4749.92 0 
741 -2381.36 -3454.85 4754.1 0 
742 -2382.33 -3448.43 4758.26 0 
743 -2383.59 -3442.1 4762.22 0 
744 -2384.84 -3435.77 4766.16 0 
745 -2386.86 -3429.77 4769.47 0 
746 -2389.01 -3423.82 4772.67 0 
747 -2391.26 -3417.93 4775.76 0 
748 -2393.66 -3412.13 4778.71 0 
749 -2396.06 -3406.32 4781.65 0 
750 -2398.44 -3400.52 4784.59 0 
751 -2400.93 -3394.78 4787.41 0 
752 -2403.46 -3389.07 4790.19 0 
753 -2405.98 -3383.35 4792.96 0 
754 -2408.46 -3377.62 4795.76 0 
755 -2410.91 -3371.87 4798.57 0 
756 -2413.35 -3366.12 4801.38 0 
757 -2415.82 -3360.4 4804.15 0 
758 -2418.34 -3354.71 4806.85 0 
759 -2420.86 -3349.02 4809.55 0 
760 -2423.3 -3343.29 4812.3 0 
761 -2425.42 -3337.39 4815.33 0 
762 -2427.53 -3331.49 4818.35 0 
763 -2429.63 -3325.59 4821.37 0 
764 -2431.75 -3319.71 4824.35 0 
765 -2433.87 -3313.82 4827.33 0 
766 -2435.71 -3307.82 4830.52 0 
767 -2437.16 -3301.63 4834.02 0 
768 -2438.6 -3295.44 4837.52 0 
769 -2439.94 -3289.23 4841.07 0 
770 -2441.07 -3282.93 4844.77 0 
771 -2442.03 -3276.59 4848.58 0 
772 -2442.91 -3270.22 4852.44 0 
773 -2443.73 -3263.83 4856.32 0 
774 -2444.41 -3257.4 4860.3 0 
775 -2444.82 -3250.92 4864.42 0 
776 -2444.64 -3244.31 4868.93 0 
777 -2444.48 -3237.71 4873.4 0 
778 -2444.43 -3231.13 4877.8 0 
779 -2444.35 -3224.54 4882.19 0 
780 -2667.09 -4066.1 4061.81 0 
781 -2661.08 -4064.23 4067.63 0 
782 -2655.08 -4062.3 4073.47 0 
783 -2649.38 -4059.83 4079.64 0 
784 -2643.77 -4057.21 4085.88 0 
785 -2638.24 -4054.47 4092.17 0 
786 -2632.88 -4051.49 4098.56 0 
787 -2628.29 -4047.58 4105.37 0 
788 -2623.87 -4043.49 4112.22 0 
789 -2619.6 -4039.25 4119.11 0 
790 -2616.26 -4034.28 4126.09 0 
791 -2613.29 -4029.09 4133.05 0 
792 -2611.24 -4023.39 4139.89 0 
793 -2609.97 -4017.43 4146.47 0 
794 -2609.19 -4011.3 4152.89 0 
795 -2608.98 -4005.07 4159.03 0 
796 -2609.18 -3998.77 4164.96 0 
797 -2609.64 -3992.44 4170.74 0 
798 -2610.19 -3986.11 4176.45 0 
799 -2609.78 -3979.88 4182.64 0 
800 -2609.07 -3973.7 4188.95 0 
801 -2607.04 -3967.91 4195.7 0 
802 -2604.82 -3962.21 4202.47 0 
803 -2602.02 -3956.76 4209.33 0 
804 -2599.22 -3951.3 4216.18 0 
805 -2596.42 -3945.84 4223.02 0 
806 -2593.6 -3940.37 4229.85 0 
807 -2590.68 -3934.95 4236.68 0 
808 -2587.72 -3929.54 4243.51 0 
809 -2584.75 -3924.12 4250.32 0 
810 -2581.74 -3918.71 4257.14 0 
811 -2578.71 -3913.31 4263.94 0 
812 -2575.67 -3907.89 4270.73 0 
813 -2572.63 -3902.47 4277.52 0 
814 -2569.58 -3897.04 4284.3 0 
815 -2566.53 -3891.61 4291.06 0 
816 -2563.43 -3886.18 4297.82 0 
817 -2560.29 -3880.77 4304.58 0 
818 -2557.15 -3875.35 4311.32 0 
819 -2554.01 -3869.92 4318.06 0 
820 -2550.86 -3864.49 4324.79 0 
821 -2547.7 -3859.04 4331.5 0 
822 -2544.53 -3853.59 4338.21 0 
823 -2541.36 -3848.13 4344.91 0 
824 -2538.13 -3842.7 4351.61 0 
825 -2534.85 -3837.28 4358.29 0 
826 -2531.57 -3831.86 4364.97 0 
827 -2528.19 -3826.48 4371.64 0 
828 -2524.72 -3821.15 4378.3 0 
829 -2521.24 -3815.81 4384.95 0 
830 -2517.87 -3810.39 4391.6 0 
831 -2514.51 -3804.96 4398.23 0 
832 -2511.15 -3799.51 4404.85 0 
833 -2507.78 -3794.06 4411.47 0 
834 -2504.41 -3788.6 4418.07 0 
835 -2500.91 -3783.21 4424.67 0 
836 -2497.36 -3777.84 4431.26 0 
837 -2493.84 -3772.44 4437.84 0 
838 -2490.4 -3766.97 4444.4 0 
839 -2486.96 -3761.5 4450.96 0 
840 -2483.52 -3756.01 4457.51 0 
841 -2479.8 -3750.7 4464.05 0 
842 -2476.07 -3745.38 4470.58 0 
843 -2472.34 -3740.05 4477.1 0 
844 -2468.6 -3734.72 4483.61 0 
845 -2464.89 -3729.36 4490.12 0 
846 -2461.16 -3723.99 4496.61 0 
847 -2457.44 -3718.61 4503.09 0 
848 -2453.66 -3713.26 4509.56 0 
849 -2449.78 -3707.96 4516.02 0 
850 -2445.91 -3702.66 4522.47 0 
851 -2442.03 -3697.35 4528.91 0 
852 -2438.1 -3692.06 4535.34 0 
853 -2434.16 -3686.76 4541.75 0 
854 -2430.14 -3681.52 4548.16 0 
855 -2426.07 -3676.31 4554.54 0 
856 -2421.99 -3671.09 4560.92 0 
857 -2417.94 -3665.83 4567.29 0 
858 -2413.94 -3660.53 4573.66 0 
859 -2409.28 -3655.82 4579.87 0 
860 -2404.29 -3651.47 4585.97 0 
861 -2398.77 -3647.81 4591.76 0 
862 -2393.29 -3644.08 4597.58 0 
863 -2387.85 -3640.28 4603.41 0 
864 -2382.86 -3635.9 4609.46 0 
865 -2378.1 -3631.21 4615.62 0 
866 -2374.04 -3625.86 4621.9 0 
867 -2370.01 -3620.48 4628.18 0 
868 -2366.73 -3614.6 4634.45 0 
869 -2363.44 -3608.72 4640.71 0 
870 -2360.96 -3602.47 4646.83 0 
871 -2358.49 -3596.2 4652.93 0 
872 -2356.56 -3589.77 4658.87 0 
873 -2354.75 -3583.29 4664.77 0 
874 -2353.13 -3576.77 4670.59 0 
875 -2351.99 -3570.18 4676.2 0 
876 -2350.99 -3563.57 4681.74 0 
877 -2349.99 -3556.96 4687.27 0 
878 -2349.26 -3550.32 4692.66 0 
879 -2348.56 -3543.69 4698.03 0 
880 -2348.01 -3537.05 4703.3 0 
881 -2347.44 -3530.41 4708.57 0 
882 -2346.96 -3523.77 4713.78 0 
883 -2346.99 -3517.16 4718.7 0 
884 -2347.01 -3510.54 4723.62 0 
885 -2347.17 -3503.95 4728.43 0 
886 -2347.41 -3497.36 4733.18 0 
887 -2347.68 -3490.78 4737.91 0 
888 -2348.96 -3484.45 4741.93 0 
889 -2350.22 -3478.11 4745.95 0 
890 -2351.48 -3471.78 4749.97 0 
891 -2352.72 -3465.44 4753.98 0 
892 -2354.49 -3459.3 4757.57 0 
893 -2356.29 -3453.18 4761.13 0 
894 -2358.06 -3447.05 4764.69 0 
895 -2360.05 -3441.03 4768.06 0 
896 -2362.51 -3435.26 4771 0 
897 -2364.96 -3429.48 4773.94 0 
898 -2367.37 -3423.68 4776.91 0 
899 -2369.72 -3417.85 4779.92 0 
900 -2372.06 -3412.02 4782.92 0 
901 -2374.39 -3406.2 4785.92 0 
902 -2376.78 -3400.4 4788.85 0 
903 -2379.15 -3394.61 4791.78 0 
904 -2381.57 -3388.84 4794.66 0 
905 -2384 -3383.09 4797.52 0 
906 -2386.42 -3377.33 4800.37 0 
907 -2388.82 -3371.57 4803.22 0 
908 -2391.22 -3365.81 4806.07 0 
909 -2393.6 -3360.05 4808.92 0 
910 -2395.97 -3354.28 4811.76 0 
911 -2398.16 -3348.42 4814.75 0 
912 -2400.25 -3342.51 4817.81 0 
913 -2402.34 -3336.6 4820.87 0 
914 -2404.41 -3330.7 4823.92 0 
915 -2406.01 -3324.57 4827.34 0 
916 -2407.51 -3318.4 4830.84 0 
917 -2408.99 -3312.24 4834.33 0 
918 -2410.47 -3306.07 4837.82 0 
919 -2411.48 -3299.73 4841.63 0 
920 -2412.45 -3293.38 4845.47 0 
921 -2413.35 -3287.01 4849.35 0 
922 -2414.06 -3280.59 4853.34 0 
923 -2414.76 -3274.17 4857.33 0 
924 -2415.31 -3267.71 4861.4 0 
925 -2415.24 -3261.12 4865.86 0 
926 -2415.16 -3254.52 4870.32 0 
927 -2414.98 -3247.91 4874.81 0 
928 -2414.64 -3241.28 4879.4 0 
929 -2414.28 -3234.65 4883.98 0 
930 -2413.9 -3228.01 4888.55 0 
931 -2413.51 -3221.37 4893.12 0 
1 -2782.35 -3973.6 4124.81 -2535.52 -3252.28 4851.69 0 2 1 -79 
2 -2764.89 -3978.2 4122.09 -2488.793566529493 -3246.84 4854.92 0 2 80 -208 
3 -2752.78 -3984.76 4116.14 -2458.293703703704 -3241.76 4859.27 0 2 209 -341 
4 -2738.06 -3995.84 4107.49 -2433.147023319616 -3242.76 4861.87 0 2 342 -482 
5 -2701.36 -4039.31 4081.47 -2409.202592592593 -3224.18 4876.71 0 2 483 -629 
6 -2685.16 -4055.58 4068.23 -2379.159259259259 -3224.54 4882.19 0 2 630 -779 
7 -2667.09 -4066.1 4061.81 -2347.624074074074 -3221.37 4893.12 0 2 780 -931 
8 -2782.35 -3978.2 4122.09 -2764.89 -3973.6 4124.81 0 2 1 -80 
9 -2535.52 -3252.28 4851.69 -2519.94 -3246.84 4854.92 0 2 79 -208 
10 -2764.89 -3984.76 4116.14 -2752.78 -3978.2 4122.09 0 2 80 -209 
11 -2519.94 -3246.84 4854.92 -2505.44 -3241.76 4859.27 0 2 208 -341 
12 -2752.78 -3995.84 4107.49 -2738.06 -3984.76 4116.14 0 2 209 -342 
13 -2505.44 -3242.76 4859.27 -2486.35 -3241.76 4861.87 0 2 341 -482 
14 -2738.06 -4039.31 4081.47 -2701.36 -3995.84 4107.49 0 2 342 -483 
15 -2486.35 -3242.76 4861.87 -2468.63 -3224.18 4876.71 0 2 482 -629 
16 -2701.36 -4055.58 4068.23 -2685.16 -4039.31 4081.47 0 2 483 -630 
17 -2468.63 -3224.54 4876.71 -2444.35 -3224.18 4882.19 0 2 629 -779 
18 -2685.16 -4066.1 4061.81 -2667.09 -4055.58 4068.23 0 2 630 -780 
19 -2444.35 -3224.54 4882.19 -2413.51 -3221.37 4893.12 0 2 779 -931 
1 -2782.35 -3978.2 4122.09 -2488.793566529493 -3246.84 4854.92 0 4 1 9 -2 -8 
2 -2764.89 -3984.76 4116.14 -2458.293703703704 -3241.76 4859.27 0 4 2 11 -3 -10 
3 -2752.78 -3995.84 4107.49 -2433.147023319616 -3241.76 4861.87 0 4 3 13 -4 -12 
4 -2738.06 -4039.31 4081.47 -2409.202592592593 -3224.18 4876.71 0 4 4 15 -5 -14 
5 -2701.36 -4055.58 4068.23 -2379.159259259259 -3224.18 4882.19 0 4 5 17 -6 -16 
6 -2685.16 -4066.1 4061.81 -2347.624074074074 -3221.37 4893.12 0 4 6 19 -7 -18 
$EndEntities
$Nodes
956 1685 1 1685
0 1 0 1
1
-2782.35 -3973.6 4124.81
0 2 0 1
2
-2777.02 -3965.99 4135.72
0 3 0 1
3
-2768.43 -3960.64 4146.59
0 4 0 1
4
-2762.53 -3953.67 4157.16
0 5 0 1
5
-2756.62 -3946.67 4167.72
0 6 0 1
6
-2756.74 -3935.43 4178.25
0 7 0 1
7
-2756.83 -3924.18 4188.77
0 8 0 1
8
-2754.86 -3914.61 4199.01
0 9 0 1
9
-2752.85 -3905.02 4209.24
0 10 0 1
10
-2751.41 -3893.8 4220.56
0 11 0 1
11
-2749.92 -3882.56 4231.87
0 12 0 1
12
-2740.93 -3873.88 4245.64
0 13 0 1
13
-2735.89 -3862.17 4259.53
0 14 0 1
14
-2730.38 -3851.84 4272.4
0 15 0 1
15
-2721.46 -3845.07 4284.17
0 16 0 1
16
-2712.82 -3844.39 4290.25
0 17 0 1
17
-2706.34 -3836.76 4301.17
0 18 0 1
18
-2708.03 -3829.22 4306.82
0 19 0 1
19
-2702.19 -3819.48 4319.12
0 20 0 1
20
-2696.33 -3809.71 4331.4
0 21 0 1
21
-2692.2 -3803.87 4339.09
0 22 0 1
22
-2688.06 -3798.03 4346.77
0 23 0 1
23
-2687.6 -3789.79 4354.23
0 24 0 1
24
-2685.5 -3779.71 4364.28
0 25 0 1
25
-2683.74 -3766.08 4377.13
0 26 0 1
26
-2677.03 -3756.25 4389.66
0 27 0 1
27
-2670.3 -3746.39 4402.17
0 28 0 1
28
-2665.13 -3741.21 4409.71
0 29 0 1
29
-2659.95 -3736 4417.24
0 30 0 1
30
-2655.14 -3732.14 4423.4
0 31 0 1
31
-2647.91 -3731.21 4428.51
0 32 0 1
32
-2642.48 -3722.87 4438.76
0 33 0 1
33
-2637.04 -3714.51 4448.99
0 34 0 1
34
-2632.54 -3708.18 4456.93
0 35 0 1
35
-2628.03 -3701.83 4464.86
0 36 0 1
36
-2621.78 -3692.48 4476.26
0 37 0 1
37
-2622.89 -3686.13 4480.84
0 38 0 1
38
-2616 -3676.04 4493.14
0 39 0 1
39
-2610.86 -3668.96 4501.91
0 40 0 1
40
-2605.71 -3661.86 4510.67
0 41 0 1
41
-2602.8 -3654.99 4517.92
0 42 0 1
42
-2599.87 -3648.11 4525.16
0 43 0 1
43
-2596.93 -3641.23 4532.38
0 44 0 1
44
-2593.98 -3634.34 4539.6
0 45 0 1
45
-2590.72 -3625.16 4548.78
0 46 0 1
46
-2587.45 -3615.97 4557.95
0 47 0 1
47
-2584.15 -3606.78 4567.1
0 48 0 1
48
-2580.83 -3597.57 4576.23
0 49 0 1
49
-2576.39 -3583.58 4589.69
0 50 0 1
50
-2571.9 -3569.57 4603.11
0 51 0 1
51
-2566.91 -3555.9 4616.45
0 52 0 1
52
-2561.88 -3542.22 4629.75
0 53 0 1
53
-2557.88 -3528.78 4642.2
0 54 0 1
54
-2553.84 -3515.32 4654.62
0 55 0 1
55
-2550.64 -3508.1 4661.82
0 56 0 1
56
-2547.41 -3500.88 4669
0 57 0 1
57
-2544.18 -3493.65 4676.18
0 58 0 1
58
-2540.94 -3486.41 4683.34
0 59 0 1
59
-2540.47 -3476.68 4690.82
0 60 0 1
60
-2539.97 -3466.94 4698.29
0 61 0 1
61
-2539.45 -3457.19 4705.75
0 62 0 1
62
-2538.89 -3447.45 4713.19
0 63 0 1
63
-2536.32 -3436.66 4722.44
0 64 0 1
64
-2533.71 -3425.87 4731.68
0 65 0 1
65
-2533.82 -3410.61 4742.63
0 66 0 1
66
-2533.86 -3395.34 4753.55
0 67 0 1
67
-2535.46 -3379.93 4763.67
0 68 0 1
68
-2537 -3364.51 4773.76
0 69 0 1
69
-2542.89 -3350.38 4780.56
0 70 0 1
70
-2548.72 -3336.24 4787.34
0 71 0 1
71
-2552.18 -3326.9 4791.99
0 72 0 1
72
-2555.61 -3317.56 4796.63
0 73 0 1
73
-2556.48 -3306.15 4804.05
0 74 0 1
74
-2557.31 -3294.73 4811.44
0 75 0 1
75
-2552.51 -3287.53 4818.91
0 76 0 1
76
-2547.69 -3280.32 4826.37
0 77 0 1
77
-2542.86 -3273.11 4833.81
0 78 0 1
78
-2538.02 -3265.87 4841.24
0 79 0 1
79
-2535.52 -3252.28 4851.69
0 80 0 1
80
-2764.89 -3978.2 4122.09
0 81 0 1
81
-2760.28 -3974.28 4128.96
0 82 0 1
82
-2755.67 -3970.34 4135.82
0 83 0 1
83
-2751.27 -3966.19 4142.72
0 84 0 1
84
-2747.01 -3961.9 4149.66
0 85 0 1
85
-2742.47 -3957.85 4156.51
0 86 0 1
86
-2737.82 -3953.9 4163.33
0 87 0 1
87
-2732.55 -3950.7 4169.83
0 88 0 1
88
-2726.66 -3948.47 4175.79
0 89 0 1
89
-2720.8 -3946.24 4181.72
0 90 0 1
90
-2716.09 -3942.3 4188.49
0 91 0 1
91
-2711.69 -3938.06 4195.32
0 92 0 1
92
-2707.58 -3933.53 4202.22
0 93 0 1
93
-2704.66 -3928.2 4209.08
0 94 0 1
94
-2702.13 -3922.6 4215.93
0 95 0 1
95
-2699.6 -3916.99 4222.76
0 96 0 1
96
-2697.06 -3911.37 4229.58
0 97 0 1
97
-2694.84 -3905.6 4236.33
0 98 0 1
98
-2692.63 -3899.8 4243.07
0 99 0 1
99
-2690.41 -3894.01 4249.79
0 100 0 1
100
-2688.18 -3888.2 4256.51
0 101 0 1
101
-2685.89 -3882.41 4263.23
0 102 0 1
102
-2683.46 -3876.68 4269.98
0 103 0 1
103
-2681.02 -3870.95 4276.71
0 104 0 1
104
-2678.57 -3865.2 4283.43
0 105 0 1
105
-2675.95 -3859.53 4290.18
0 106 0 1
106
-2673.29 -3853.87 4296.92
0 107 0 1
107
-2670.61 -3848.2 4303.66
0 108 0 1
108
-2667.93 -3842.53 4310.39
0 109 0 1
109
-2665.24 -3836.85 4317.1
0 110 0 1
110
-2662.44 -3831.22 4323.83
0 111 0 1
111
-2659.62 -3825.58 4330.55
0 112 0 1
112
-2656.8 -3819.94 4337.26
0 113 0 1
113
-2653.97 -3814.29 4343.96
0 114 0 1
114
-2650.87 -3808.78 4350.68
0 115 0 1
115
-2647.75 -3803.27 4357.4
0 116 0 1
116
-2644.59 -3797.77 4364.11
0 117 0 1
117
-2641.16 -3792.42 4370.83
0 118 0 1
118
-2637.73 -3787.06 4377.54
0 119 0 1
119
-2634.3 -3781.7 4384.24
0 120 0 1
120
-2630.86 -3776.33 4390.93
0 121 0 1
121
-2627.41 -3770.95 4397.61
0 122 0 1
122
-2623.95 -3765.57 4404.28
0 123 0 1
123
-2620.43 -3760.21 4410.95
0 124 0 1
124
-2616.9 -3754.86 4417.61
0 125 0 1
125
-2613.35 -3749.49 4424.25
0 126 0 1
126
-2609.8 -3744.12 4430.89
0 127 0 1
127
-2606.23 -3738.76 4437.52
0 128 0 1
128
-2602.5 -3733.49 4444.14
0 129 0 1
129
-2598.77 -3728.21 4450.75
0 130 0 1
130
-2595.03 -3722.92 4457.35
0 131 0 1
131
-2591.28 -3717.63 4463.95
0 132 0 1
132
-2587.53 -3712.32 4470.53
0 133 0 1
133
-2583.77 -3707.02 4477.1
0 134 0 1
134
-2579.86 -3701.81 4483.67
0 135 0 1
135
-2575.96 -3696.58 4490.22
0 136 0 1
136
-2572.59 -3690.98 4496.75
0 137 0 1
137
-2569.21 -3685.38 4503.27
0 138 0 1
138
-2565.84 -3679.77 4509.78
0 139 0 1
139
-2562.46 -3674.14 4516.28
0 140 0 1
140
-2559.08 -3668.51 4522.78
0 141 0 1
141
-2555.69 -3662.87 4529.26
0 142 0 1
142
-2552.39 -3657.16 4535.72
0 143 0 1
143
-2549.26 -3651.36 4542.16
0 144 0 1
144
-2546.11 -3645.55 4548.58
0 145 0 1
145
-2542.96 -3639.73 4555
0 146 0 1
146
-2539.81 -3633.91 4561.41
0 147 0 1
147
-2536.65 -3628.07 4567.8
0 148 0 1
148
-2533.59 -3622.18 4574.18
0 149 0 1
149
-2530.52 -3616.28 4580.54
0 150 0 1
150
-2527.44 -3610.37 4586.89
0 151 0 1
151
-2524.36 -3604.46 4593.23
0 152 0 1
152
-2521.27 -3598.54 4599.57
0 153 0 1
153
-2518.3 -3592.55 4605.87
0 154 0 1
154
-2515.35 -3586.55 4612.16
0 155 0 1
155
-2512.29 -3580.58 4618.46
0 156 0 1
156
-2509.61 -3574.46 4624.65
0 157 0 1
157
-2507.59 -3568.08 4630.67
0 158 0 1
158
-2505.65 -3561.68 4636.65
0 159 0 1
159
-2503.73 -3555.26 4642.61
0 160 0 1
160
-2501.7 -3548.86 4648.59
0 161 0 1
161
-2499.76 -3542.44 4654.53
0 162 0 1
162
-2498.18 -3535.93 4660.33
0 163 0 1
163
-2496.83 -3529.37 4666.01
0 164 0 1
164
-2495.58 -3522.8 4671.65
0 165 0 1
165
-2494.66 -3516.19 4677.11
0 166 0 1
166
-2493.81 -3509.57 4682.53
0 167 0 1
167
-2492.95 -3502.95 4687.95
0 168 0 1
168
-2492.34 -3496.32 4693.22
0 169 0 1
169
-2491.77 -3489.69 4698.46
0 170 0 1
170
-2491.08 -3483.05 4703.74
0 171 0 1
171
-2490.37 -3476.42 4709.02
0 172 0 1
172
-2489.65 -3469.78 4714.3
0 173 0 1
173
-2488.92 -3463.14 4719.56
0 174 0 1
174
-2488.52 -3456.5 4724.64
0 175 0 1
175
-2488.13 -3449.85 4729.7
0 176 0 1
176
-2487.9 -3443.23 4734.64
0 177 0 1
177
-2488 -3436.62 4739.39
0 178 0 1
178
-2488.08 -3430.02 4744.13
0 179 0 1
179
-2488.49 -3423.47 4748.64
0 180 0 1
180
-2489.05 -3416.94 4753.04
0 181 0 1
181
-2489.6 -3410.42 4757.44
0 182 0 1
182
-2490.81 -3404.07 4761.36
0 183 0 1
183
-2492.03 -3397.72 4765.25
0 184 0 1
184
-2493.23 -3391.37 4769.14
0 185 0 1
185
-2494.52 -3385.05 4772.96
0 186 0 1
186
-2495.83 -3378.75 4776.74
0 187 0 1
187
-2497.15 -3372.45 4780.5
0 188 0 1
188
-2498.69 -3366.23 4784.07
0 189 0 1
189
-2500.23 -3360.01 4787.64
0 190 0 1
190
-2501.74 -3353.8 4791.21
0 191 0 1
191
-2503.25 -3347.58 4794.77
0 192 0 1
192
-2504.79 -3341.37 4798.29
0 193 0 1
193
-2506.34 -3335.18 4801.79
0 194 0 1
194
-2507.88 -3328.99 4805.28
0 195 0 1
195
-2509.14 -3324.13 4807.98
0 196 0 1
196
-2510.24 -3318.04 4811.62
0 197 0 1
197
-2511.22 -3312.02 4815.25
0 198 0 1
198
-2512.2 -3306 4818.87
0 199 0 1
199
-2513.17 -3299.98 4822.49
0 200 0 1
200
-2514.12 -3293.96 4826.11
0 201 0 1
201
-2515.08 -3287.93 4829.72
0 202 0 1
202
-2516.02 -3281.9 4833.34
0 203 0 1
203
-2516.92 -3275.89 4836.94
0 204 0 1
204
-2517.7 -3269.96 4840.55
0 205 0 1
205
-2518.33 -3264.14 4844.15
0 206 0 1
206
-2518.89 -3258.36 4847.74
0 207 0 1
207
-2519.42 -3252.6 4851.33
0 208 0 1
208
-2519.94 -3246.84 4854.92
0 209 0 1
209
-2752.78 -3984.76 4116.14
0 210 0 1
210
-2747.31 -3981.89 4122.57
0 211 0 1
211
-2741.9 -3978.93 4129.02
0 212 0 1
212
-2736.33 -3976.2 4135.34
0 213 0 1
213
-2730.44 -3973.99 4141.36
0 214 0 1
214
-2724.5 -3971.85 4147.32
0 215 0 1
215
-2718.56 -3969.7 4153.27
0 216 0 1
216
-2712.72 -3967.36 4159.32
0 217 0 1
217
-2706.93 -3964.92 4165.41
0 218 0 1
218
-2701.14 -3962.47 4171.5
0 219 0 1
219
-2695.48 -3959.81 4177.68
0 220 0 1
220
-2690.43 -3956.27 4184.29
0 221 0 1
221
-2685.51 -3952.57 4190.94
0 222 0 1
222
-2681.25 -3948.18 4197.8
0 223 0 1
223
-2677.77 -3943.22 4204.68
0 224 0 1
224
-2674.96 -3937.78 4211.56
0 225 0 1
225
-2673.08 -3931.89 4218.25
0 226 0 1
226
-2671.24 -3925.98 4224.92
0 227 0 1
227
-2669.35 -3920.07 4231.59
0 228 0 1
228
-2667.42 -3914.17 4238.26
0 229 0 1
229
-2665.48 -3908.27 4244.92
0 230 0 1
230
-2663.53 -3902.36 4251.58
0 231 0 1
231
-2661.52 -3896.47 4258.24
0 232 0 1
232
-2659.16 -3890.71 4264.97
0 233 0 1
233
-2656.8 -3884.95 4271.69
0 234 0 1
234
-2654.42 -3879.18 4278.41
0 235 0 1
235
-2652.03 -3873.41 4285.11
0 236 0 1
236
-2649.64 -3867.63 4291.81
0 237 0 1
237
-2647.09 -3861.91 4298.53
0 238 0 1
238
-2644.47 -3856.21 4305.24
0 239 0 1
239
-2641.84 -3850.51 4311.95
0 240 0 1
240
-2638.97 -3844.93 4318.69
0 241 0 1
241
-2636.04 -3839.36 4325.43
0 242 0 1
242
-2633.11 -3833.79 4332.15
0 243 0 1
243
-2630.17 -3828.21 4338.87
0 244 0 1
244
-2627.22 -3822.62 4345.58
0 245 0 1
245
-2624.27 -3817.02 4352.28
0 246 0 1
246
-2621.09 -3811.54 4358.99
0 247 0 1
247
-2617.75 -3806.15 4365.7
0 248 0 1
248
-2614.4 -3800.76 4372.4
0 249 0 1
249
-2611.08 -3795.33 4379.1
0 250 0 1
250
-2607.77 -3789.88 4385.78
0 251 0 1
251
-2604.46 -3784.43 4392.46
0 252 0 1
252
-2601.06 -3779.02 4399.12
0 253 0 1
253
-2597.43 -3773.74 4405.79
0 254 0 1
254
-2593.79 -3768.46 4412.44
0 255 0 1
255
-2590.16 -3763.17 4419.09
0 256 0 1
256
-2586.51 -3757.88 4425.73
0 257 0 1
257
-2582.86 -3752.57 4432.35
0 258 0 1
258
-2579.21 -3747.26 4438.97
0 259 0 1
259
-2575.55 -3741.93 4445.58
0 260 0 1
260
-2571.86 -3736.62 4452.18
0 261 0 1
261
-2568.17 -3731.3 4458.77
0 262 0 1
262
-2564.46 -3725.98 4465.35
0 263 0 1
263
-2560.75 -3720.64 4471.92
0 264 0 1
264
-2557.01 -3715.32 4478.49
0 265 0 1
265
-2553.22 -3710.02 4485.04
0 266 0 1
266
-2549.41 -3704.72 4491.58
0 267 0 1
267
-2545.61 -3699.41 4498.11
0 268 0 1
268
-2541.79 -3694.09 4504.63
0 269 0 1
269
-2538.1 -3688.68 4511.15
0 270 0 1
270
-2534.48 -3683.2 4517.65
0 271 0 1
271
-2530.86 -3677.72 4524.14
0 272 0 1
272
-2527.23 -3672.22 4530.63
0 273 0 1
273
-2523.6 -3666.73 4537.1
0 274 0 1
274
-2519.96 -3661.21 4543.57
0 275 0 1
275
-2516.43 -3655.63 4550.02
0 276 0 1
276
-2512.89 -3650.03 4556.46
0 277 0 1
277
-2509.34 -3644.43 4562.9
0 278 0 1
278
-2505.79 -3638.83 4569.32
0 279 0 1
279
-2502.62 -3633 4575.69
0 280 0 1
280
-2499.66 -3627.04 4582.03
0 281 0 1
281
-2496.69 -3621.08 4588.36
0 282 0 1
282
-2493.71 -3615.11 4594.68
0 283 0 1
283
-2490.72 -3609.14 4600.99
0 284 0 1
284
-2487.82 -3603.12 4607.28
0 285 0 1
285
-2484.93 -3597.08 4613.55
0 286 0 1
286
-2482.51 -3590.85 4619.71
0 287 0 1
287
-2480.15 -3584.58 4625.84
0 288 0 1
288
-2477.85 -3578.28 4631.94
0 289 0 1
289
-2475.64 -3571.95 4638
0 290 0 1
290
-2474.15 -3565.46 4643.8
0 291 0 1
291
-2472.9 -3558.9 4649.49
0 292 0 1
292
-2471.64 -3552.34 4655.17
0 293 0 1
293
-2470.55 -3545.75 4660.77
0 294 0 1
294
-2469.45 -3539.17 4666.35
0 295 0 1
295
-2468.45 -3532.57 4671.88
0 296 0 1
296
-2467.49 -3525.96 4677.38
0 297 0 1
297
-2466.85 -3519.34 4682.7
0 298 0 1
298
-2466.36 -3512.71 4687.93
0 299 0 1
299
-2465.81 -3506.08 4693.18
0 300 0 1
300
-2464.79 -3499.46 4698.65
0 301 0 1
301
-2463.75 -3492.84 4704.12
0 302 0 1
302
-2462.7 -3486.22 4709.58
0 303 0 1
303
-2461.65 -3479.59 4715.03
0 304 0 1
304
-2460.58 -3472.97 4720.47
0 305 0 1
305
-2459.49 -3466.34 4725.9
0 306 0 1
306
-2458.89 -3459.69 4731.08
0 307 0 1
307
-2458.37 -3453.04 4736.2
0 308 0 1
308
-2457.85 -3446.39 4741.32
0 309 0 1
309
-2457.35 -3439.75 4746.4
0 310 0 1
310
-2457.3 -3433.12 4751.22
0 311 0 1
311
-2457.53 -3426.56 4755.84
0 312 0 1
312
-2458.76 -3420.22 4759.76
0 313 0 1
313
-2460.25 -3413.96 4763.48
0 314 0 1
314
-2461.79 -3407.74 4767.15
0 315 0 1
315
-2463.32 -3401.5 4770.8
0 316 0 1
316
-2464.9 -3395.3 4774.41
0 317 0 1
317
-2466.73 -3389.19 4777.8
0 318 0 1
318
-2468.55 -3383.09 4781.18
0 319 0 1
319
-2470.35 -3376.98 4784.57
0 320 0 1
320
-2472.14 -3370.87 4787.95
0 321 0 1
321
-2473.91 -3364.76 4791.33
0 322 0 1
322
-2475.68 -3358.65 4794.71
0 323 0 1
323
-2477.47 -3352.56 4798.04
0 324 0 1
324
-2479.25 -3346.46 4801.38
0 325 0 1
325
-2481.02 -3340.36 4804.71
0 326 0 1
326
-2482.77 -3334.26 4808.04
0 327 0 1
327
-2484.51 -3328.16 4811.37
0 328 0 1
328
-2486.24 -3322.06 4814.69
0 329 0 1
329
-2487.96 -3315.96 4818.01
0 330 0 1
330
-2489.66 -3309.85 4821.33
0 331 0 1
331
-2491.35 -3303.75 4824.64
0 332 0 1
332
-2493.03 -3297.64 4827.95
0 333 0 1
333
-2494.7 -3291.53 4831.26
0 334 0 1
334
-2496.27 -3285.39 4834.63
0 335 0 1
335
-2497.62 -3279.16 4838.16
0 336 0 1
336
-2498.95 -3272.93 4841.69
0 337 0 1
337
-2500.28 -3266.69 4845.21
0 338 0 1
338
-2501.59 -3260.46 4848.73
0 339 0 1
339
-2502.88 -3254.23 4852.25
0 340 0 1
340
-2504.17 -3247.99 4855.76
0 341 0 1
341
-2505.44 -3241.76 4859.27
0 342 0 1
342
-2738.06 -3995.84 4107.49
0 343 0 1
343
-2731.37 -3996.19 4111.6
0 344 0 1
344
-2724.68 -3997.02 4115.23
0 345 0 1
345
-2718.01 -3998.6 4118.11
0 346 0 1
346
-2711.42 -4000.74 4120.37
0 347 0 1
347
-2704.83 -4002.87 4122.64
0 348 0 1
348
-2698.24 -4004.99 4124.9
0 349 0 1
349
-2691.59 -4006.76 4127.53
0 350 0 1
350
-2684.92 -4008.43 4130.25
0 351 0 1
351
-2678.25 -4008.87 4134.14
0 352 0 1
352
-2671.77 -4008.39 4138.79
0 353 0 1
353
-2665.88 -4006.19 4144.72
0 354 0 1
354
-2661.5 -4001.99 4151.58
0 355 0 1
355
-2658.63 -3996.73 4158.49
0 356 0 1
356
-2656.67 -3990.99 4165.25
0 357 0 1
357
-2655.52 -3984.92 4171.79
0 358 0 1
358
-2654.96 -3978.71 4178.07
0 359 0 1
359
-2654.52 -3972.46 4184.29
0 360 0 1
360
-2654.06 -3966.21 4190.5
0 361 0 1
361
-2653.16 -3960.05 4196.89
0 362 0 1
362
-2652.12 -3953.92 4203.33
0 363 0 1
363
-2651.07 -3947.78 4209.76
0 364 0 1
364
-2649.69 -3941.72 4216.29
0 365 0 1
365
-2648.24 -3935.68 4222.85
0 366 0 1
366
-2646.85 -3929.61 4229.37
0 367 0 1
367
-2644.91 -3923.73 4236.04
0 368 0 1
368
-2642.89 -3917.86 4242.72
0 369 0 1
369
-2640.87 -3911.99 4249.4
0 370 0 1
370
-2638.83 -3906.11 4256.07
0 371 0 1
371
-2636.47 -3900.36 4262.8
0 372 0 1
372
-2634.08 -3894.61 4269.52
0 373 0 1
373
-2631.62 -3888.89 4276.25
0 374 0 1
374
-2629.02 -3883.22 4283
0 375 0 1
375
-2626.42 -3877.54 4289.73
0 376 0 1
376
-2623.81 -3871.85 4296.46
0 377 0 1
377
-2621.19 -3866.16 4303.18
0 378 0 1
378
-2618.49 -3860.51 4309.9
0 379 0 1
379
-2615.62 -3854.92 4316.63
0 380 0 1
380
-2612.75 -3849.33 4323.36
0 381 0 1
381
-2609.88 -3843.72 4330.07
0 382 0 1
382
-2606.89 -3838.18 4336.79
0 383 0 1
383
-2603.71 -3832.72 4343.52
0 384 0 1
384
-2600.53 -3827.26 4350.23
0 385 0 1
385
-2597.35 -3821.79 4356.94
0 386 0 1
386
-2593.98 -3816.41 4363.65
0 387 0 1
387
-2590.57 -3811.06 4370.35
0 388 0 1
388
-2587.16 -3805.69 4377.04
0 389 0 1
389
-2583.74 -3800.32 4383.73
0 390 0 1
390
-2580.33 -3794.93 4390.4
0 391 0 1
391
-2576.95 -3789.51 4397.06
0 392 0 1
392
-2573.57 -3784.08 4403.72
0 393 0 1
393
-2569.92 -3778.81 4410.36
0 394 0 1
394
-2566.26 -3773.54 4417
0 395 0 1
395
-2562.63 -3768.24 4423.63
0 396 0 1
396
-2559.05 -3762.89 4430.25
0 397 0 1
397
-2555.46 -3757.53 4436.86
0 398 0 1
398
-2551.87 -3752.17 4443.47
0 399 0 1
399
-2548.28 -3746.8 4450.06
0 400 0 1
400
-2544.68 -3741.41 4456.64
0 401 0 1
401
-2541.08 -3736.02 4463.21
0 402 0 1
402
-2537.48 -3730.62 4469.78
0 403 0 1
403
-2533.87 -3725.21 4476.33
0 404 0 1
404
-2530.25 -3719.79 4482.88
0 405 0 1
405
-2526.63 -3714.36 4489.41
0 406 0 1
406
-2523.01 -3708.93 4495.94
0 407 0 1
407
-2519.38 -3703.48 4502.46
0 408 0 1
408
-2515.76 -3698.03 4508.96
0 409 0 1
409
-2512.12 -3692.57 4515.46
0 410 0 1
410
-2508.49 -3687.1 4521.95
0 411 0 1
411
-2504.84 -3681.62 4528.43
0 412 0 1
412
-2501.19 -3676.13 4534.9
0 413 0 1
413
-2497.54 -3670.64 4541.36
0 414 0 1
414
-2493.9 -3665.12 4547.8
0 415 0 1
415
-2490.35 -3659.54 4554.24
0 416 0 1
416
-2486.79 -3653.96 4560.67
0 417 0 1
417
-2483.22 -3648.36 4567.09
0 418 0 1
418
-2479.54 -3642.83 4573.5
0 419 0 1
419
-2475.83 -3637.3 4579.9
0 420 0 1
420
-2472.11 -3631.77 4586.29
0 421 0 1
421
-2468.39 -3626.24 4592.67
0 422 0 1
422
-2464.99 -3620.49 4599.03
0 423 0 1
423
-2461.58 -3614.73 4605.38
0 424 0 1
424
-2458.4 -3608.86 4611.68
0 425 0 1
425
-2455.93 -3602.64 4617.85
0 426 0 1
426
-2453.55 -3596.38 4623.99
0 427 0 1
427
-2451.21 -3590.1 4630.11
0 428 0 1
428
-2449.09 -3583.75 4636.15
0 429 0 1
429
-2447.16 -3577.33 4642.12
0 430 0 1
430
-2445.63 -3570.83 4647.93
0 431 0 1
431
-2444.33 -3564.28 4653.64
0 432 0 1
432
-2443.16 -3557.71 4659.28
0 433 0 1
433
-2442.41 -3551.1 4664.71
0 434 0 1
434
-2441.65 -3544.48 4670.14
0 435 0 1
435
-2440.88 -3537.86 4675.56
0 436 0 1
436
-2440.22 -3531.24 4680.91
0 437 0 1
437
-2439.6 -3524.61 4686.22
0 438 0 1
438
-2438.97 -3517.98 4691.53
0 439 0 1
439
-2438.35 -3511.34 4696.82
0 440 0 1
440
-2437.74 -3504.71 4702.09
0 441 0 1
441
-2437.12 -3498.07 4707.35
0 442 0 1
442
-2436.48 -3491.43 4712.61
0 443 0 1
443
-2435.84 -3484.79 4717.86
0 444 0 1
444
-2435.1 -3478.14 4723.14
0 445 0 1
445
-2434.29 -3471.5 4728.44
0 446 0 1
446
-2433.48 -3464.85 4733.73
0 447 0 1
447
-2432.87 -3458.2 4738.91
0 448 0 1
448
-2432.3 -3451.54 4744.05
0 449 0 1
449
-2431.95 -3444.91 4749.04
0 450 0 1
450
-2432.34 -3438.36 4753.59
0 451 0 1
451
-2433.27 -3431.94 4757.75
0 452 0 1
452
-2434.58 -3425.62 4761.63
0 453 0 1
453
-2435.88 -3419.31 4765.5
0 454 0 1
454
-2437.68 -3413.2 4768.96
0 455 0 1
455
-2439.67 -3407.16 4772.26
0 456 0 1
456
-2441.65 -3401.13 4775.55
0 457 0 1
457
-2443.61 -3395.09 4778.84
0 458 0 1
458
-2445.56 -3389.05 4782.13
0 459 0 1
459
-2447.56 -3383.04 4785.36
0 460 0 1
460
-2449.61 -3377.05 4788.54
0 461 0 1
461
-2451.64 -3371.07 4791.72
0 462 0 1
462
-2453.66 -3365.08 4794.9
0 463 0 1
463
-2455.66 -3359.08 4798.07
0 464 0 1
464
-2457.66 -3353.09 4801.24
0 465 0 1
465
-2459.64 -3347.1 4804.41
0 466 0 1
466
-2461.61 -3341.1 4807.57
0 467 0 1
467
-2463.57 -3335.1 4810.73
0 468 0 1
468
-2465.36 -3329.03 4814.02
0 469 0 1
469
-2467.13 -3322.95 4817.31
0 470 0 1
470
-2468.88 -3316.87 4820.6
0 471 0 1
471
-2470.63 -3310.8 4823.88
0 472 0 1
472
-2472.35 -3304.71 4827.17
0 473 0 1
473
-2474.04 -3298.62 4830.47
0 474 0 1
474
-2475.73 -3292.52 4833.76
0 475 0 1
475
-2477.38 -3286.42 4837.07
0 476 0 1
476
-2478.76 -3280.21 4840.57
0 477 0 1
477
-2480.13 -3274 4844.08
0 478 0 1
478
-2481.49 -3267.79 4847.57
0 479 0 1
479
-2482.84 -3261.57 4851.07
0 480 0 1
480
-2484.02 -3255.3 4854.67
0 481 0 1
481
-2485.19 -3249.03 4858.27
0 482 0 1
482
-2486.35 -3242.76 4861.87
0 483 0 1
483
-2701.36 -4039.31 4081.47
0 484 0 1
484
-2694.74 -4039.16 4085.98
0 485 0 1
485
-2688.12 -4039.01 4090.5
0 486 0 1
486
-2681.5 -4038.84 4095.01
0 487 0 1
487
-2674.88 -4038.65 4099.52
0 488 0 1
488
-2668.34 -4038.16 4104.26
0 489 0 1
489
-2661.93 -4037.16 4109.41
0 490 0 1
490
-2656 -4035.19 4115.17
0 491 0 1
491
-2650.51 -4032.32 4121.51
0 492 0 1
492
-2645.8 -4028.52 4128.25
0 493 0 1
493
-2641.91 -4023.97 4135.18
0 494 0 1
494
-2638.64 -4018.93 4142.16
0 495 0 1
495
-2636 -4013.49 4149.1
0 496 0 1
496
-2634.28 -4007.72 4155.77
0 497 0 1
497
-2633.97 -4001.52 4161.95
0 498 0 1
498
-2635.37 -3995.2 4167.13
0 499 0 1
499
-2636.76 -3988.87 4172.31
0 500 0 1
500
-2637.47 -3982.53 4177.91
0 501 0 1
501
-2638.08 -3976.17 4183.57
0 502 0 1
502
-2636.82 -3970.12 4190.12
0 503 0 1
503
-2635.35 -3964.12 4196.71
0 504 0 1
504
-2633.63 -3958.2 4203.38
0 505 0 1
505
-2631.89 -3952.27 4210.04
0 506 0 1
506
-2630.14 -3946.34 4216.69
0 507 0 1
507
-2628.39 -3940.41 4223.33
0 508 0 1
508
-2626.34 -3934.57 4230.03
0 509 0 1
509
-2624.15 -3928.79 4236.76
0 510 0 1
510
-2621.96 -3922.99 4243.49
0 511 0 1
511
-2619.75 -3917.2 4250.2
0 512 0 1
512
-2617.31 -3911.5 4256.95
0 513 0 1
513
-2614.68 -3905.88 4263.72
0 514 0 1
514
-2612.04 -3900.25 4270.49
0 515 0 1
515
-2609.39 -3894.61 4277.24
0 516 0 1
516
-2606.73 -3888.97 4283.99
0 517 0 1
517
-2604.04 -3883.34 4290.73
0 518 0 1
518
-2601.35 -3877.69 4297.46
0 519 0 1
519
-2598.65 -3872.04 4304.18
0 520 0 1
520
-2595.87 -3866.42 4310.91
0 521 0 1
521
-2592.97 -3860.86 4317.64
0 522 0 1
522
-2590.06 -3855.29 4324.36
0 523 0 1
523
-2587.14 -3849.71 4331.07
0 524 0 1
524
-2584.2 -3844.13 4337.78
0 525 0 1
525
-2581.15 -3838.6 4344.49
0 526 0 1
526
-2578.09 -3833.06 4351.18
0 527 0 1
527
-2575.03 -3827.52 4357.87
0 528 0 1
528
-2571.88 -3822.01 4364.56
0 529 0 1
529
-2568.65 -3816.54 4371.24
0 530 0 1
530
-2565.41 -3811.07 4377.91
0 531 0 1
531
-2562.07 -3805.64 4384.58
0 532 0 1
532
-2558.61 -3800.29 4391.25
0 533 0 1
533
-2555.15 -3794.92 4397.9
0 534 0 1
534
-2551.67 -3789.54 4404.55
0 535 0 1
535
-2548.07 -3784.25 4411.18
0 536 0 1
536
-2544.45 -3778.94 4417.81
0 537 0 1
537
-2540.83 -3773.63 4424.43
0 538 0 1
538
-2537.21 -3768.31 4431.04
0 539 0 1
539
-2533.7 -3762.9 4437.64
0 540 0 1
540
-2530.26 -3757.44 4444.23
0 541 0 1
541
-2526.81 -3751.97 4450.8
0 542 0 1
542
-2523.35 -3746.49 4457.37
0 543 0 1
543
-2519.89 -3741.01 4463.93
0 544 0 1
544
-2516.42 -3735.52 4470.48
0 545 0 1
545
-2512.84 -3730.09 4477.03
0 546 0 1
546
-2509.25 -3724.65 4483.56
0 547 0 1
547
-2505.66 -3719.21 4490.08
0 548 0 1
548
-2502.03 -3713.78 4496.6
0 549 0 1
549
-2498.31 -3708.4 4503.1
0 550 0 1
550
-2494.58 -3703.01 4509.6
0 551 0 1
551
-2490.77 -3697.67 4516.08
0 552 0 1
552
-2486.85 -3692.4 4522.55
0 553 0 1
553
-2482.92 -3687.12 4529.01
0 554 0 1
554
-2479 -3681.83 4535.46
0 555 0 1
555
-2475.21 -3676.42 4541.91
0 556 0 1
556
-2471.42 -3671.01 4548.35
0 557 0 1
557
-2467.62 -3665.6 4554.78
0 558 0 1
558
-2463.71 -3660.25 4561.19
0 559 0 1
559
-2459.59 -3655.05 4567.58
0 560 0 1
560
-2455.46 -3649.84 4573.96
0 561 0 1
561
-2451.33 -3644.63 4580.33
0 562 0 1
562
-2447.33 -3639.3 4586.7
0 563 0 1
563
-2443.46 -3633.87 4593.06
0 564 0 1
564
-2439.86 -3628.25 4599.42
0 565 0 1
565
-2436.4 -3622.51 4605.76
0 566 0 1
566
-2433.03 -3616.72 4612.09
0 567 0 1
567
-2429.71 -3610.9 4618.4
0 568 0 1
568
-2426.38 -3605.07 4624.71
0 569 0 1
569
-2423.38 -3599.05 4630.96
0 570 0 1
570
-2420.43 -3593.01 4637.19
0 571 0 1
571
-2417.71 -3586.86 4643.36
0 572 0 1
572
-2415.5 -3580.52 4649.41
0 573 0 1
573
-2413.28 -3574.16 4655.44
0 574 0 1
574
-2412 -3567.61 4661.13
0 575 0 1
575
-2410.9 -3561.03 4666.73
0 576 0 1
576
-2410.61 -3554.41 4671.92
0 577 0 1
577
-2410.3 -3547.78 4677.11
0 578 0 1
578
-2409.98 -3541.16 4682.29
0 579 0 1
579
-2409.65 -3534.53 4687.47
0 580 0 1
580
-2409.31 -3527.9 4692.64
0 581 0 1
581
-2409 -3521.27 4697.77
0 582 0 1
582
-2408.74 -3514.64 4702.87
0 583 0 1
583
-2408.47 -3508.01 4707.96
0 584 0 1
584
-2408.18 -3501.38 4713.04
0 585 0 1
585
-2407.75 -3494.74 4718.18
0 586 0 1
586
-2407.28 -3488.09 4723.34
0 587 0 1
587
-2406.8 -3481.45 4728.48
0 588 0 1
588
-2405.83 -3474.81 4733.86
0 589 0 1
589
-2404.74 -3468.17 4739.28
0 590 0 1
590
-2403.64 -3461.53 4744.69
0 591 0 1
591
-2403.64 -3454.95 4749.48
0 592 0 1
592
-2404.02 -3448.39 4754.05
0 593 0 1
593
-2405.33 -3442.08 4757.96
0 594 0 1
594
-2406.91 -3435.87 4761.65
0 595 0 1
595
-2409 -3429.88 4764.91
0 596 0 1
596
-2411.08 -3423.89 4768.17
0 597 0 1
597
-2413.22 -3417.93 4771.35
0 598 0 1
598
-2415.56 -3412.08 4774.36
0 599 0 1
599
-2417.88 -3406.22 4777.37
0 600 0 1
600
-2420.19 -3400.37 4780.37
0 601 0 1
601
-2422.49 -3394.51 4783.37
0 602 0 1
602
-2424.75 -3388.64 4786.38
0 603 0 1
603
-2427.01 -3382.76 4789.39
0 604 0 1
604
-2429.25 -3376.89 4792.4
0 605 0 1
605
-2431.48 -3371.01 4795.41
0 606 0 1
606
-2433.74 -3365.15 4798.38
0 607 0 1
607
-2436.04 -3359.32 4801.29
0 608 0 1
608
-2438.33 -3353.49 4804.2
0 609 0 1
609
-2440.61 -3347.66 4807.11
0 610 0 1
610
-2442.88 -3341.82 4810.02
0 611 0 1
611
-2445.09 -3335.96 4812.97
0 612 0 1
612
-2447.24 -3330.07 4815.95
0 613 0 1
613
-2449.39 -3324.19 4818.92
0 614 0 1
614
-2451.52 -3318.3 4821.89
0 615 0 1
615
-2453.52 -3312.35 4824.96
0 616 0 1
616
-2455.06 -3306.19 4828.4
0 617 0 1
617
-2456.59 -3300.04 4831.84
0 618 0 1
618
-2458.11 -3293.88 4835.27
0 619 0 1
619
-2459.61 -3287.72 4838.69
0 620 0 1
620
-2460.91 -3281.48 4842.26
0 621 0 1
621
-2462.14 -3275.22 4845.88
0 622 0 1
622
-2463.35 -3268.96 4849.49
0 623 0 1
623
-2464.55 -3262.7 4853.1
0 624 0 1
624
-2465.31 -3256.29 4857.01
0 625 0 1
625
-2466 -3249.87 4860.96
0 626 0 1
626
-2466.68 -3243.45 4864.9
0 627 0 1
627
-2467.34 -3237.03 4868.84
0 628 0 1
628
-2467.99 -3230.6 4872.78
0 629 0 1
629
-2468.63 -3224.18 4876.71
0 630 0 1
630
-2685.16 -4055.58 4068.23
0 631 0 1
631
-2678.68 -4054.86 4073.21
0 632 0 1
632
-2672.2 -4054.13 4078.19
0 633 0 1
633
-2665.72 -4053.38 4083.17
0 634 0 1
634
-2659.5 -4051.96 4088.64
0 635 0 1
635
-2653.4 -4050.2 4094.34
0 636 0 1
636
-2647.56 -4047.98 4100.31
0 637 0 1
637
-2642.02 -4045.22 4106.61
0 638 0 1
638
-2636.91 -4041.94 4113.12
0 639 0 1
639
-2632.74 -4037.63 4120.01
0 640 0 1
640
-2629.32 -4032.7 4127.02
0 641 0 1
641
-2626.3 -4027.52 4134
0 642 0 1
642
-2623.87 -4022.02 4140.89
0 643 0 1
643
-2622.3 -4016.13 4147.6
0 644 0 1
644
-2621.45 -4010.01 4154.05
0 645 0 1
645
-2621.13 -4003.8 4160.23
0 646 0 1
646
-2621.42 -3997.48 4166.12
0 647 0 1
647
-2621.79 -3991.16 4171.95
0 648 0 1
648
-2622.24 -3984.82 4177.72
0 649 0 1
649
-2622.27 -3978.52 4183.7
0 650 0 1
650
-2621.91 -3972.28 4189.86
0 651 0 1
651
-2620.08 -3966.41 4196.56
0 652 0 1
652
-2618.17 -3960.56 4203.27
0 653 0 1
653
-2615.92 -3954.84 4210.05
0 654 0 1
654
-2613.4 -3949.25 4216.86
0 655 0 1
655
-2610.51 -3943.83 4223.71
0 656 0 1
656
-2607.62 -3938.4 4230.56
0 657 0 1
657
-2604.72 -3932.96 4237.4
0 658 0 1
658
-2601.81 -3927.52 4244.22
0 659 0 1
659
-2598.98 -3922.02 4251.04
0 660 0 1
660
-2596.15 -3916.52 4257.84
0 661 0 1
661
-2593.3 -3911.01 4264.63
0 662 0 1
662
-2590.45 -3905.49 4271.42
0 663 0 1
663
-2587.58 -3899.97 4278.19
0 664 0 1
664
-2584.71 -3894.44 4284.96
0 665 0 1
665
-2581.83 -3888.91 4291.72
0 666 0 1
666
-2578.93 -3883.37 4298.47
0 667 0 1
667
-2576.04 -3877.82 4305.21
0 668 0 1
668
-2573.09 -3872.28 4311.95
0 669 0 1
669
-2570.13 -3866.75 4318.68
0 670 0 1
670
-2567.16 -3861.21 4325.4
0 671 0 1
671
-2564.19 -3855.66 4332.11
0 672 0 1
672
-2561.27 -3850.07 4338.8
0 673 0 1
673
-2558.34 -3844.47 4345.49
0 674 0 1
674
-2555.36 -3838.89 4352.17
0 675 0 1
675
-2552.12 -3833.45 4358.86
0 676 0 1
676
-2548.88 -3827.99 4365.54
0 677 0 1
677
-2545.64 -3822.53 4372.21
0 678 0 1
678
-2542.38 -3817.07 4378.88
0 679 0 1
679
-2539.11 -3811.6 4385.54
0 680 0 1
680
-2535.83 -3806.13 4392.18
0 681 0 1
681
-2532.49 -3800.68 4398.82
0 682 0 1
682
-2529.06 -3795.27 4405.46
0 683 0 1
683
-2525.63 -3789.86 4412.08
0 684 0 1
684
-2522.19 -3784.44 4418.7
0 685 0 1
685
-2518.75 -3779.01 4425.3
0 686 0 1
686
-2515.28 -3773.59 4431.9
0 687 0 1
687
-2511.71 -3768.21 4438.49
0 688 0 1
688
-2508.14 -3762.83 4445.07
0 689 0 1
689
-2504.56 -3757.44 4451.64
0 690 0 1
690
-2501.04 -3752.01 4458.19
0 691 0 1
691
-2497.7 -3746.45 4464.74
0 692 0 1
692
-2494.36 -3740.88 4471.27
0 693 0 1
693
-2491.01 -3735.3 4477.8
0 694 0 1
694
-2487.52 -3729.81 4484.31
0 695 0 1
695
-2483.79 -3724.45 4490.83
0 696 0 1
696
-2480.06 -3719.09 4497.33
0 697 0 1
697
-2476.32 -3713.72 4503.82
0 698 0 1
698
-2472.77 -3708.21 4510.31
0 699 0 1
699
-2469.24 -3702.68 4516.78
0 700 0 1
700
-2465.69 -3697.15 4523.24
0 701 0 1
701
-2462.15 -3691.6 4529.7
0 702 0 1
702
-2458.59 -3686.05 4536.14
0 703 0 1
703
-2455.02 -3680.51 4542.58
0 704 0 1
704
-2451.22 -3675.1 4549.01
0 705 0 1
705
-2447.41 -3669.69 4555.42
0 706 0 1
706
-2443.36 -3664.44 4561.81
0 707 0 1
707
-2439.28 -3659.21 4568.19
0 708 0 1
708
-2435.13 -3654.03 4574.55
0 709 0 1
709
-2430.59 -3649.17 4580.84
0 710 0 1
710
-2426.03 -3644.33 4587.11
0 711 0 1
711
-2420.55 -3640.6 4592.96
0 712 0 1
712
-2415.07 -3636.86 4598.8
0 713 0 1
713
-2410 -3632.6 4604.83
0 714 0 1
714
-2405.29 -3627.85 4611.03
0 715 0 1
715
-2401.03 -3622.69 4617.3
0 716 0 1
716
-2396.97 -3617.34 4623.6
0 717 0 1
717
-2393.66 -3611.52 4629.86
0 718 0 1
718
-2390.71 -3605.48 4636.09
0 719 0 1
719
-2388.29 -3599.21 4642.21
0 720 0 1
720
-2385.97 -3592.9 4648.28
0 721 0 1
721
-2384.32 -3586.4 4654.14
0 722 0 1
722
-2382.84 -3579.88 4659.92
0 723 0 1
723
-2381.68 -3573.29 4665.56
0 724 0 1
724
-2380.63 -3566.7 4671.14
0 725 0 1
725
-2380.04 -3560.08 4676.49
0 726 0 1
726
-2379.71 -3553.46 4681.69
0 727 0 1
727
-2379.63 -3546.84 4686.74
0 728 0 1
728
-2379.42 -3540.22 4691.85
0 729 0 1
729
-2379.19 -3533.59 4696.96
0 730 0 1
730
-2379.14 -3526.98 4701.96
0 731 0 1
731
-2379.11 -3520.36 4706.93
0 732 0 1
732
-2378.66 -3513.73 4712.11
0 733 0 1
733
-2378.1 -3507.08 4717.34
0 734 0 1
734
-2377.66 -3500.44 4722.49
0 735 0 1
735
-2377.46 -3493.81 4727.5
0 736 0 1
736
-2377.29 -3487.18 4732.48
0 737 0 1
737
-2378.02 -3480.69 4736.89
0 738 0 1
738
-2378.73 -3474.19 4741.3
0 739 0 1
739
-2379.43 -3467.7 4745.7
0 740 0 1
740
-2380.36 -3461.27 4749.92
0 741 0 1
741
-2381.36 -3454.85 4754.1
0 742 0 1
742
-2382.33 -3448.43 4758.26
0 743 0 1
743
-2383.59 -3442.1 4762.22
0 744 0 1
744
-2384.84 -3435.77 4766.16
0 745 0 1
745
-2386.86 -3429.77 4769.47
0 746 0 1
746
-2389.01 -3423.82 4772.67
0 747 0 1
747
-2391.26 -3417.93 4775.76
0 748 0 1
748
-2393.66 -3412.13 4778.71
0 749 0 1
749
-2396.06 -3406.32 4781.65
0 750 0 1
750
-2398.44 -3400.52 4784.59
0 751 0 1
751
-2400.93 -3394.78 4787.41
0 752 0 1
752
-2403.46 -3389.07 4790.19
0 753 0 1
753
-2405.98 -3383.35 4792.96
0 754 0 1
754
-2408.46 -3377.62 4795.76
0 755 0 1
755
-2410.91 -3371.87 4798.57
0 756 0 1
756
-2413.35 -3366.12 4801.38
0 757 0 1
757
-2415.82 -3360.4 4804.15
0 758 0 1
758
-2418.34 -3354.71 4806.85
0 759 0 1
759
-2420.86 -3349.02 4809.55
0 760 0 1
760
-2423.3 -3343.29 4812.3
0 761 0 1
761
-2425.42 -3337.39 4815.33
0 762 0 1
762
-2427.53 -3331.49 4818.35
0 763 0 1
763
-2429.63 -3325.59 4821.37
0 764 0 1
764
-2431.75 -3319.71 4824.35
0 765 0 1
765
-2433.87 -3313.82 4827.33
0 766 0 1
766
-2435.71 -3307.82 4830.52
0 767 0 1
767
-2437.16 -3301.63 4834.02
0 768 0 1
768
-2438.6 -3295.44 4837.52
0 769 0 1
769
-2439.94 -3289.23 4841.07
0 770 0 1
770
-2441.07 -3282.93 4844.77
0 771 0 1
771
-2442.03 -3276.59 4848.58
0 772 0 1
772
-2442.91 -3270.22 4852.44
0 773 0 1
773
-2443.73 -3263.83 4856.32
0 774 0 1
774
-2444.41 -3257.4 4860.3
0 775 0 1
775
-2444.82 -3250.92 4864.42
0 776 0 1
776
-2444.64 -3244.31 4868.93
0 777 0 1
777
-2444.48 -3237.71 4873.4
0 778 0 1
778
-2444.43 -3231.13 4877.8
0 779 0 1
779
-2444.35 -3224.54 4882.19
0 780 0 1
780
-2667.09 -4066.1 4061.81
0 781 0 1
781
-2661.08 -4064.23 4067.63
0 782 0 1
782
-2655.08 -4062.3 4073.47
0 783 0 1
783
-2649.38 -4059.83 4079.64
0 784 0 1
784
-2643.77 -4057.21 4085.88
0 785 0 1
785
-2638.24 -4054.47 4092.17
0 786 0 1
786
-2632.88 -4051.49 4098.56
0 787 0 1
787
-2628.29 -4047.58 4105.37
0 788 0 1
788
-2623.87 -4043.49 4112.22
0 789 0 1
789
-2619.6 -4039.25 4119.11
0 790 0 1
790
-2616.26 -4034.28 4126.09
0 791 0 1
791
-2613.29 -4029.09 4133.05
0 792 0 1
792
-2611.24 -4023.39 4139.89
0 793 0 1
793
-2609.97 -4017.43 4146.47
0 794 0 1
794
-2609.19 -4011.3 4152.89
0 795 0 1
795
-2608.98 -4005.07 4159.03
0 796 0 1
796
-2609.18 -3998.77 4164.96
0 797 0 1
797
-2609.64 -3992.44 4170.74
0 798 0 1
798
-2610.19 -3986.11 4176.45
0 799 0 1
799
-2609.78 -3979.88 4182.64
0 800 0 1
800
-2609.07 -3973.7 4188.95
0 801 0 1
801
-2607.04 -3967.91 4195.7
0 802 0 1
802
-2604.82 -3962.21 4202.47
0 803 0 1
803
-2602.02 -3956.76 4209.33
0 804 0 1
804
-2599.22 -3951.3 4216.18
0 805 0 1
805
-2596.42 -3945.84 4223.02
0 806 0 1
806
-2593.6 -3940.37 4229.85
0 807 0 1
807
-2590.68 -3934.95 4236.68
0 808 0 1
808
-2587.72 -3929.54 4243.51
0 809 0 1
809
-2584.75 -3924.12 4250.32
0 810 0 1
810
-2581.74 -3918.71 4257.14
0 811 0 1
811
-2578.71 -3913.31 4263.94
0 812 0 1
812
-2575.67 -3907.89 4270.73
0 813 0 1
813
-2572.63 -3902.47 4277.52
0 814 0 1
814
-2569.58 -3897.04 4284.3
0 815 0 1
815
-2566.53 -3891.61 4291.06
0 816 0 1
816
-2563.43 -3886.18 4297.82
0 817 0 1
817
-2560.29 -3880.77 4304.58
0 818 0 1
818
-2557.15 -3875.35 4311.32
0 819 0 1
819
-2554.01 -3869.92 4318.06
0 820 0 1
820
-2550.86 -3864.49 4324.79
0 821 0 1
821
-2547.7 -3859.04 4331.5
0 822 0 1
822
-2544.53 -3853.59 4338.21
0 823 0 1
823
-2541.36 -3848.13 4344.91
0 824 0 1
824
-2538.13 -3842.7 4351.61
0 825 0 1
825
-2534.85 -3837.28 4358.29
0 826 0 1
826
-2531.57 -3831.86 4364.97
0 827 0 1
827
-2528.19 -3826.48 4371.64
0 828 0 1
828
-2524.72 -3821.15 4378.3
0 829 0 1
829
-2521.24 -3815.81 4384.95
0 830 0 1
830
-2517.87 -3810.39 4391.6
0 831 0 1
831
-2514.51 -3804.96 4398.23
0 832 0 1
832
-2511.15 -3799.51 4404.85
0 833 0 1
833
-2507.78 -3794.06 4411.47
0 834 0 1
834
-2504.41 -3788.6 4418.07
0 835 0 1
835
-2500.91 -3783.21 4424.67
0 836 0 1
836
-2497.36 -3777.84 4431.26
0 837 0 1
837
-2493.84 -3772.44 4437.84
0 838 0 1
838
-2490.4 -3766.97 4444.4
0 839 0 1
839
-2486.96 -3761.5 4450.96
0 840 0 1
840
-2483.52 -3756.01 4457.51
0 841 0 1
841
-2479.8 -3750.7 4464.05
0 842 0 1
842
-2476.07 -3745.38 4470.58
0 843 0 1
843
-2472.34 -3740.05 4477.1
0 844 0 1
844
-2468.6 -3734.72 4483.61
0 845 0 1
845
-2464.89 -3729.36 4490.12
0 846 0 1
846
-2461.16 -3723.99 4496.61
0 847 0 1
847
-2457.44 -3718.61 4503.09
0 848 0 1
848
-2453.66 -3713.26 4509.56
0 849 0 1
849
-2449.78 -3707.96 4516.02
0 850 0 1
850
-2445.91 -3702.66 4522.47
0 851 0 1
851
-2442.03 -3697.35 4528.91
0 852 0 1
852
-2438.1 -3692.06 4535.34
0 853 0 1
853
-2434.16 -3686.76 4541.75
0 854 0 1
854
-2430.14 -3681.52 4548.16
0 855 0 1
855
-2426.07 -3676.31 4554.54
0 856 0 1
856
-2421.99 -3671.09 4560.92
0 857 0 1
857
-2417.94 -3665.83 4567.29
0 858 0 1
858
-2413.94 -3660.53 4573.66
0 859 0 1
859
-2409.28 -3655.82 4579.87
0 860 0 1
860
-2404.29 -3651.47 4585.97
0 861 0 1
861
-2398.77 -3647.81 4591.76
0 862 0 1
862
-2393.29 -3644.08 4597.58
0 863 0 1
863
-2387.85 -3640.28 4603.41
0 864 0 1
864
-2382.86 -3635.9 4609.46
0 865 0 1
865
-2378.1 -3631.21 4615.62
0 866 0 1
866
-2374.04 -3625.86 4621.9
0 867 0 1
867
-2370.01 -3620.48 4628.18
0 868 0 1
868
-2366.73 -3614.6 4634.45
0 869 0 1
869
-2363.44 -3608.72 4640.71
0 870 0 1
870
-2360.96 -3602.47 4646.83
0 871 0 1
871
-2358.49 -3596.2 4652.93
0 872 0 1
872
-2356.56 -3589.77 4658.87
0 873 0 1
873
-2354.75 -3583.29 4664.77
0 874 0 1
874
-2353.13 -3576.77 4670.59
0 875 0 1
875
-2351.99 -3570.18 4676.2
0 876 0 1
876
-2350.99 -3563.57 4681.74
0 877 0 1
877
-2349.99 -3556.96 4687.27
0 878 0 1
878
-2349.26 -3550.32 4692.66
0 879 0 1
879
-2348.56 -3543.69 4698.03
0 880 0 1
880
-2348.01 -3537.05 4703.3
0 881 0 1
881
-2347.44 -3530.41 4708.57
0 882 0 1
882
-2346.96 -3523.77 4713.78
0 883 0 1
883
-2346.99 -3517.16 4718.7
0 884 0 1
884
-2347.01 -3510.54 4723.62
0 885 0 1
885
-2347.17 -3503.95 4728.43
0 886 0 1
886
-2347.41 -3497.36 4733.18
0 887 0 1
887
-2347.68 -3490.78 4737.91
0 888 0 1
888
-2348.96 -3484.45 4741.93
0 889 0 1
889
-2350.22 -3478.11 4745.95
0 890 0 1
890
-2351.48 -3471.78 4749.97
0 891 0 1
891
-2352.72 -3465.44 4753.98
0 892 0 1
892
-2354.49 -3459.3 4757.57
0 893 0 1
893
-2356.29 -3453.18 4761.13
0 894 0 1
894
-2358.06 -3447.05 4764.69
0 895 0 1
895
-2360.05 -3441.03 4768.06
0 896 0 1
896
-2362.51 -3435.26 4771
0 897 0 1
897
-2364.96 -3429.48 4773.94
0 898 0 1
898
-2367.37 -3423.68 4776.91
0 899 0 1
899
-2369.72 -3417.85 4779.92
0 900 0 1
900
-2372.06 -3412.02 4782.92
0 901 0 1
901
-2374.39 -3406.2 4785.92
0 902 0 1
902
-2376.78 -3400.4 4788.85
0 903 0 1
903
-2379.15 -3394.61 4791.78
0 904 0 1
904
-2381.57 -3388.84 4794.66
0 905 0 1
905
-2384 -3383.09 4797.52
0 906 0 1
906
-2386.42 -3377.33 4800.37
0 907 0 1
907
-2388.82 -3371.57 4803.22
0 908 0 1
908
-2391.22 -3365.81 4806.07
0 909 0 1
909
-2393.6 -3360.05 4808.92
0 910 0 1
910
-2395.97 -3354.28 4811.76
0 911 0 1
911
-2398.16 -3348.42 4814.75
0 912 0 1
912
-2400.25 -3342.51 4817.81
0 913 0 1
913
-2402.34 -3336.6 4820.87
0 914 0 1
914
-2404.41 -3330.7 4823.92
0 915 0 1
915
-2406.01 -3324.57 4827.34
0 916 0 1
916
-2407.51 -3318.4 4830.84
0 917 0 1
917
-2408.99 -3312.24 4834.33
0 918 0 1
918
-2410.47 -3306.07 4837.82
0 919 0 1
919
-2411.48 -3299.73 4841.63
0 920 0 1
920
-2412.45 -3293.38 4845.47
0 921 0 1
921
-2413.35 -3287.01 4849.35
0 922 0 1
922
-2414.06 -3280.59 4853.34
0 923 0 1
923
-2414.76 -3274.17 4857.33
0 924 0 1
924
-2415.31 -3267.71 4861.4
0 925 0 1
925
-2415.24 -3261.12 4865.86
0 926 0 1
926
-2415.16 -3254.52 4870.32
0 927 0 1
927
-2414.98 -3247.91 4874.81
0 928 0 1
928
-2414.64 -3241.28 4879.4
0 929 0 1
929
-2414.28 -3234.65 4883.98
0 930 0 1
930
-2413.9 -3228.01 4888.55
0 931 0 1
931
-2413.51 -3221.37 4893.12
1 1 0 54
932
933
934
935
936
937
938
939
940
941
942
943
944
945
946
947
948
949
950
951
952
953
954
955
956
957
958
959
960
961
962
963
964
965
966
967
968
969
970
971
972
973
974
975
976
977
978
979
980
981
982
983
984
985
-2773.880041842073 -3963.868024232909 4139.859141217821
-2763.857181382618 -3955.340047616718 4154.689175291569
-2756.274323575431 -3944.874682998137 4169.646432697814
-2756.901231929686 -3930.155824879501 4183.109418398953
-2755.227284129484 -3916.240214913831 4197.248845356969
-2752.498215681407 -3902.677237329348 4211.641208305139
-2751.156718708845 -3888.49220790869 4225.61562255413
-2744.495138711254 -3877.364519344196 4240.149974467346
-2737.487159098137 -3866.163231336236 4254.880137403049
-2731.863887286711 -3853.903880560868 4269.589159235726
-2721.550283404392 -3845.108668087992 4284.077897413465
-2708.276797972508 -3840.187443383362 4296.882692471578
-2706.852019623089 -3826.495267919581 4309.97861128757
-2699.579288725134 -3815.07196230534 4324.646096597466
-2692.101142223683 -3803.732464334702 4339.271904452638
-2687.706742425787 -3790.858158518626 4353.235241014871
-2685.170746352377 -3776.712456592827 4367.07599561013
-2682.094062563404 -3762.856620349127 4380.908142507293
-2674.021310269784 -3751.714117930223 4395.367272736757
-2665.107581114507 -3741.187484957848 4409.742650068012
-2654.588853650751 -3731.977692502607 4423.867723058842
-2643.429177020679 -3724.46202884288 4436.858265010684
-2635.839461140545 -3712.771482432016 4451.153461251172
-2627.720488964089 -3701.387978403887 4465.407986451762
-2622.665257607677 -3688.802333220131 4478.775742771423
-2616.353328099403 -3676.534524560341 4492.529029047586
-2607.980413543234 -3665.179280406099 4506.657704046755
-2601.710955102914 -3652.429056212567 4520.617322058325
-2596.052841002563 -3639.229896341135 4534.490586673141
-2590.911626543055 -3625.701426314515 4548.239625101679
-2586.02510079257 -3611.994158807622 4561.912048537893
-2581.066962436058 -3598.273015729845 4575.544326673452
-2576.604254960405 -3584.253476460702 4589.043611721336
-2572.115024728214 -3570.201363253102 4602.500184790527
-2567.082347924505 -3556.369574372362 4615.992414864269
-2561.984318432807 -3542.531783484255 4629.453654558669
-2557.715136052108 -3528.225847177056 4642.711815714249
-2553.329434188268 -3513.936440018118 4655.946600868055
-2547.235425606092 -3500.489459127188 4669.388121558231
-2541.095300907357 -3487.037088748851 4682.789056043972
-2540.19530839722 -3471.271447977952 4694.97021887236
-2539.377483567976 -3455.422114423963 4707.08739443273
-2537.182737752201 -3440.026292945457 4719.524916665628
-2533.646539295452 -3425.100589697049 4732.270667759113
-2533.818681019173 -3408.865254913684 4743.884592890665
-2534.054172499656 -3392.577376611513 4755.418693609626
-2535.752566783286 -3375.949448205744 4766.336929848443
-2538.850818427547 -3359.214778913726 4776.505527324368
-2546.207210759308 -3342.407042288656 4784.372847535747
-2552.740289311361 -3325.470896353928 4792.682679922664
-2556.341724762161 -3308.649043975762 4802.401124252758
-2556.363687329666 -3292.388962231847 4813.545207299495
-2547.554054003211 -3280.116873329036 4826.579888330561
-2538.836596979058 -3267.721544706899 4839.564074268431
1 2 0 55
986
987
988
989
990
991
992
993
994
995
996
997
998
999
1000
1001
1002
1003
1004
1005
1006
1007
1008
1009
1010
1011
1012
1013
1014
1015
1016
1017
1018
1019
1020
1021
1022
1023
1024
1025
1026
1027
1028
1029
1030
1031
1032
1033
1034
1035
1036
1037
1038
1039
1040
-2754.977743885278 -3969.712341430019 4136.882583426127
-2745.667374692333 -3960.659992454697 4151.729658351025
-2735.462023051323 -3952.315580133474 4166.385761400104
-2722.316321647957 -3946.97228638454 4180.040990247872
-2712.139507496506 -3938.520128879554 4194.597637333392
-2704.552512494625 -3927.982818289939 4209.351907849312
-2699.128322794938 -3915.957499276228 4224.017808249425
-2694.098701502841 -3903.657322834693 4238.591160916432
-2689.320389012506 -3891.159954653669 4253.08649262492
-2684.335503402119 -3878.726693434876 4267.566313718374
-2679.089180758268 -3866.387228441337 4282.035016045535
-2673.455028186323 -3854.220094139043 4296.503423954443
-2667.710637426049 -3842.0655602025 4310.939514514476
-2661.806426303205 -3829.950824927442 4325.343886206204
-2655.774097669694 -3817.862159222235 4339.717670799674
-2649.296394281775 -3805.993693721328 4354.078042398787
-2642.402941801551 -3794.335833808791 4368.417033745136
-2635.074208188029 -3782.909460793468 4382.729892754854
-2627.725828508068 -3771.441899682636 4396.999702274185
-2620.282354967425 -3759.985739748844 4411.229163233545
-2612.727571106129 -3748.547956102211 4425.41480640273
-2605.089044912173 -3737.124993984618 4439.56698245769
-2597.116704001559 -3725.870457670801 4453.670445530503
-2589.125519753537 -3714.578598557247 4467.733368890848
-2581.004626164227 -3703.32889234919 4481.754508955714
-2573.116854996772 -3691.867673700024 4495.720203593208
-2565.912379937436 -3679.890530474472 4509.640478963039
-2558.694947414354 -3667.870341439296 4523.516905888206
-2551.594868744823 -3655.714449569919 4537.334226948095
-2544.877999237451 -3643.274456938078 4551.09140059015
-2538.124235599019 -3630.810165065091 4564.808496618098
-2531.521540194315 -3618.20377155007 4578.46887987604
-2524.92168496317 -3605.537218849977 4592.075194058374
-2518.410964487638 -3592.774882779977 4605.633912244348
-2511.977436694581 -3579.919707679436 4619.141480951702
-2507.01885271315 -3566.219151716528 4632.414184618159
-2502.738032425353 -3552.1277873545 4645.537781664319
-2498.631781331346 -3537.91550559618 4658.580235944136
-2495.641931443209 -3523.170784457918 4671.337145395591
-2493.603984021916 -3508.019509140985 4683.802758430621
-2492.032725610632 -3492.677606936454 4696.098244016202
-2490.463077944543 -3477.283607495294 4708.332573694345
-2488.823072357943 -3461.875467957603 4720.53908301525
-2487.971160343304 -3446.179687569618 4732.456745591247
-2488.073803305383 -3430.192524962532 4744.008510794751
-2489.266486241567 -3413.922900385307 4755.096556384052
-2492.092480244709 -3397.391195352458 4765.451490815452
-2495.409545082263 -3380.764434815289 4775.533792958192
-2499.226646831422 -3364.066887814089 4785.311302705779
-2503.312132156938 -3347.326952485008 4794.91408439298
-2507.48942474774 -3330.546289606081 4804.405683201979
-2510.936032391997 -3313.784672204222 4814.185672674065
-2513.634697867218 -3297.040125900246 4824.258808464277
-2516.269031056825 -3280.273991368394 4834.313018052348
-2518.391619933934 -3263.53401559773 4844.525698400414
1 3 0 56
1041
1042
1043
1044
1045
1046
1047
1048
1049
1050
1051
1052
1053
1054
1055
1056
1057
1058
1059
1060
1061
1062
1063
1064
1065
1066
1067
1068
1069
1070
1071
1072
1073
1074
1075
1076
1077
1078
1079
1080
1081
1082
1083
1084
1085
1086
1087
1088
1089
1090
1091
1092
1093
1094
1095
1096
-2740.5986980694 -3978.256440172864 4130.532201563358
-2727.374680115867 -3972.880991277121 4144.442936052997
-2713.822295103851 -3967.812493977822 4158.169389636838
-2700.625442711352 -3962.242517438437 4172.049203000203
-2688.823851258261 -3955.122464153259 4186.406614848956
-2679.42049111249 -3945.767225632685 4201.236533949875
-2673.657038423356 -3933.829218835275 4216.07569255688
-2669.608308404243 -3920.869651542122 4230.686945655533
-2665.374576400205 -3907.949712139488 4245.281175503648
-2660.97456042293 -3895.070390749495 4259.860115357387
-2655.808573031483 -3882.542457728632 4274.495771349661
-2650.621802609385 -3869.972878089065 4289.088360459287
-2645.084950505032 -3857.542765780796 4303.670793661828
-2639.159170324754 -3845.293024849928 4318.250816627897
-2632.817787449835 -3833.234990062336 4332.818983418064
-2626.448535428553 -3821.142007276902 4347.345955671314
-2619.680379779301 -3809.239905761676 4361.846036025943
-2612.452646879691 -3797.58208024757 4376.326845054842
-2605.309051303191 -3785.814674379636 4390.760768025149
-2597.778216444225 -3774.244009864049 4405.153367964475
-2589.93003765255 -3762.835946116514 4419.509665348909
-2582.050000497192 -3751.391721661536 4433.819634291995
-2574.149916772934 -3739.911080078411 4448.089310884215
-2566.171387557802 -3728.433762004591 4462.317982775873
-2558.148142977315 -3716.930249803204 4476.500265580818
-2549.959913818384 -3705.485987655938 4490.636070252503
-2541.734899903726 -3694.011234163765 4504.725710639015
-2533.852838363389 -3682.250655436984 4518.775201155455
-2526.025647842659 -3670.39834840639 4532.778737402402
-2518.221699230383 -3658.477347844744 4546.736428571241
-2510.584167460201 -3646.392001394363 4560.645177029119
-2503.194757099205 -3634.102175907715 4574.500659024604
-2496.739637545063 -3621.179525393707 4588.254463724982
-2490.267824021204 -3608.214815882512 4601.961074410458
-2484.092903605345 -3595.03580532703 4615.595833613621
-2478.926974037831 -3581.259594829907 4629.063011412748
-2474.489482450905 -3567.094697041321 4642.360720509213
-2471.613240234125 -3552.189735812691 4655.298844153357
-2469.126401087562 -3537.093804216888 4668.095837131369
-2467.063307401439 -3521.805321814792 4680.734173225245
-2465.823490225772 -3506.19496269699 4693.087053795588
-2463.447262962352 -3490.927006463726 4705.699058551798
-2461.013879114048 -3475.639718306462 4718.277547452718
-2458.930804006429 -3460.18442754897 4730.697457289188
-2457.685669727819 -3444.412138892467 4742.843411750744
-2457.387189571415 -3428.338690583252 4754.630781436281
-2460.829758624322 -3411.603380559707 4764.873826927302
-2465.048165790579 -3394.77221414571 4774.708945702482
-2470.08224720423 -3377.891441836115 4784.064804175899
-2475.003361873636 -3360.979242139519 4793.424324316517
-2479.955869042862 -3344.033114447523 4802.705562073006
-2484.824230166353 -3327.054636591738 4811.972215051472
-2489.606165162279 -3310.043914932615 4821.22470278299
-2494.305681407509 -3293.000945035431 4830.460103664769
-2498.307998284281 -3275.943573299978 4839.983479834656
-2501.921812417764 -3258.86461465383 4849.63178736095
1 4 0 59
1097
1098
1099
1100
1101
1102
1103
1104
1105
1106
1107
1108
1109
1110
1111
1112
1113
1114
1115
1116
1117
1118
1119
1120
1121
1122
1123
1124
1125
1126
1127
1128
1129
1130
1131
1132
1133
1134
1135
1136
1137
1138
1139
1140
1141
1142
1143
1144
1145
1146
1147
1148
1149
1150
1151
1152
1153
1154
1155
-2720.828945860034 -3997.85247182901 4116.972362062032
-2702.91048955701 -4003.499356848552 4123.288494929238
-2685.008597721967 -4008.415779827433 4130.206297712193
-2668.893327267578 -4007.593235898717 4141.419506556702
-2659.505466788348 -3998.645324565424 4156.084892066121
-2655.664314737171 -3985.918135905541 4170.744359610006
-2654.485539183728 -3971.965169470979 4184.781222344403
-2652.847022430735 -3958.140472153311 4198.890760547129
-2650.372553654335 -3944.604950302185 4213.166856173878
-2647.277079261233 -3931.295179547245 4227.536231969033
-2643.093630378646 -3918.450633693283 4242.047767542656
-2638.667168920308 -3905.684460640093 4256.561413901114
-2633.503381488521 -3893.247853386639 4271.117841413052
-2627.987608960449 -3880.96478086159 4285.674978810024
-2622.36046108385 -3868.686103964458 4300.193930929245
-2616.449411340192 -3856.523972648915 4314.696502017205
-2610.268885776106 -3844.465054225821 4329.174500426088
-2603.654054849108 -3832.623944751796 4343.638217579403
-2596.794702745231 -3820.879510917034 4358.068718753456
-2589.492134361192 -3809.363538881971 4372.466049486626
-2582.155673581657 -3797.822595100674 4386.826182184656
-2574.899806139549 -3786.173651051496 4401.139851399987
-2567.135052348955 -3774.804735721232 4415.409791950982
-2559.378808201962 -3763.381665431983 4429.642743474664
-2551.671805132456 -3751.873789487022 4443.834350984849
-2543.948519497856 -3740.314975621885 4457.975596947832
-2536.213365415736 -3728.721234408653 4472.081732849932
-2528.446183705943 -3717.084902686852 4486.135099670295
-2520.666133189431 -3705.412282345577 4500.15120476089
-2512.86963765726 -3693.695742945278 4514.121452922988
-2505.054315630031 -3681.941994625466 4528.049850263198
-2497.215702345657 -3670.150581921435 4541.933269230951
-2489.506247215375 -3658.216499715182 4555.766508379239
-2481.812376818271 -3646.225553879184 4569.559381352193
-2473.84958209894 -3634.355126686565 4583.304091088485
-2466.061749303547 -3622.328285824162 4597.007345508881
-2458.882767508043 -3609.852952520155 4610.645369536238
-2453.51693360028 -3596.292188558013 4624.075857390037
-2448.670974052171 -3582.425852201936 4637.3941180509
-2445.036193002118 -3567.958123271759 4650.448220842102
-2442.610079413957 -3552.964367558121 4663.185975843291
-2440.861054680305 -3537.684010780214 4675.703125135921
-2439.378187776971 -3522.27255222172 4688.093200850978
-2437.933499532135 -3506.809201219965 4700.423143812129
-2436.468420524337 -3491.309697348911 4712.70520259007
-2434.823065428019 -3475.827033412922 4724.984834337393
-2433.056659579888 -3460.344691130734 4737.246809237091
-2431.951878413675 -3444.609678168983 4749.256897836627
-2434.034357699629 -3428.16143260362 4760.080628776248
-2438.230665929637 -3411.482157939493 4769.907547027674
-2443.719911649477 -3394.75005566042 4779.025233597458
-2449.288686476285 -3377.989838713594 4788.04116701364
-2454.95306136678 -3361.202909154114 4796.948624368369
-2460.534152968039 -3344.381142757087 4805.842965732334
-2465.802818473464 -3327.516033923203 4814.839614959435
-2470.684157658932 -3310.610143644525 4823.982573143762
-2475.414239764582 -3293.668826435796 4833.13936792785
-2479.532856442824 -3276.712335654979 4842.547789045402
-2483.198560104115 -3259.736193488999 4852.117682533806
1 5 0 62
1156
1157
1158
1159
1160
1161
1162
1163
1164
1165
1166
1167
1168
1169
1170
1171
1172
1173
1174
1175
1176
1177
1178
1179
1180
1181
1182
1183
1184
1185
1186
1187
1188
1189
1190
1191
1192
1193
1194
1195
1196
1197
1198
1199
1200
1201
1202
1203
1204
1205
1206
1207
1208
1209
1210
1211
1212
1213
1214
1215
1216
1217
-2685.091689604611 -4038.934715614833 4092.563766915319
-2668.941871519432 -4038.226144452216 4103.803394357808
-2654.605551920664 -4034.570302690899 4116.674835204571
-2644.048093132374 -4026.654152051868 4131.194966004351
-2637.049965612915 -4015.898859272721 4146.104318408558
-2633.895038894357 -4003.023996713166 4160.548492246897
-2636.88091933777 -3988.085474911788 4172.983127563106
-2637.699082785428 -3973.628566262796 4186.229769241492
-2634.350289918481 -3960.628197642514 4200.637236305302
-2630.565247668664 -3947.780225427422 4215.075826827885
-2626.503696142156 -3935.018653938148 4229.511579283108
-2621.79166892445 -3922.545063672565 4244.005517092031
-2616.72243914708 -3910.211179101661 4258.494877987233
-2611.056277087575 -3898.154589257435 4273.000150840367
-2605.345684816191 -3886.069596813715 4287.464306049358
-2599.576925198316 -3873.964258081964 4301.888325509568
-2593.55107257063 -3861.968849671136 4316.29806929147
-2587.313079547153 -3850.039733271359 4330.673528965051
-2580.908830968564 -3838.163102386162 4345.018663203483
-2574.353072407326 -3826.320115048769 4359.32371080086
-2567.509389453631 -3814.60465650145 4373.598684510257
-2560.385833266977 -3803.020136419789 4387.842636850979
-2552.989540565917 -3791.558891086209 4402.04839862566
-2545.32404297727 -3780.22188439254 4416.210701275399
-2537.59182863011 -3768.881910506242 4430.33471510077
-2530.163522378163 -3757.286954344646 4444.41425070374
-2522.785502305106 -3745.595875021144 4458.441155531338
-2515.360124119088 -3733.895601513309 4472.435135421731
-2507.697741861823 -3722.294078643417 4486.383700069232
-2499.922248697434 -3710.721835143027 4500.293509556212
-2491.913265049279 -3699.250882097285 4514.154862117031
-2483.553979834308 -3687.973051802824 4527.967809048921
-2475.309947212562 -3676.562772253003 4541.739955218819
-2467.200469941851 -3665.014560841253 4555.478348472003
-2458.574729900802 -3653.76905268021 4569.150390994366
-2449.778734285317 -3642.596709573373 4582.776360165734
-2441.560267783153 -3630.962878999098 4596.372892750863
-2434.181684070318 -3618.71522704319 4609.915106219949
-2427.04325689729 -3606.280873116599 4623.416845530057
-2420.599421293284 -3593.372376059286 4636.820857727544
-2415.254101317975 -3579.830348375377 4650.068290667843
-2411.597958238195 -3565.462708342589 4662.982007172247
-2410.411855205248 -3550.138695825511 4675.264079658346
-2409.655361596621 -3534.636138219423 4687.387152999157
-2408.911068573469 -3519.087413397509 4699.451498215339
-2408.282443937273 -3503.470708768589 4711.434541379989
-2407.267843768574 -3487.917797833742 4723.473373292389
-2405.47307814198 -3472.579294631494 4735.678258756312
-2403.568027072111 -3457.252217770337 4747.842247434975
-2405.586694711358 -3440.972879943877 4758.631328062016
-2410.889146811125 -3424.432124786963 4767.877341147971
-2417.215219733773 -3407.902034632676 4776.506525500556
-2423.707319890063 -3391.355413841728 4784.987661333795
-2430.055767688286 -3374.763919082292 4793.489970132735
-2436.500420066362 -3358.149880941369 4801.874055996675
-2442.997345895836 -3341.513308841552 4810.173668450243
-2449.161980566161 -3324.816305453371 4818.603891544933
-2454.610761624344 -3308.054304767737 4827.350452841827
-2458.765199332489 -3291.242400343293 4836.729535498936
-2462.295308024507 -3274.421893717949 4846.340735070897
-2465.164396846746 -3257.623016594368 4856.191115903239
-2466.942975153987 -3240.91109907249 4866.458431879877
1 6 0 63
1218
1219
1220
1221
1222
1223
1224
1225
1226
1227
1228
1229
1230
1231
1232
1233
1234
1235
1236
1237
1238
1239
1240
1241
1242
1243
1244
1245
1246
1247
1248
1249
1250
1251
1252
1253
1254
1255
1256
1257
1258
1259
1260
1261
1262
1263
1264
1265
1266
1267
1268
1269
1270
1271
1272
1273
1274
1275
1276
1277
1278
1279
1280
-2669.518073952222 -4053.855940792025 4080.216698280012
-2654.797641138638 -4050.647655594176 4092.991790327761
-2641.832540894017 -4045.113689649056 4106.835461234651
-2631.921123055828 -4036.579864503465 4121.561821681899
-2625.320155330037 -4025.524595488519 4136.564583805601
-2621.753880542744 -4012.763980526694 4151.200210564675
-2621.352438897894 -3998.658745795054 4165.030694609301
-2622.264450650778 -3984.099914152757 4178.3910543238
-2621.351670244367 -3970.103271737238 4192.272331916572
-2617.007799173367 -3957.493493106362 4206.879542907011
-2611.419468771115 -3945.507679675296 4221.582149923638
-2605.190376349291 -3933.841197996917 4236.293408716318
-2599.014517350555 -3922.087099027763 4250.956921706045
-2592.903570894122 -3910.242372158501 4265.57503880666
-2586.748934141164 -3898.368834538308 4280.151389819936
-2580.554351586967 -3886.472704394301 4294.692362428082
-2574.303175841316 -3874.550165912677 4309.187343525971
-2567.933379959042 -3862.653096271819 4323.651659995387
-2561.590077276767 -3850.683078809321 4338.067162072707
-2555.234240945361 -3838.668163773201 4352.439455478486
-2548.273179900496 -3826.966914947361 4366.790431372434
-2541.287270709428 -3815.240979977939 4381.109311101458
-2534.22955528394 -3803.499628469433 4395.380201557809
-2526.908513297347 -3791.876123873579 4409.614718263385
-2519.530108715569 -3780.237706498026 4423.807573430927
-2511.99913028222 -3768.645146519586 4437.957210369331
-2504.330335360716 -3757.090262837876 4452.064111629352
-2496.992348700742 -3745.270414864709 4466.125184029593
-2489.777135666216 -3733.316774039904 4480.13851623682
-2481.906242654889 -3721.742769812441 4494.115655709012
-2473.999194625642 -3710.138850381932 4508.047840509843
-2466.40759265898 -3698.269608727466 4521.933769283459
-2458.791885069481 -3686.364044554351 4535.775333003742
-2450.881096719681 -3674.616431860738 4549.583077292004
-2442.39586500704 -3663.197079276553 4563.324347554648
-2433.390559630468 -3652.112509729508 4577.006438128333
-2422.954233641824 -3642.145695555064 4590.467997345491
-2410.986825945615 -3633.493839610024 4603.607101468455
-2401.174366900439 -3622.872412237878 4617.081845193776
-2393.291132610271 -3610.816890774792 4630.599185188931
-2387.596393509368 -3597.405471951708 4643.963903732534
-2383.549773058699 -3583.147354972441 4657.0422129054
-2380.848360961434 -3568.288047562469 4669.814380361328
-2379.694119785913 -3552.870975954772 4682.144653202305
-2379.305946169908 -3537.187447182615 4694.193193626182
-2379.138181898439 -3521.413712480582 4706.127929798905
-2378.008433984771 -3505.858299174187 4718.29380264102
-2377.303210498779 -3490.144404134462 4730.28671019707
-2378.758807979924 -3473.922693639942 4741.481398678225
-2380.939025667564 -3457.542801499153 4752.349867216971
-2383.788917371292 -3441.0471472417 4762.881348352098
-2388.774460257083 -3424.455345726802 4772.332050501525
-2395.413588679573 -3407.887883642268 4780.856649656571
-2402.453968244393 -3391.337161753416 4789.088478385489
-2409.674142762718 -3374.777643428559 4797.149033015427
-2416.799905832594 -3358.177068484349 4805.208863519278
-2423.953512632627 -3341.549961528177 4813.179780936779
-2429.924451941477 -3324.769500518365 4821.78741522063
-2435.675261451573 -3307.948244114328 4830.449676032064
-2439.562568900288 -3291.071969967533 4840.008609381278
-2442.364019814229 -3274.236464704504 4850.003484764202
-2444.405649728436 -3257.45137321399 4860.267771887276
-2444.551160467489 -3240.980559756875 4871.190555919596
1 7 0 64
1281
1282
1283
1284
1285
1286
1287
1288
1289
1290
1291
1292
1293
1294
1295
1296
1297
1298
1299
1300
1301
1302
1303
1304
1305
1306
1307
1308
1309
1310
1311
1312
1313
1314
1315
1316
1317
1318
1319
1320
1321
1322
1323
1324
1325
1326
1327
1328
1329
1330
1331
1332
1333
1334
1335
1336
1337
1338
1339
1340
1341
1342
1343
1344
-2653.336394431182 -4061.599718475502 4075.303903464788
-2640.69529737706 -4055.717529763357 4089.349424566989
-2629.322886674887 -4048.514591314295 4103.785530802697
-2619.848584852456 -4039.544039821477 4118.663490692975
-2613.068301970428 -4028.59687190576 4133.671144194993
-2609.699949798718 -4015.728758413972 4148.28711690179
-2609.045769450093 -4001.711405607085 4162.21918080945
-2610.155958079359 -3987.103884535973 4175.522274535994
-2608.94361874478 -3973.188273572984 4189.514039730746
-2604.154941991128 -3960.818522909047 4204.193477312049
-2598.090730581002 -3949.096515701501 4218.942221124824
-2591.982569513832 -3937.349108602111 4233.652457157696
-2585.619525981129 -3925.700490254086 4248.333511218222
-2579.138658113045 -3914.073667616455 4262.980240405361
-2572.602358613169 -3902.420754492159 4277.581589895863
-2566.035551877417 -3890.737989590291 4292.145327370828
-2559.31729360523 -3879.092066322207 4306.669386981369
-2552.562116983019 -3867.42312722038 4321.157880526146
-2545.766002766033 -3855.714917804291 4335.595436014421
-2538.910703151044 -3844.003061103568 4350.001891084857
-2531.87050112643 -3832.348879116383 4364.365999369145
-2524.516906053801 -3820.83861677467 4378.688512279167
-2517.175733041987 -3809.270053642884 4392.970123979024
-2509.951703649608 -3797.571316148593 4407.206189159701
-2502.653632783846 -3785.872355446126 4421.403755477444
-2495.052903848288 -3774.317947696973 4435.561303644073
-2487.63854187994 -3762.580231585031 4449.666671962851
-2479.981116147918 -3750.957784933521 4463.732755199891
-2471.965613370418 -3739.516199513842 4477.752548692082
-2463.962389216306 -3728.023787246951 4491.737668647406
-2455.943889574674 -3716.475064161209 4505.66757278689
-2447.661507616522 -3705.059222689111 4519.552255289433
-2439.290693190154 -3693.659700679291 4533.397471891832
-2430.755035665339 -3682.314872653062 4547.186559946195
-2421.986861716364 -3671.08595457064 4560.924921661252
-2413.266502503041 -3659.773408778277 4574.620017001856
-2402.389867047037 -3650.137007170983 4588.024206345022
-2390.003725812391 -3641.853448773114 4601.048846282049
-2379.014318813082 -3632.206516267134 4614.364071128418
-2370.191159608682 -3620.755246262016 4627.871924910228
-2363.150771617004 -3608.091280622989 4641.34665479424
-2357.900531706367 -3594.391597650268 4654.625466739229
-2353.90418342736 -3580.060701760558 4667.676783374242
-2351.227050147358 -3565.157611378585 4680.411978575205
-2349.222464006923 -3549.972780178193 4692.941652324854
-2347.793981965002 -3534.562519707537 4705.276883154644
-2346.969121560525 -3518.940315520074 4717.38249291288
-2347.199970289399 -3503.004074748179 4729.115083929786
-2348.427021720711 -3486.857237601334 4740.426547626611
-2351.745584669086 -3470.374161309047 4750.865871197127
-2356.103732363547 -3453.817396722879 4760.759558907025
-2361.642431820366 -3437.244549988885 4770.001006973523
-2368.563828747171 -3420.730896735829 4778.431727137464
-2375.226940299029 -3404.158236872881 4786.955666714863
-2382.103157824975 -3387.576126228867 4795.289593801236
-2389.067635182288 -3370.975904545187 4803.513953480246
-2395.947562086817 -3354.337175382752 4811.73134937721
-2401.992900851514 -3337.584203831742 4820.360691262579
-2406.941455243081 -3320.764308250766 4829.496542111942
-2410.852235654796 -3303.911691311892 4839.099975486898
-2413.335800645801 -3287.122410844492 4849.280850924354
-2415.13479375172 -3270.385614052143 4859.689607622524
-2415.14864995114 -3253.951816737548 4870.704825962956
-2414.445471680709 -3237.652484032947 4881.907593006381
1 8 0 1
1345
-2773.619998743831 -3975.900000330949 4123.449999804308
1 9 0 1
1346
-2527.729998997923 -3249.559999650109 4853.305000207748
1 10 0 1
1347
-2758.834999091287 -3981.48000049225 4119.114999553522
1 11 0 1
1348
-2512.689999187999 -3244.29999971552 4857.0950002436
1 12 0 1
1349
-2745.419999625917 -3990.30000028158 4111.814999780176
1 13 0 1
1350
-2495.89499914697 -3242.260000044685 4860.57000011618
1 14 0 3
1351
1352
1353
-2728.884999667288 -4006.707500394087 4100.984999764109
-2719.709999944821 -4017.575000065359 4094.479999960878
-2710.534999846593 -4028.442500181706 4087.974999891235
1 15 0 1
1354
-2477.489999336587 -3233.46999930439 4869.29000055559
1 16 0 1
1355
-2693.259999881994 -4047.445000118515 4074.849999903556
1 17 0 1
1356
-2456.489999512035 -3224.360000007236 4879.450000110134
1 18 0 1
1357
-2676.124999574462 -4060.840000247739 4065.019999848812
1 19 0 1
1358
-2428.929999906138 -3222.954999990352 4887.655000033265
2 1 0 107
1359
1360
1361
1362
1363
1364
1365
1366
1367
1368
1369
1370
1371
1372
1373
1374
1375
1376
1377
1378
1379
1380
1381
1382
1383
1384
1385
1386
1387
1388
1389
1390
1391
1392
1393
1394
1395
1396
1397
1398
1399
1400
1401
1402
1403
1404
1405
1406
1407
1408
1409
1410
1411
1412
1413
1414
1415
1416
1417
1418
1419
1420
1421
1422
1423
1424
1425
1426
1427
1428
1429
1430
1431
1432
1433
1434
1435
1436
1437
1438
1439
1440
1441
1442
1443
1444
1445
1446
1447
1448
1449
1450
1451
1452
1453
1454
1455
1456
1457
1458
1459
1460
1461
1462
1463
1464
1465
-2530.490670347135 -3578.757950779404 4612.450469668051
-2520.713616911058 -3552.966331492658 4637.47643174882
-2732.939501813014 -3890.826405888519 4232.106694480952
-2513.217780031795 -3525.272942007061 4662.636174685496
-2558.323345341124 -3583.57032362296 4597.045668601401
-2548.766798073633 -3555.796104389066 4623.792645870131
-2702.917227048576 -3879.34423952794 4258.245003359722
-2528.39790187887 -3500.825017229805 4675.953001780867
-2551.335814833078 -3619.459634283298 4569.485838532742
-2737.652781134957 -3914.994485352336 4206.588056725115
-2505.997446070038 -3465.564715395873 4711.565254786692
-2525.044976374308 -3481.439703950086 4692.669890241992
-2653.747776045414 -3780.562168027994 4376.823834918083
-2624.835947615454 -3726.288401874408 4442.422834948189
-2522.210912896504 -3436.674379918158 4726.937156633722
-2563.347303517929 -3641.58270676007 4545.340428340431
-2583.061391899232 -3652.75088705384 4527.686769423371
-2584.638956577024 -3678.019373037303 4503.745393729033
-2655.073796524398 -3755.467829746842 4400.172639621763
-2646.161889939616 -3744.896807258798 4414.441944346338
-2573.939448046817 -3627.581408195158 4553.440183272308
-2504.609293192811 -3420.379129366456 4745.004339367192
-2528.174667153263 -3304.342119832103 4814.651025188246
-2636.467121122405 -3735.626015367758 4427.736157844852
-2707.122504150967 -3853.395792796561 4282.449560696085
-2715.763221516583 -3858.753396185521 4272.540041102428
-2539.426814464714 -3527.253718003466 4650.659981178405
-2516.192392613802 -3539.96700630692 4649.782119947487
-2524.997238873827 -3567.028723752513 4624.30008681728
-2729.664144182899 -3934.525499978672 4190.394102991464
-2726.555185830452 -3881.481415509274 4244.985881027612
-2533.894401123818 -3331.253592194013 4795.303011193228
-2605.168314422831 -3690.646049340907 4484.428285626353
-2608.031695531565 -3712.122756174737 4462.669432254451
-2562.788329826445 -3597.581819977887 4583.551012307233
-2509.263870428113 -3389.534672665723 4765.107580171852
-2520.879022186343 -3367.584811664152 4776.429462773645
-2691.931702496259 -3837.445260110822 4305.56136981073
-2666.248295914084 -3801.750208583983 4351.619363997381
-2713.734411794692 -3902.981954173021 4229.621317649957
-2682.100166324054 -3819.207615163834 4327.71485820925
-2523.915797452479 -3350.716043378742 4786.36704563349
-2669.205723165366 -3785.733896218865 4365.508866276526
-2509.097661588378 -3496.20285467547 4686.857985876351
-2544.565831125316 -3596.876877641087 4591.549842303955
-2588.742039519164 -3665.266345686729 4513.961552563663
-2573.691434475424 -3665.675239301898 4519.524322735293
-2740.003585202803 -3939.968551032929 4180.011871348887
-2543.51345678824 -3542.271821644978 4636.957041962511
-2523.250923713224 -3466.608138361432 4704.535079230086
-2531.361002513887 -3288.398288773111 4824.444775635528
-2507.255987809383 -3479.560668008125 4700.39775362862
-2534.150183871653 -3515.642344227574 4661.959923010358
-2645.733496978808 -3768.665850427515 4391.641863031321
-2663.290438098873 -3766.45269473155 4385.893099002257
-2553.747942455916 -3569.877521887556 4610.201649514113
-2707.316565474103 -3890.393881480345 4245.359881438323
-2504.774078526743 -3450.557460786685 4723.098383322155
-2517.480489463107 -3404.847685943474 4751.832394750734
-2557.120620119008 -3629.960176577735 4558.030471539728
-2717.193533130448 -3914.765371015437 4216.455641951831
-2667.458775719992 -3775.222807977108 4375.842152821512
-2568.988723109272 -3652.281771997463 4533.602218017245
-2538.34552349672 -3316.742197981315 4802.993543317966
-2510.832211025415 -3511.041954308719 4674.685772294526
-2522.490672591205 -3451.903380169987 4715.692433562464
-2568.293053911054 -3612.391330564962 4568.742632846612
-2591.999542826955 -3689.537607465475 4490.559584904318
-2769.171038811932 -3972.762282550006 4128.728569045417
-2611.061423649584 -3700.176817853499 4473.041945415146
-2697.485027324516 -3865.743426517844 4274.302177999998
-2638.648311429034 -3757.693333510458 4405.317562592831
-2504.642383325246 -3433.803444018622 4735.32277074754
-2528.099143290551 -3528.272418638134 4654.338832427461
-2736.285223347401 -3902.451859549789 4219.377954087654
-2678.669928534595 -3832.40538321539 4315.9346650656
-2720.955714925926 -3925.973189188671 4203.518960017571
-2516.962467821064 -3337.603451511011 4796.806527494859
-2528.644445976067 -3256.880640571202 4848.159686411169
-2718.295908242183 -3870.976110543739 4259.199644648612
-2578.770110394841 -3638.585870621499 4541.885788594236
-2619.491572372878 -3739.197046908626 4431.480109773915
-2630.073029898678 -3746.84406976054 4419.562935379154
-2521.749790065724 -3323.791362546788 4804.027403397738
-2603.26634166448 -3677.973040785718 4496.296016049507
-2689.364507288628 -3854.654463614381 4289.616877340795
-2542.254083095995 -3582.294582266056 4604.686681563249
-2521.593040961552 -3418.697438866172 4740.654319638632
-2538.626778249673 -3567.716339804474 4618.140700182788
-2542.60096595625 -3303.47158703825 4810.435999162806
-2692.141989939124 -3826.183343465476 4316.546430389963
-2595.969254242911 -3701.867073955812 4477.323083891118
-2611.84035219544 -3721.278565219522 4452.34301477553
-2502.757660398796 -3405.268705443728 4756.357743991235
-2534.803825443685 -3555.103908787752 4630.002387955112
-2742.985000023738 -3925.037243827326 4194.032722871841
-2656.043780941089 -3793.603608288114 4363.461904833321
-2622.365058896544 -3713.765046808271 4455.461964614352
-2530.255356972274 -3539.443531230271 4644.53334132681
-2542.621432414471 -3608.76755208718 4582.203418442868
-2531.643405428584 -3592.342857906567 4600.636751474131
-2521.211419518259 -3378.193233608924 4769.148327395894
-2719.189108072997 -3891.724219012612 4238.164629640725
-2509.152390510064 -3375.011036249461 4775.007793765749
-2512.96381465895 -3359.198277338598 4784.362242162029
-2681.004151373511 -3844.909203617358 4302.796839616727
-2669.316714836261 -3814.073940212926 4338.054049426498
2 2 0 53
1466
1467
1468
1469
1470
1471
1472
1473
1474
1475
1476
1477
1478
1479
1480
1481
1482
1483
1484
1485
1486
1487
1488
1489
1490
1491
1492
1493
1494
1495
1496
1497
1498
1499
1500
1501
1502
1503
1504
1505
1506
1507
1508
1509
1510
1511
1512
1513
1514
1515
1516
1517
1518
-2512.250418598555 -3249.773701779462 4853.816060502014
-2520.91326118019 -3630.980660059558 4570.889725169785
-2514.422359795833 -3618.392346070752 4584.420615312631
-2507.879151565984 -3605.509974634842 4598.140583032213
-2502.131222141295 -3593.607304733379 4610.595646396869
-2528.086889673478 -3643.548398156876 4556.888738897705
-2474.382180615622 -3422.843922527238 4753.330738049649
-2705.9354208971 -3950.365309557241 4183.848476061096
-2496.163249568375 -3578.118739012757 4626.008090877405
-2535.249980109763 -3655.792914095275 4543.088849182622
-2696.392582068425 -3939.662446595927 4200.406671741287
-2491.833697059486 -3564.807416994162 4638.59116142474
-2477.227069341704 -3404.967020758526 4764.610300558164
-2474.313997881902 -3440.10002962346 4741.003224960297
-2542.654882362093 -3667.994923825544 4529.096300517956
-2689.048555281357 -3927.403057491239 4216.408492614846
-2475.243238826291 -3456.392767624488 4728.672632220122
-2550.169503917357 -3679.924347155728 4515.174091852366
-2480.887588350627 -3388.182028659921 4774.611596417451
-2488.005300783154 -3549.20630927765 4652.626997025699
-2557.886336531944 -3691.935858395351 4500.987926406913
-2476.901739940815 -3472.144949950277 4716.263040277564
-2684.445430935226 -3914.249914837075 4231.625700074969
-2565.743344898106 -3703.522033555732 4487.00392261251
-2573.976869817044 -3714.930956637016 4472.808890148154
-2589.873325429762 -3737.44596145289 4444.817424350407
-2581.914654160515 -3726.230525456379 4458.819792707641
-2485.062583668768 -3371.521642858333 4784.217520666081
-2484.896073164032 -3533.886931187359 4665.954628610581
-2597.85174252755 -3748.92152920397 4430.48965837039
-2478.928131208271 -3487.076409847789 4704.17957987506
-2605.66164807408 -3760.38893818501 4416.186853814749
-2720.294442369607 -3957.324066195019 4167.944584765696
-2482.553516071215 -3518.345296171145 4678.939429911105
-2680.764326053418 -3903.925811190163 4243.474655946306
-2627.752338260042 -3794.004205629877 4374.244343081683
-2613.225802683206 -3771.453256395512 4402.285244484761
-2489.56499994888 -3354.688973475182 4793.701346000936
-2727.969138630325 -3962.179145907528 4157.964086454234
-2634.087910360584 -3810.119853713416 4355.578863757736
-2620.770783565225 -3783.141901570795 4387.781147205623
-2640.688952601851 -3822.072525605832 4341.104852359546
-2481.112395154149 -3502.744872472979 4691.444621483452
-2668.868548141692 -3882.074954307108 4270.041956753679
-2663.937316850187 -3870.453741218357 4283.641695626977
-2646.532666007237 -3833.562941772498 4327.370181375339
-2658.435406052606 -3858.258106048318 4298.011810985942
-2652.835062301299 -3846.105837667727 4312.337687047921
-2494.152398616351 -3337.849660600431 4803.078202122156
-2741.858903146103 -3970.00335930255 4141.462047677857
-2753.864464347969 -3978.166791488358 4125.629183238223
-2498.552876326751 -3321.633709593971 4812.05903095075
-2675.23749499298 -3893.275626291261 4256.299192387101
2 3 0 56
1519
1520
1521
1522
1523
1524
1525
1526
1527
1528
1529
1530
1531
1532
1533
1534
1535
1536
1537
1538
1539
1540
1541
1542
1543
1544
1545
1546
1547
1548
1549
1550
1551
1552
1553
1554
1555
1556
1557
1558
1559
1560
1561
1562
1563
1564
1565
1566
1567
1568
1569
1570
1571
1572
1573
1574
-2678.827060728901 -3994.410922318525 4149.870465048155
-2697.902185416246 -3993.272579045723 4139.099712291599
-2682.330177377632 -3969.680611062078 4174.493959312683
-2722.740042689697 -3986.137630558107 4131.289118773368
-2695.27764454455 -3976.783852775031 4159.29560953861
-2732.804207204455 -3989.477201090614 4120.432709935686
-2709.058493103881 -3981.059110726034 4146.045899382505
-2664.724103041916 -3962.509912425021 4190.628544998503
-2491.806134419828 -3250.538570604811 4856.268033158552
-2680.586286813768 -3982.70018610756 4161.568640343479
-2475.296638811385 -3606.579910153347 4608.185532915208
-2470.178787859437 -3594.543157671695 4620.373569010968
-2464.871133782745 -3578.170850552541 4636.01593417154
-2460.247803163727 -3560.518208824025 4651.934936066921
-2665.370402805691 -3977.14175283638 4175.447917001727
-2457.761099007442 -3546.579129020911 4663.869416018741
-2661.897317661907 -3948.742209045331 4205.317896273214
-2582.501041241007 -3774.826467956882 4409.977008422869
-2482.084039208708 -3619.765635158386 4594.08567919545
-2574.89732088865 -3763.341546154488 4424.253538319898
-2589.828710397619 -3786.056289755125 4396.017848981683
-2597.239669056306 -3797.574816245573 4381.665806277785
-2450.884537934157 -3512.1504726374 4692.693119957536
-2604.311517466525 -3809.467457795081 4367.054468458172
-2566.875578579722 -3751.874016123591 4438.598373639101
-2456.009006069646 -3532.177796290486 4675.742419580222
-2709.833236192992 -3992.456288409919 4132.093103045585
-2559.060172563236 -3740.473476290266 4452.70743844175
-2611.520041174077 -3821.084649870026 4352.636903228818
-2551.198869084904 -3728.998374252122 4466.813704456028
-2543.299170003332 -3717.608691301039 4480.787313427381
-2448.958284161615 -3497.014613946545 4704.967652009645
-2618.089436547004 -3833.646907656801 4337.486074126768
-2624.548918237628 -3845.948731645223 4322.685130171147
-2489.430505550794 -3632.632482909991 4579.916743436178
-2445.651596633014 -3436.338978408292 4751.799031819884
-2630.5308659681 -3858.088493225627 4308.192332953377
-2535.002845491212 -3706.047510353141 4494.963650326084
-2636.530760594599 -3870.332392758078 4293.536238601857
-2443.889309298214 -3450.564862946701 4741.793710365017
-2446.84971634565 -3481.386832124435 4717.595678751607
-2526.968713161179 -3694.27411656664 4509.122001158777
-2519.451183438593 -3682.789695298784 4522.72725392087
-2511.306594410042 -3670.859556480093 4536.874602334
-2496.420955693957 -3644.795463980453 4566.441896805884
-2641.480772423822 -3882.081316233856 4279.803155273337
-2503.900257840509 -3659.190078622267 4550.415663912601
-2445.209019404985 -3466.6075684149 4729.343538007774
-2646.193955888951 -3895.734822174725 4264.237660233874
-2446.92525054741 -3420.354439988507 4762.30298372167
-2658.381580526321 -3935.312620323637 4219.967319687401
-2651.93927426382 -3904.049651382063 4253.789270225891
-2654.967616425169 -3921.705404359739 4234.808432431253
-2667.121298545606 -3988.801930645747 4162.471766369614
-2450.52383825891 -3404.449264593394 4771.680784960281
-2690.696612083943 -3986.648205255806 4151.16989617185
2 4 0 41
1575
1576
1577
1578
1579
1580
1581
1582
1583
1584
1585
1586
1587
1588
1589
1590
1591
1592
1593
1594
1595
1596
1597
1598
1599
1600
1601
1602
1603
1604
1605
1606
1607
1608
1609
1610
1611
1612
1613
1614
1615
-2705.574157262806 -4020.497481488374 4100.499572449387
-2684.138490243133 -4027.094847500802 4107.107077193632
-2669.659488031545 -4019.116007979999 4126.148907863526
-2696.304482314645 -4031.382235908001 4093.968018579897
-2711.819176006783 -4010.058779804837 4108.582842227132
-2698.275057663149 -4013.291667515144 4114.181887884251
-2429.319153522641 -3564.164401600713 4658.413604928158
-2432.396200265622 -3579.796034840602 4644.717012792531
-2427.756834413606 -3548.409363505848 4671.257536412748
-2437.239349946451 -3594.090200132592 4631.045054744211
-2654.062139968623 -4014.557435108509 4140.145408052882
-2426.590162804653 -3532.764691474823 4683.744822872555
-2475.033434831014 -3249.34293884409 4859.892747321375
-2425.53659784891 -3517.261672956831 4695.953412664412
-2442.615332035361 -3607.950789821489 4617.236850342292
-2419.855635313742 -3451.808476497733 4747.1005505212
-2424.554277281731 -3503.972467963401 4706.37934071863
-2681.977703400516 -4018.398452660435 4119.138564190156
-2418.691693469722 -3477.643946544586 4728.114357322916
-2421.791845936985 -3436.643681584768 4757.216141878453
-2422.061958869962 -3489.254634386648 4718.281088875294
-2645.963945253153 -3995.429987603837 4164.076376444138
-2449.454168896827 -3620.534865565262 4603.644461012349
-2647.967732751656 -4007.345781529787 4151.017580087229
-2465.05243922048 -3300.762973707449 4830.398177498533
-2425.135654194883 -3418.535792904611 4768.204473570659
-2671.782791182818 -4027.4501619479 4114.740311934451
-2456.121897775015 -3631.516625111301 4591.389196008436
-2460.111060290836 -3317.76292640672 4821.095748033451
-2646.390704248205 -3979.975310439442 4178.602676115199
-2469.230732896568 -3284.16482550908 4839.590656641652
-2463.634179990846 -3643.205447486607 4577.987310426524
-2455.025592072269 -3334.491732994489 4812.284350256612
-2430.429427675042 -3401.648918003877 4777.462606543385
-2472.932155738113 -3267.379163926745 4849.135807585278
-2418.536142327926 -3465.665941093749 4737.309048136194
-2471.592001907887 -3654.976674590184 4564.174479797301
-2645.785655221912 -3966.151752562579 4192.27751102255
-2436.353385300313 -3384.979121381522 4786.270080584204
-2449.377727915018 -3351.239868997275 4803.600728959597
-2656.430053730696 -4024.721472229479 4127.011939048827
2 5 0 20
1616
1617
1618
1619
1620
1621
1622
1623
1624
1625
1626
1627
1628
1629
1630
1631
1632
1633
1634
1635
-2395.632608128579 -3543.47963078515 4684.673586649488
-2410.719870554325 -3606.580482197323 4628.559091462996
-2396.736886404827 -3559.116465541906 4672.344922504757
-2395.037384525225 -3528.626855607792 4696.182300783666
-2404.008296975616 -3591.551669675479 4643.719450853126
-2393.70740974121 -3498.240139862566 4719.557385785105
-2394.553170226382 -3513.18143654168 4707.999145669074
-2400.047225351443 -3576.751650734258 4657.304637718244
-2418.504637390377 -3619.640268257475 4614.248533791812
-2392.514404608328 -3483.159895986017 4731.197082682052
-2681.036278057048 -4048.286759317486 4081.278649911338
-2426.257338818871 -3630.312958391034 4601.766846050101
-2392.575414158151 -3465.009773951085 4744.648519746041
-2436.329812002134 -3641.225646371786 4587.733301740245
-2393.298029349577 -3452.177801649802 4753.566842084972
-2672.488760743879 -4045.476978140633 4090.691549877829
-2454.556258987229 -3248.304773482588 4864.220892221173
-2456.309810314621 -3234.39758224768 4872.967432369077
-2655.051942091154 -4042.133499841766 4105.340467552069
-2453.725438247102 -3265.828737579343 4853.18303586538
2 6 0 50
1636
1637
1638
1639
1640
1641
1642
1643
1644
1645
1646
1647
1648
1649
1650
1651
1652
1653
1654
1655
1656
1657
1658
1659
1660
1661
1662
1663
1664
1665
1666
1667
1668
1669
1670
1671
1672
1673
1674
1675
1676
1677
1678
1679
1680
1681
1682
1683
1684
1685
-2622.890177002782 -4032.619010320094 4127.696426557357
-2361.38654670221 -3525.058853631758 4708.584285844407
-2430.517648032167 -3236.431928843848 4878.199513691199
-2361.28590077917 -3511.005203760798 4719.18185564527
-2362.427711768442 -3539.505748809668 4697.270803878698
-2607.55897234129 -3953.255804282172 4212.861693235221
-2612.130171693045 -3965.862269559109 4197.71275650498
-2601.632686770906 -3941.447217073027 4227.618257203656
-2595.541267681093 -3929.753396481956 4242.318918174103
-2616.614690478747 -4021.598271212431 4141.687517751287
-2365.060467828158 -3480.233706439929 4740.612131743141
-2589.278074070004 -3918.021935684358 4256.978111573095
-2363.378938170856 -3552.778730333554 4686.780495237154
-2431.094102005242 -3250.05682912372 4868.849842458752
-2666.983924318749 -4060.146975714968 4070.983503340891
-2582.981120439798 -3906.265481257224 4271.591103218243
-2430.845769265346 -3266.222781763635 4858.249276422682
-2369.782731736094 -3578.78841660424 4664.374656356253
-2367.492309753978 -3465.004278238561 4750.573418037856
-2576.637481501185 -3894.494688489268 4286.151351962979
-2362.016594400462 -3496.928597832335 4729.454197813769
-2378.732863528584 -3608.500767143187 4636.696425957114
-2428.665561688517 -3282.540933252567 4848.26214566269
-2373.673074660542 -3593.89742598769 4650.768689133219
-2570.256418525215 -3882.706625772416 4300.674664653528
-2424.349367677118 -3296.019797203619 4840.76632577473
-2365.809971750623 -3567.420055221038 4674.621012188532
-2420.484697954838 -3314.012956388972 4830.449817265656
-2415.501571803059 -3330.58078423815 4821.541232110058
-2563.771975896791 -3870.921007933186 4315.156678949316
-2370.906481612941 -3448.877306679306 4760.584773663302
-2384.446308337336 -3621.406042372796 4623.245503071136
-2557.207500033289 -3859.120688730298 4329.604837074271
-2550.619648716735 -3847.253167278158 4344.014406651455
-2375.919480198445 -3430.647534753387 4771.100574145423
-2410.212732719158 -3347.49053946015 4812.704012276245
-2544.167846522068 -3835.615611292256 4358.15306274158
-2537.037878987534 -3823.860433736086 4372.620680929964
-2403.723118092739 -3364.00639241569 4804.558226301863
-2529.995544287613 -3812.31629839175 4386.799828063469
-2382.823183481926 -3413.755738309534 4779.829423470254
-2493.465193485214 -3753.959896145526 4457.675744860217
-2513.94693928357 -3788.773450741644 4415.804904812902
-2498.927645916187 -3765.501587279621 4444.146608255371
-2521.397365199089 -3800.411729156425 4401.590644196413
-2396.681185840762 -3380.685973798834 4796.362099873779
-2389.586904244957 -3397.26267879627 4788.188317973192
-2508.251570668955 -3777.41452869155 4429.324977655979
-2392.417608157753 -3632.027181033698 4610.609074380585
-2485.440274692962 -3742.269947636946 4471.814306475002
$EndNodes
$Elements
956 2765 1 2765
0 1 15 1
1 1 
0 2 15 1
2 2 
0 3 15 1
3 3 
0 4 15 1
4 4 
0 5 15 1
5 5 
0 6 15 1
6 6 
0 7 15 1
7 7 
0 8 15 1
8 8 
0 9 15 1
9 9 
0 10 15 1
10 10 
0 11 15 1
11 11 
0 12 15 1
12 12 
0 13 15 1
13 13 
0 14 15 1
14 14 
0 15 15 1
15 15 
0 16 15 1
16 16 
0 17 15 1
17 17 
0 18 15 1
18 18 
0 19 15 1
19 19 
0 20 15 1
20 20 
0 21 15 1
21 21 
0 22 15 1
22 22 
0 23 15 1
23 23 
0 24 15 1
24 24 
0 25 15 1
25 25 
0 26 15 1
26 26 
0 27 15 1
27 27 
0 28 15 1
28 28 
0 29 15 1
29 29 
0 30 15 1
30 30 
0 31 15 1
31 31 
0 32 15 1
32 32 
0 33 15 1
33 33 
0 34 15 1
34 34 
0 35 15 1
35 35 
0 36 15 1
36 36 
0 37 15 1
37 37 
0 38 15 1
38 38 
0 39 15 1
39 39 
0 40 15 1
40 40 
0 41 15 1
41 41 
0 42 15 1
42 42 
0 43 15 1
43 43 
0 44 15 1
44 44 
0 45 15 1
45 45 
0 46 15 1
46 46 
0 47 15 1
47 47 
0 48 15 1
48 48 
0 49 15 1
49 49 
0 50 15 1
50 50 
0 51 15 1
51 51 
0 52 15 1
52 52 
0 53 15 1
53 53 
0 54 15 1
54 54 
0 55 15 1
55 55 
0 56 15 1
56 56 
0 57 15 1
57 57 
0 58 15 1
58 58 
0 59 15 1
59 59 
0 60 15 1
60 60 
0 61 15 1
61 61 
0 62 15 1
62 62 
0 63 15 1
63 63 
0 64 15 1
64 64 
0 65 15 1
65 65 
0 66 15 1
66 66 
0 67 15 1
67 67 
0 68 15 1
68 68 
0 69 15 1
69 69 
0 70 15 1
70 70 
0 71 15 1
71 71 
0 72 15 1
72 72 
0 73 15 1
73 73 
0 74 15 1
74 74 
0 75 15 1
75 75 
0 76 15 1
76 76 
0 77 15 1
77 77 
0 78 15 1
78 78 
0 79 15 1
79 79 
0 80 15 1
80 80 
0 81 15 1
81 81 
0 82 15 1
82 82 
0 83 15 1
83 83 
0 84 15 1
84 84 
0 85 15 1
85 85 
0 86 15 1
86 86 
0 87 15 1
87 87 
0 88 15 1
88 88 
0 89 15 1
89 89 
0 90 15 1
90 90 
0 91 15 1
91 91 
0 92 15 1
92 92 
0 93 15 1
93 93 
0 94 15 1
94 94 
0 95 15 1
95 95 
0 96 15 1
96 96 
0 97 15 1
97 97 
0 98 15 1
98 98 
0 99 15 1
99 99 
0 100 15 1
100 100 
0 101 15 1
101 101 
0 102 15 1
102 102 
0 103 15 1
103 103 
0 104 15 1
104 104 
0 105 15 1
105 105 
0 106 15 1
106 106 
0 107 15 1
107 107 
0 108 15 1
108 108 
0 109 15 1
109 109 
0 110 15 1
110 110 
0 111 15 1
111 111 
0 112 15 1
112 112 
0 113 15 1
113 113 
0 114 15 1
114 114 
0 115 15 1
115 115 
0 116 15 1
116 116 
0 117 15 1
117 117 
0 118 15 1
118 118 
0 119 15 1
119 119 
0 120 15 1
120 120 
0 121 15 1
121 121 
0 122 15 1
122 122 
0 123 15 1
123 123 
0 124 15 1
124 124 
0 125 15 1
125 125 
0 126 15 1
126 126 
0 127 15 1
127 127 
0 128 15 1
128 128 
0 129 15 1
129 129 
0 130 15 1
130 130 
0 131 15 1
131 131 
0 132 15 1
132 132 
0 133 15 1
133 133 
0 134 15 1
134 134 
0 135 15 1
135 135 
0 136 15 1
136 136 
0 137 15 1
137 137 
0 138 15 1
138 138 
0 139 15 1
139 139 
0 140 15 1
140 140 
0 141 15 1
141 141 
0 142 15 1
142 142 
0 143 15 1
143 143 
0 144 15 1
144 144 
0 145 15 1
145 145 
0 146 15 1
146 146 
0 147 15 1
147 147 
0 148 15 1
148 148 
0 149 15 1
149 149 
0 150 15 1
150 150 
0 151 15 1
151 151 
0 152 15 1
152 152 
0 153 15 1
153 153 
0 154 15 1
154 154 
0 155 15 1
155 155 
0 156 15 1
156 156 
0 157 15 1
157 157 
0 158 15 1
158 158 
0 159 15 1
159 159 
0 160 15 1
160 160 
0 161 15 1
161 161 
0 162 15 1
162 162 
0 163 15 1
163 163 
0 164 15 1
164 164 
0 165 15 1
165 165 
0 166 15 1
166 166 
0 167 15 1
167 167 
0 168 15 1
168 168 
0 169 15 1
169 169 
0 170 15 1
170 170 
0 171 15 1
171 171 
0 172 15 1
172 172 
0 173 15 1
173 173 
0 174 15 1
174 174 
0 175 15 1
175 175 
0 176 15 1
176 176 
0 177 15 1
177 177 
0 178 15 1
178 178 
0 179 15 1
179 179 
0 180 15 1
180 180 
0 181 15 1
181 181 
0 182 15 1
182 182 
0 183 15 1
183 183 
0 184 15 1
184 184 
0 185 15 1
185 185 
0 186 15 1
186 186 
0 187 15 1
187 187 
0 188 15 1
188 188 
0 189 15 1
189 189 
0 190 15 1
190 190 
0 191 15 1
191 191 
0 192 15 1
192 192 
0 193 15 1
193 193 
0 194 15 1
194 194 
0 195 15 1
195 195 
0 196 15 1
196 196 
0 197 15 1
197 197 
0 198 15 1
198 198 
0 199 15 1
199 199 
0 200 15 1
200 200 
0 201 15 1
201 201 
0 202 15 1
202 202 
0 203 15 1
203 203 
0 204 15 1
204 204 
0 205 15 1
205 205 
0 206 15 1
206 206 
0 207 15 1
207 207 
0 208 15 1
208 208 
0 209 15 1
209 209 
0 210 15 1
210 210 
0 211 15 1
211 211 
0 212 15 1
212 212 
0 213 15 1
213 213 
0 214 15 1
214 214 
0 215 15 1
215 215 
0 216 15 1
216 216 
0 217 15 1
217 217 
0 218 15 1
218 218 
0 219 15 1
219 219 
0 220 15 1
220 220 
0 221 15 1
221 221 
0 222 15 1
222 222 
0 223 15 1
223 223 
0 224 15 1
224 224 
0 225 15 1
225 225 
0 226 15 1
226 226 
0 227 15 1
227 227 
0 228 15 1
228 228 
0 229 15 1
229 229 
0 230 15 1
230 230 
0 231 15 1
231 231 
0 232 15 1
232 232 
0 233 15 1
233 233 
0 234 15 1
234 234 
0 235 15 1
235 235 
0 236 15 1
236 236 
0 237 15 1
237 237 
0 238 15 1
238 238 
0 239 15 1
239 239 
0 240 15 1
240 240 
0 241 15 1
241 241 
0 242 15 1
242 242 
0 243 15 1
243 243 
0 244 15 1
244 244 
0 245 15 1
245 245 
0 246 15 1
246 246 
0 247 15 1
247 247 
0 248 15 1
248 248 
0 249 15 1
249 249 
0 250 15 1
250 250 
0 251 15 1
251 251 
0 252 15 1
252 252 
0 253 15 1
253 253 
0 254 15 1
254 254 
0 255 15 1
255 255 
0 256 15 1
256 256 
0 257 15 1
257 257 
0 258 15 1
258 258 
0 259 15 1
259 259 
0 260 15 1
260 260 
0 261 15 1
261 261 
0 262 15 1
262 262 
0 263 15 1
263 263 
0 264 15 1
264 264 
0 265 15 1
265 265 
0 266 15 1
266 266 
0 267 15 1
267 267 
0 268 15 1
268 268 
0 269 15 1
269 269 
0 270 15 1
270 270 
0 271 15 1
271 271 
0 272 15 1
272 272 
0 273 15 1
273 273 
0 274 15 1
274 274 
0 275 15 1
275 275 
0 276 15 1
276 276 
0 277 15 1
277 277 
0 278 15 1
278 278 
0 279 15 1
279 279 
0 280 15 1
280 280 
0 281 15 1
281 281 
0 282 15 1
282 282 
0 283 15 1
283 283 
0 284 15 1
284 284 
0 285 15 1
285 285 
0 286 15 1
286 286 
0 287 15 1
287 287 
0 288 15 1
288 288 
0 289 15 1
289 289 
0 290 15 1
290 290 
0 291 15 1
291 291 
0 292 15 1
292 292 
0 293 15 1
293 293 
0 294 15 1
294 294 
0 295 15 1
295 295 
0 296 15 1
296 296 
0 297 15 1
297 297 
0 298 15 1
298 298 
0 299 15 1
299 299 
0 300 15 1
300 300 
0 301 15 1
301 301 
0 302 15 1
302 302 
0 303 15 1
303 303 
0 304 15 1
304 304 
0 305 15 1
305 305 
0 306 15 1
306 306 
0 307 15 1
307 307 
0 308 15 1
308 308 
0 309 15 1
309 309 
0 310 15 1
310 310 
0 311 15 1
311 311 
0 312 15 1
312 312 
0 313 15 1
313 313 
0 314 15 1
314 314 
0 315 15 1
315 315 
0 316 15 1
316 316 
0 317 15 1
317 317 
0 318 15 1
318 318 
0 319 15 1
319 319 
0 320 15 1
320 320 
0 321 15 1
321 321 
0 322 15 1
322 322 
0 323 15 1
323 323 
0 324 15 1
324 324 
0 325 15 1
325 325 
0 326 15 1
326 326 
0 327 15 1
327 327 
0 328 15 1
328 328 
0 329 15 1
329 329 
0 330 15 1
330 330 
0 331 15 1
331 331 
0 332 15 1
332 332 
0 333 15 1
333 333 
0 334 15 1
334 334 
0 335 15 1
335 335 
0 336 15 1
336 336 
0 337 15 1
337 337 
0 338 15 1
338 338 
0 339 15 1
339 339 
0 340 15 1
340 340 
0 341 15 1
341 341 
0 342 15 1
342 342 
0 343 15 1
343 343 
0 344 15 1
344 344 
0 345 15 1
345 345 
0 346 15 1
346 346 
0 347 15 1
347 347 
0 348 15 1
348 348 
0 349 15 1
349 349 
0 350 15 1
350 350 
0 351 15 1
351 351 
0 352 15 1
352 352 
0 353 15 1
353 353 
0 354 15 1
354 354 
0 355 15 1
355 355 
0 356 15 1
356 356 
0 357 15 1
357 357 
0 358 15 1
358 358 
0 359 15 1
359 359 
0 360 15 1
360 360 
0 361 15 1
361 361 
0 362 15 1
362 362 
0 363 15 1
363 363 
0 364 15 1
364 364 
0 365 15 1
365 365 
0 366 15 1
366 366 
0 367 15 1
367 367 
0 368 15 1
368 368 
0 369 15 1
369 369 
0 370 15 1
370 370 
0 371 15 1
371 371 
0 372 15 1
372 372 
0 373 15 1
373 373 
0 374 15 1
374 374 
0 375 15 1
375 375 
0 376 15 1
376 376 
0 377 15 1
377 377 
0 378 15 1
378 378 
0 379 15 1
379 379 
0 380 15 1
380 380 
0 381 15 1
381 381 
0 382 15 1
382 382 
0 383 15 1
383 383 
0 384 15 1
384 384 
0 385 15 1
385 385 
0 386 15 1
386 386 
0 387 15 1
387 387 
0 388 15 1
388 388 
0 389 15 1
389 389 
0 390 15 1
390 390 
0 391 15 1
391 391 
0 392 15 1
392 392 
0 393 15 1
393 393 
0 394 15 1
394 394 
0 395 15 1
395 395 
0 396 15 1
396 396 
0 397 15 1
397 397 
0 398 15 1
398 398 
0 399 15 1
399 399 
0 400 15 1
400 400 
0 401 15 1
401 401 
0 402 15 1
402 402 
0 403 15 1
403 403 
0 404 15 1
404 404 
0 405 15 1
405 405 
0 406 15 1
406 406 
0 407 15 1
407 407 
0 408 15 1
408 408 
0 409 15 1
409 409 
0 410 15 1
410 410 
0 411 15 1
411 411 
0 412 15 1
412 412 
0 413 15 1
413 413 
0 414 15 1
414 414 
0 415 15 1
415 415 
0 416 15 1
416 416 
0 417 15 1
417 417 
0 418 15 1
418 418 
0 419 15 1
419 419 
0 420 15 1
420 420 
0 421 15 1
421 421 
0 422 15 1
422 422 
0 423 15 1
423 423 
0 424 15 1
424 424 
0 425 15 1
425 425 
0 426 15 1
426 426 
0 427 15 1
427 427 
0 428 15 1
428 428 
0 429 15 1
429 429 
0 430 15 1
430 430 
0 431 15 1
431 431 
0 432 15 1
432 432 
0 433 15 1
433 433 
0 434 15 1
434 434 
0 435 15 1
435 435 
0 436 15 1
436 436 
0 437 15 1
437 437 
0 438 15 1
438 438 
0 439 15 1
439 439 
0 440 15 1
440 440 
0 441 15 1
441 441 
0 442 15 1
442 442 
0 443 15 1
443 443 
0 444 15 1
444 444 
0 445 15 1
445 445 
0 446 15 1
446 446 
0 447 15 1
447 447 
0 448 15 1
448 448 
0 449 15 1
449 449 
0 450 15 1
450 450 
0 451 15 1
451 451 
0 452 15 1
452 452 
0 453 15 1
453 453 
0 454 15 1
454 454 
0 455 15 1
455 455 
0 456 15 1
456 456 
0 457 15 1
457 457 
0 458 15 1
458 458 
0 459 15 1
459 459 
0 460 15 1
460 460 
0 461 15 1
461 461 
0 462 15 1
462 462 
0 463 15 1
463 463 
0 464 15 1
464 464 
0 465 15 1
465 465 
0 466 15 1
466 466 
0 467 15 1
467 467 
0 468 15 1
468 468 
0 469 15 1
469 469 
0 470 15 1
470 470 
0 471 15 1
471 471 
0 472 15 1
472 472 
0 473 15 1
473 473 
0 474 15 1
474 474 
0 475 15 1
475 475 
0 476 15 1
476 476 
0 477 15 1
477 477 
0 478 15 1
478 478 
0 479 15 1
479 479 
0 480 15 1
480 480 
0 481 15 1
481 481 
0 482 15 1
482 482 
0 483 15 1
483 483 
0 484 15 1
484 484 
0 485 15 1
485 485 
0 486 15 1
486 486 
0 487 15 1
487 487 
0 488 15 1
488 488 
0 489 15 1
489 489 
0 490 15 1
490 490 
0 491 15 1
491 491 
0 492 15 1
492 492 
0 493 15 1
493 493 
0 494 15 1
494 494 
0 495 15 1
495 495 
0 496 15 1
496 496 
0 497 15 1
497 497 
0 498 15 1
498 498 
0 499 15 1
499 499 
0 500 15 1
500 500 
0 501 15 1
501 501 
0 502 15 1
502 502 
0 503 15 1
503 503 
0 504 15 1
504 504 
0 505 15 1
505 505 
0 506 15 1
506 506 
0 507 15 1
507 507 
0 508 15 1
508 508 
0 509 15 1
509 509 
0 510 15 1
510 510 
0 511 15 1
511 511 
0 512 15 1
512 512 
0 513 15 1
513 513 
0 514 15 1
514 514 
0 515 15 1
515 515 
0 516 15 1
516 516 
0 517 15 1
517 517 
0 518 15 1
518 518 
0 519 15 1
519 519 
0 520 15 1
520 520 
0 521 15 1
521 521 
0 522 15 1
522 522 
0 523 15 1
523 523 
0 524 15 1
524 524 
0 525 15 1
525 525 
0 526 15 1
526 526 
0 527 15 1
527 527 
0 528 15 1
528 528 
0 529 15 1
529 529 
0 530 15 1
530 530 
0 531 15 1
531 531 
0 532 15 1
532 532 
0 533 15 1
533 533 
0 534 15 1
534 534 
0 535 15 1
535 535 
0 536 15 1
536 536 
0 537 15 1
537 537 
0 538 15 1
538 538 
0 539 15 1
539 539 
0 540 15 1
540 540 
0 541 15 1
541 541 
0 542 15 1
542 542 
0 543 15 1
543 543 
0 544 15 1
544 544 
0 545 15 1
545 545 
0 546 15 1
546 546 
0 547 15 1
547 547 
0 548 15 1
548 548 
0 549 15 1
549 549 
0 550 15 1
550 550 
0 551 15 1
551 551 
0 552 15 1
552 552 
0 553 15 1
553 553 
0 554 15 1
554 554 
0 555 15 1
555 555 
0 556 15 1
556 556 
0 557 15 1
557 557 
0 558 15 1
558 558 
0 559 15 1
559 559 
0 560 15 1
560 560 
0 561 15 1
561 561 
0 562 15 1
562 562 
0 563 15 1
563 563 
0 564 15 1
564 564 
0 565 15 1
565 565 
0 566 15 1
566 566 
0 567 15 1
567 567 
0 568 15 1
568 568 
0 569 15 1
569 569 
0 570 15 1
570 570 
0 571 15 1
571 571 
0 572 15 1
572 572 
0 573 15 1
573 573 
0 574 15 1
574 574 
0 575 15 1
575 575 
0 576 15 1
576 576 
0 577 15 1
577 577 
0 578 15 1
578 578 
0 579 15 1
579 579 
0 580 15 1
580 580 
0 581 15 1
581 581 
0 582 15 1
582 582 
0 583 15 1
583 583 
0 584 15 1
584 584 
0 585 15 1
585 585 
0 586 15 1
586 586 
0 587 15 1
587 587 
0 588 15 1
588 588 
0 589 15 1
589 589 
0 590 15 1
590 590 
0 591 15 1
591 591 
0 592 15 1
592 592 
0 593 15 1
593 593 
0 594 15 1
594 594 
0 595 15 1
595 595 
0 596 15 1
596 596 
0 597 15 1
597 597 
0 598 15 1
598 598 
0 599 15 1
599 599 
0 600 15 1
600 600 
0 601 15 1
601 601 
0 602 15 1
602 602 
0 603 15 1
603 603 
0 604 15 1
604 604 
0 605 15 1
605 605 
0 606 15 1
606 606 
0 607 15 1
607 607 
0 608 15 1
608 608 
0 609 15 1
609 609 
0 610 15 1
610 610 
0 611 15 1
611 611 
0 612 15 1
612 612 
0 613 15 1
613 613 
0 614 15 1
614 614 
0 615 15 1
615 615 
0 616 15 1
616 616 
0 617 15 1
617 617 
0 618 15 1
618 618 
0 619 15 1
619 619 
0 620 15 1
620 620 
0 621 15 1
621 621 
0 622 15 1
622 622 
0 623 15 1
623 623 
0 624 15 1
624 624 
0 625 15 1
625 625 
0 626 15 1
626 626 
0 627 15 1
627 627 
0 628 15 1
628 628 
0 629 15 1
629 629 
0 630 15 1
630 630 
0 631 15 1
631 631 
0 632 15 1
632 632 
0 633 15 1
633 633 
0 634 15 1
634 634 
0 635 15 1
635 635 
0 636 15 1
636 636 
0 637 15 1
637 637 
0 638 15 1
638 638 
0 639 15 1
639 639 
0 640 15 1
640 640 
0 641 15 1
641 641 
0 642 15 1
642 642 
0 643 15 1
643 643 
0 644 15 1
644 644 
0 645 15 1
645 645 
0 646 15 1
646 646 
0 647 15 1
647 647 
0 648 15 1
648 648 
0 649 15 1
649 649 
0 650 15 1
650 650 
0 651 15 1
651 651 
0 652 15 1
652 652 
0 653 15 1
653 653 
0 654 15 1
654 654 
0 655 15 1
655 655 
0 656 15 1
656 656 
0 657 15 1
657 657 
0 658 15 1
658 658 
0 659 15 1
659 659 
0 660 15 1
660 660 
0 661 15 1
661 661 
0 662 15 1
662 662 
0 663 15 1
663 663 
0 664 15 1
664 664 
0 665 15 1
665 665 
0 666 15 1
666 666 
0 667 15 1
667 667 
0 668 15 1
668 668 
0 669 15 1
669 669 
0 670 15 1
670 670 
0 671 15 1
671 671 
0 672 15 1
672 672 
0 673 15 1
673 673 
0 674 15 1
674 674 
0 675 15 1
675 675 
0 676 15 1
676 676 
0 677 15 1
677 677 
0 678 15 1
678 678 
0 679 15 1
679 679 
0 680 15 1
680 680 
0 681 15 1
681 681 
0 682 15 1
682 682 
0 683 15 1
683 683 
0 684 15 1
684 684 
0 685 15 1
685 685 
0 686 15 1
686 686 
0 687 15 1
687 687 
0 688 15 1
688 688 
0 689 15 1
689 689 
0 690 15 1
690 690 
0 691 15 1
691 691 
0 692 15 1
692 692 
0 693 15 1
693 693 
0 694 15 1
694 694 
0 695 15 1
695 695 
0 696 15 1
696 696 
0 697 15 1
697 697 
0 698 15 1
698 698 
0 699 15 1
699 699 
0 700 15 1
700 700 
0 701 15 1
701 701 
0 702 15 1
702 702 
0 703 15 1
703 703 
0 704 15 1
704 704 
0 705 15 1
705 705 
0 706 15 1
706 706 
0 707 15 1
707 707 
0 708 15 1
708 708 
0 709 15 1
709 709 
0 710 15 1
710 710 
0 711 15 1
711 711 
0 712 15 1
712 712 
0 713 15 1
713 713 
0 714 15 1
714 714 
0 715 15 1
715 715 
0 716 15 1
716 716 
0 717 15 1
717 717 
0 718 15 1
718 718 
0 719 15 1
719 719 
0 720 15 1
720 720 
0 721 15 1
721 721 
0 722 15 1
722 722 
0 723 15 1
723 723 
0 724 15 1
724 724 
0 725 15 1
725 725 
0 726 15 1
726 726 
0 727 15 1
727 727 
0 728 15 1
728 728 
0 729 15 1
729 729 
0 730 15 1
730 730 
0 731 15 1
731 731 
0 732 15 1
732 732 
0 733 15 1
733 733 
0 734 15 1
734 734 
0 735 15 1
735 735 
0 736 15 1
736 736 
0 737 15 1
737 737 
0 738 15 1
738 738 
0 739 15 1
739 739 
0 740 15 1
740 740 
0 741 15 1
741 741 
0 742 15 1
742 742 
0 743 15 1
743 743 
0 744 15 1
744 744 
0 745 15 1
745 745 
0 746 15 1
746 746 
0 747 15 1
747 747 
0 748 15 1
748 748 
0 749 15 1
749 749 
0 750 15 1
750 750 
0 751 15 1
751 751 
0 752 15 1
752 752 
0 753 15 1
753 753 
0 754 15 1
754 754 
0 755 15 1
755 755 
0 756 15 1
756 756 
0 757 15 1
757 757 
0 758 15 1
758 758 
0 759 15 1
759 759 
0 760 15 1
760 760 
0 761 15 1
761 761 
0 762 15 1
762 762 
0 763 15 1
763 763 
0 764 15 1
764 764 
0 765 15 1
765 765 
0 766 15 1
766 766 
0 767 15 1
767 767 
0 768 15 1
768 768 
0 769 15 1
769 769 
0 770 15 1
770 770 
0 771 15 1
771 771 
0 772 15 1
772 772 
0 773 15 1
773 773 
0 774 15 1
774 774 
0 775 15 1
775 775 
0 776 15 1
776 776 
0 777 15 1
777 777 
0 778 15 1
778 778 
0 779 15 1
779 779 
0 780 15 1
780 780 
0 781 15 1
781 781 
0 782 15 1
782 782 
0 783 15 1
783 783 
0 784 15 1
784 784 
0 785 15 1
785 785 
0 786 15 1
786 786 
0 787 15 1
787 787 
0 788 15 1
788 788 
0 789 15 1
789 789 
0 790 15 1
790 790 
0 791 15 1
791 791 
0 792 15 1
792 792 
0 793 15 1
793 793 
0 794 15 1
794 794 
0 795 15 1
795 795 
0 796 15 1
796 796 
0 797 15 1
797 797 
0 798 15 1
798 798 
0 799 15 1
799 799 
0 800 15 1
800 800 
0 801 15 1
801 801 
0 802 15 1
802 802 
0 803 15 1
803 803 
0 804 15 1
804 804 
0 805 15 1
805 805 
0 806 15 1
806 806 
0 807 15 1
807 807 
0 808 15 1
808 808 
0 809 15 1
809 809 
0 810 15 1
810 810 
0 811 15 1
811 811 
0 812 15 1
812 812 
0 813 15 1
813 813 
0 814 15 1
814 814 
0 815 15 1
815 815 
0 816 15 1
816 816 
0 817 15 1
817 817 
0 818 15 1
818 818 
0 819 15 1
819 819 
0 820 15 1
820 820 
0 821 15 1
821 821 
0 822 15 1
822 822 
0 823 15 1
823 823 
0 824 15 1
824 824 
0 825 15 1
825 825 
0 826 15 1
826 826 
0 827 15 1
827 827 
0 828 15 1
828 828 
0 829 15 1
829 829 
0 830 15 1
830 830 
0 831 15 1
831 831 
0 832 15 1
832 832 
0 833 15 1
833 833 
0 834 15 1
834 834 
0 835 15 1
835 835 
0 836 15 1
836 836 
0 837 15 1
837 837 
0 838 15 1
838 838 
0 839 15 1
839 839 
0 840 15 1
840 840 
0 841 15 1
841 841 
0 842 15 1
842 842 
0 843 15 1
843 843 
0 844 15 1
844 844 
0 845 15 1
845 845 
0 846 15 1
846 846 
0 847 15 1
847 847 
0 848 15 1
848 848 
0 849 15 1
849 849 
0 850 15 1
850 850 
0 851 15 1
851 851 
0 852 15 1
852 852 
0 853 15 1
853 853 
0 854 15 1
854 854 
0 855 15 1
855 855 
0 856 15 1
856 856 
0 857 15 1
857 857 
0 858 15 1
858 858 
0 859 15 1
859 859 
0 860 15 1
860 860 
0 861 15 1
861 861 
0 862 15 1
862 862 
0 863 15 1
863 863 
0 864 15 1
864 864 
0 865 15 1
865 865 
0 866 15 1
866 866 
0 867 15 1
867 867 
0 868 15 1
868 868 
0 869 15 1
869 869 
0 870 15 1
870 870 
0 871 15 1
871 871 
0 872 15 1
872 872 
0 873 15 1
873 873 
0 874 15 1
874 874 
0 875 15 1
875 875 
0 876 15 1
876 876 
0 877 15 1
877 877 
0 878 15 1
878 878 
0 879 15 1
879 879 
0 880 15 1
880 880 
0 881 15 1
881 881 
0 882 15 1
882 882 
0 883 15 1
883 883 
0 884 15 1
884 884 
0 885 15 1
885 885 
0 886 15 1
886 886 
0 887 15 1
887 887 
0 888 15 1
888 888 
0 889 15 1
889 889 
0 890 15 1
890 890 
0 891 15 1
891 891 
0 892 15 1
892 892 
0 893 15 1
893 893 
0 894 15 1
894 894 
0 895 15 1
895 895 
0 896 15 1
896 896 
0 897 15 1
897 897 
0 898 15 1
898 898 
0 899 15 1
899 899 
0 900 15 1
900 900 
0 901 15 1
901 901 
0 902 15 1
902 902 
0 903 15 1
903 903 
0 904 15 1
904 904 
0 905 15 1
905 905 
0 906 15 1
906 906 
0 907 15 1
907 907 
0 908 15 1
908 908 
0 909 15 1
909 909 
0 910 15 1
910 910 
0 911 15 1
911 911 
0 912 15 1
912 912 
0 913 15 1
913 913 
0 914 15 1
914 914 
0 915 15 1
915 915 
0 916 15 1
916 916 
0 917 15 1
917 917 
0 918 15 1
918 918 
0 919 15 1
919 919 
0 920 15 1
920 920 
0 921 15 1
921 921 
0 922 15 1
922 922 
0 923 15 1
923 923 
0 924 15 1
924 924 
0 925 15 1
925 925 
0 926 15 1
926 926 
0 927 15 1
927 927 
0 928 15 1
928 928 
0 929 15 1
929 929 
0 930 15 1
930 930 
0 931 15 1
931 931 
1 1 1 55
932 1 932 
933 932 933 
934 933 934 
935 934 935 
936 935 936 
937 936 937 
938 937 938 
939 938 939 
940 939 940 
941 940 941 
942 941 942 
943 942 943 
944 943 944 
945 944 945 
946 945 946 
947 946 947 
948 947 948 
949 948 949 
950 949 950 
951 950 951 
952 951 952 
953 952 953 
954 953 954 
955 954 955 
956 955 956 
957 956 957 
958 957 958 
959 958 959 
960 959 960 
961 960 961 
962 961 962 
963 962 963 
964 963 964 
965 964 965 
966 965 966 
967 966 967 
968 967 968 
969 968 969 
970 969 970 
971 970 971 
972 971 972 
973 972 973 
974 973 974 
975 974 975 
976 975 976 
977 976 977 
978 977 978 
979 978 979 
980 979 980 
981 980 981 
982 981 982 
983 982 983 
984 983 984 
985 984 985 
986 985 79 
1 2 1 56
987 80 986 
988 986 987 
989 987 988 
990 988 989 
991 989 990 
992 990 991 
993 991 992 
994 992 993 
995 993 994 
996 994 995 
997 995 996 
998 996 997 
999 997 998 
1000 998 999 
1001 999 1000 
1002 1000 1001 
1003 1001 1002 
1004 1002 1003 
1005 1003 1004 
1006 1004 1005 
1007 1005 1006 
1008 1006 1007 
1009 1007 1008 
1010 1008 1009 
1011 1009 1010 
1012 1010 1011 
1013 1011 1012 
1014 1012 1013 
1015 1013 1014 
1016 1014 1015 
1017 1015 1016 
1018 1016 1017 
1019 1017 1018 
1020 1018 1019 
1021 1019 1020 
1022 1020 1021 
1023 1021 1022 
1024 1022 1023 
1025 1023 1024 
1026 1024 1025 
1027 1025 1026 
1028 1026 1027 
1029 1027 1028 
1030 1028 1029 
1031 1029 1030 
1032 1030 1031 
1033 1031 1032 
1034 1032 1033 
1035 1033 1034 
1036 1034 1035 
1037 1035 1036 
1038 1036 1037 
1039 1037 1038 
1040 1038 1039 
1041 1039 1040 
1042 1040 208 
1 3 1 57
1043 209 1041 
1044 1041 1042 
1045 1042 1043 
1046 1043 1044 
1047 1044 1045 
1048 1045 1046 
1049 1046 1047 
1050 1047 1048 
1051 1048 1049 
1052 1049 1050 
1053 1050 1051 
1054 1051 1052 
1055 1052 1053 
1056 1053 1054 
1057 1054 1055 
1058 1055 1056 
1059 1056 1057 
1060 1057 1058 
1061 1058 1059 
1062 1059 1060 
1063 1060 1061 
1064 1061 1062 
1065 1062 1063 
1066 1063 1064 
1067 1064 1065 
1068 1065 1066 
1069 1066 1067 
1070 1067 1068 
1071 1068 1069 
1072 1069 1070 
1073 1070 1071 
1074 1071 1072 
1075 1072 1073 
1076 1073 1074 
1077 1074 1075 
1078 1075 1076 
1079 1076 1077 
1080 1077 1078 
1081 1078 1079 
1082 1079 1080 
1083 1080 1081 
1084 1081 1082 
1085 1082 1083 
1086 1083 1084 
1087 1084 1085 
1088 1085 1086 
1089 1086 1087 
1090 1087 1088 
1091 1088 1089 
1092 1089 1090 
1093 1090 1091 
1094 1091 1092 
1095 1092 1093 
1096 1093 1094 
1097 1094 1095 
1098 1095 1096 
1099 1096 341 
1 4 1 60
1100 342 1097 
1101 1097 1098 
1102 1098 1099 
1103 1099 1100 
1104 1100 1101 
1105 1101 1102 
1106 1102 1103 
1107 1103 1104 
1108 1104 1105 
1109 1105 1106 
1110 1106 1107 
1111 1107 1108 
1112 1108 1109 
1113 1109 1110 
1114 1110 1111 
1115 1111 1112 
1116 1112 1113 
1117 1113 1114 
1118 1114 1115 
1119 1115 1116 
1120 1116 1117 
1121 1117 1118 
1122 1118 1119 
1123 1119 1120 
1124 1120 1121 
1125 1121 1122 
1126 1122 1123 
1127 1123 1124 
1128 1124 1125 
1129 1125 1126 
1130 1126 1127 
1131 1127 1128 
1132 1128 1129 
1133 1129 1130 
1134 1130 1131 
1135 1131 1132 
1136 1132 1133 
1137 1133 1134 
1138 1134 1135 
1139 1135 1136 
1140 1136 1137 
1141 1137 1138 
1142 1138 1139 
1143 1139 1140 
1144 1140 1141 
1145 1141 1142 
1146 1142 1143 
1147 1143 1144 
1148 1144 1145 
1149 1145 1146 
1150 1146 1147 
1151 1147 1148 
1152 1148 1149 
1153 1149 1150 
1154 1150 1151 
1155 1151 1152 
1156 1152 1153 
1157 1153 1154 
1158 1154 1155 
1159 1155 482 
1 5 1 63
1160 483 1156 
1161 1156 1157 
1162 1157 1158 
1163 1158 1159 
1164 1159 1160 
1165 1160 1161 
1166 1161 1162 
1167 1162 1163 
1168 1163 1164 
1169 1164 1165 
1170 1165 1166 
1171 1166 1167 
1172 1167 1168 
1173 1168 1169 
1174 1169 1170 
1175 1170 1171 
1176 1171 1172 
1177 1172 1173 
1178 1173 1174 
1179 1174 1175 
1180 1175 1176 
1181 1176 1177 
1182 1177 1178 
1183 1178 1179 
1184 1179 1180 
1185 1180 1181 
1186 1181 1182 
1187 1182 1183 
1188 1183 1184 
1189 1184 1185 
1190 1185 1186 
1191 1186 1187 
1192 1187 1188 
1193 1188 1189 
1194 1189 1190 
1195 1190 1191 
1196 1191 1192 
1197 1192 1193 
1198 1193 1194 
1199 1194 1195 
1200 1195 1196 
1201 1196 1197 
1202 1197 1198 
1203 1198 1199 
1204 1199 1200 
1205 1200 1201 
1206 1201 1202 
1207 1202 1203 
1208 1203 1204 
1209 1204 1205 
1210 1205 1206 
1211 1206 1207 
1212 1207 1208 
1213 1208 1209 
1214 1209 1210 
1215 1210 1211 
1216 1211 1212 
1217 1212 1213 
1218 1213 1214 
1219 1214 1215 
1220 1215 1216 
1221 1216 1217 
1222 1217 629 
1 6 1 64
1223 630 1218 
1224 1218 1219 
1225 1219 1220 
1226 1220 1221 
1227 1221 1222 
1228 1222 1223 
1229 1223 1224 
1230 1224 1225 
1231 1225 1226 
1232 1226 1227 
1233 1227 1228 
1234 1228 1229 
1235 1229 1230 
1236 1230 1231 
1237 1231 1232 
1238 1232 1233 
1239 1233 1234 
1240 1234 1235 
1241 1235 1236 
1242 1236 1237 
1243 1237 1238 
1244 1238 1239 
1245 1239 1240 
1246 1240 1241 
1247 1241 1242 
1248 1242 1243 
1249 1243 1244 
1250 1244 1245 
1251 1245 1246 
1252 1246 1247 
1253 1247 1248 
1254 1248 1249 
1255 1249 1250 
1256 1250 1251 
1257 1251 1252 
1258 1252 1253 
1259 1253 1254 
1260 1254 1255 
1261 1255 1256 
1262 1256 1257 
1263 1257 1258 
1264 1258 1259 
1265 1259 1260 
1266 1260 1261 
1267 1261 1262 
1268 1262 1263 
1269 1263 1264 
1270 1264 1265 
1271 1265 1266 
1272 1266 1267 
1273 1267 1268 
1274 1268 1269 
1275 1269 1270 
1276 1270 1271 
1277 1271 1272 
1278 1272 1273 
1279 1273 1274 
1280 1274 1275 
1281 1275 1276 
1282 1276 1277 
1283 1277 1278 
1284 1278 1279 
1285 1279 1280 
1286 1280 779 
1 7 1 65
1287 780 1281 
1288 1281 1282 
1289 1282 1283 
1290 1283 1284 
1291 1284 1285 
1292 1285 1286 
1293 1286 1287 
1294 1287 1288 
1295 1288 1289 
1296 1289 1290 
1297 1290 1291 
1298 1291 1292 
1299 1292 1293 
1300 1293 1294 
1301 1294 1295 
1302 1295 1296 
1303 1296 1297 
1304 1297 1298 
1305 1298 1299 
1306 1299 1300 
1307 1300 1301 
1308 1301 1302 
1309 1302 1303 
1310 1303 1304 
1311 1304 1305 
1312 1305 1306 
1313 1306 1307 
1314 1307 1308 
1315 1308 1309 
1316 1309 1310 
1317 1310 1311 
1318 1311 1312 
1319 1312 1313 
1320 1313 1314 
1321 1314 1315 
1322 1315 1316 
1323 1316 1317 
1324 1317 1318 
1325 1318 1319 
1326 1319 1320 
1327 1320 1321 
1328 1321 1322 
1329 1322 1323 
1330 1323 1324 
1331 1324 1325 
1332 1325 1326 
1333 1326 1327 
1334 1327 1328 
1335 1328 1329 
1336 1329 1330 
1337 1330 1331 
1338 1331 1332 
1339 1332 1333 
1340 1333 1334 
1341 1334 1335 
1342 1335 1336 
1343 1336 1337 
1344 1337 1338 
1345 1338 1339 
1346 1339 1340 
1347 1340 1341 
1348 1341 1342 
1349 1342 1343 
1350 1343 1344 
1351 1344 931 
1 8 1 2
1352 1 1345 
1353 1345 80 
1 9 1 2
1354 79 1346 
1355 1346 208 
1 10 1 2
1356 80 1347 
1357 1347 209 
1 11 1 2
1358 208 1348 
1359 1348 341 
1 12 1 2
1360 209 1349 
1361 1349 342 
1 13 1 2
1362 341 1350 
1363 1350 482 
1 14 1 4
1364 342 1351 
1365 1351 1352 
1366 1352 1353 
1367 1353 483 
1 15 1 2
1368 482 1354 
1369 1354 629 
1 16 1 2
1370 483 1355 
1371 1355 630 
1 17 1 2
1372 629 1356 
1373 1356 779 
1 18 1 2
1374 630 1357 
1375 1357 780 
1 19 1 2
1376 779 1358 
1377 1358 931 
2 1 2 327
1378 79 1437 985 
1379 1409 1448 983 
1380 947 1397 946 
1381 932 1427 1 
1382 1411 1423 1362 
1383 984 1409 983 
1384 1398 1433 1361 
1385 1419 1433 1398 
1386 1388 1454 1435 
1387 1396 1444 943 
1388 987 934 988 
1389 1370 1402 1366 
1390 987 933 934 
1391 1373 1446 1431 
1392 1366 1423 1411 
1393 1429 1438 1384 
1394 1397 1465 946 
1395 985 1409 984 
1396 1365 1438 1429 
1397 1435 1454 1368 
1398 1389 1438 1415 
1399 1394 1417 977 
1400 1431 1446 1380 
1401 977 1460 1394 
1402 1415 1438 1365 
1403 1390 1400 980 
1404 947 1401 1397 
1405 1393 1458 1367 
1406 1375 1421 1405 
1407 1367 1425 1393 
1408 1375 1405 1404 
1409 987 986 933 
1410 943 1444 1383 
1411 986 932 933 
1412 941 1438 940 
1413 946 1465 1399 
1414 1361 1461 1398 
1415 1384 1438 941 
1416 1368 1433 1419 
1417 980 1400 979 
1418 985 1437 1040 
1419 971 1370 1366 
1420 1396 1464 1444 
1421 1362 1432 1411 
1422 1418 1425 1367 
1423 1370 1410 1402 
1424 1402 1423 1366 
1425 1376 1443 1404 
1426 1405 1421 1013 
1427 1371 1455 1401 
1428 1399 1465 999 
1429 1379 1425 1418 
1430 1390 1436 1400 
1431 1408 1410 1370 
1432 1414 1447 1445 
1433 1377 1413 950 
1434 1404 1443 958 
1435 1419 1435 1368 
1436 1445 1447 1359 
1437 1392 1450 1009 
1438 1380 1446 1417 
1439 1369 1424 1416 
1440 1401 1420 1371 
1441 999 1434 1399 
1442 975 1446 1373 
1443 1385 1407 968 
1444 955 1428 1392 
1445 1408 1424 1369 
1446 1381 1448 1409 
1447 1372 1451 1007 
1448 1403 1458 1393 
1449 1369 1410 1408 
1450 968 1407 967 
1451 1412 1430 1004 
1452 938 1433 937 
1453 1428 1450 1392 
1454 1383 1429 1384 
1455 1392 1456 955 
1456 954 1372 953 
1457 1007 1440 1372 
1458 950 1413 949 
1459 995 1429 996 
1460 948 1401 947 
1461 1393 1425 963 
1462 946 1399 945 
1463 951 1378 1377 
1464 1398 1415 993 
1465 1412 1413 1377 
1466 959 1404 958 
1467 1008 1392 1009 
1468 940 1389 939 
1469 957 1391 956 
1470 1400 1436 1035 
1471 981 1390 980 
1472 1417 1452 1380 
1473 1361 1433 938 
1474 1363 1403 1393 
1475 1010 1426 1011 
1476 937 1368 936 
1477 1401 1455 1397 
1478 1363 1393 964 
1479 973 1408 972 
1480 960 1375 959 
1481 1000 1397 1001 
1482 975 1373 974 
1483 993 1415 994 
1484 967 1407 1364 
1485 951 1377 950 
1486 971 1366 970 
1487 962 1379 961 
1488 967 1364 966 
1489 969 1385 968 
1490 992 1398 993 
1491 964 1393 963 
1492 965 1363 964 
1493 979 1400 1395 
1494 1365 1429 995 
1495 935 1454 1406 
1496 949 1420 948 
1497 979 1395 978 
1498 982 1422 981 
1499 1037 1381 1038 
1500 1038 1409 1039 
1501 994 1365 995 
1502 1002 1371 1003 
1503 939 1389 1361 
1504 1021 1360 1022 
1505 1019 1359 1020 
1506 1011 1376 1012 
1507 1024 1423 1025 
1508 1026 1410 1027 
1509 1027 1369 1028 
1510 1028 1416 1029 
1511 1023 1362 1024 
1512 1025 1402 1026 
1513 1030 1380 1031 
1514 1381 1409 1038 
1515 1027 1410 1369 
1516 939 1361 938 
1517 1021 1387 1360 
1518 1023 1386 1362 
1519 1013 1421 1014 
1520 1032 1394 1033 
1521 989 1388 990 
1522 1016 1367 1017 
1523 1015 1418 1016 
1524 1014 1374 1015 
1525 1364 1414 966 
1526 966 1414 965 
1527 991 1419 992 
1528 1402 1410 1026 
1529 1374 1418 1015 
1530 989 1406 1388 
1531 962 1425 1379 
1532 952 1378 951 
1533 943 1383 942 
1534 994 1415 1365 
1535 944 1396 943 
1536 960 1439 1375 
1537 965 1414 1363 
1538 1016 1418 1367 
1539 1372 1382 953 
1540 1374 1439 1379 
1541 1379 1418 1374 
1542 948 1420 1401 
1543 992 1419 1398 
1544 1434 1464 1396 
1545 1429 1444 996 
1546 963 1425 962 
1547 970 1411 969 
1548 1035 1463 1400 
1549 1383 1384 942 
1550 1004 1430 1005 
1551 977 1417 976 
1552 1014 1421 1374 
1553 1025 1423 1402 
1554 1379 1439 961 
1555 1011 1426 1376 
1556 1020 1387 1021 
1557 1018 1458 1403 
1558 1375 1404 959 
1559 1003 1412 1004 
1560 1406 1454 1388 
1561 1369 1416 1028 
1562 969 1411 1385 
1563 1426 1443 1376 
1564 1362 1423 1024 
1565 1366 1411 970 
1566 934 1406 988 
1567 978 1460 977 
1568 1022 1386 1023 
1569 986 1427 932 
1570 1430 1441 1005 
1571 973 1424 1408 
1572 1453 1457 1360 
1573 935 1406 934 
1574 940 1438 1389 
1575 1372 1440 1382 
1576 972 1408 1370 
1577 1037 1442 1381 
1578 1377 1430 1412 
1579 999 1465 1000 
1580 952 1382 1378 
1581 1407 1457 1453 
1582 1371 1412 1003 
1583 998 1464 1434 
1584 974 1424 973 
1585 1381 1442 1422 
1586 1416 1424 1373 
1587 961 1439 960 
1588 1397 1455 1001 
1589 1002 1455 1371 
1590 981 1422 1390 
1591 1005 1441 1006 
1592 1360 1386 1022 
1593 1416 1431 1029 
1594 1007 1451 1008 
1595 1030 1431 1380 
1596 1373 1424 974 
1597 1373 1431 1416 
1598 1371 1413 1412 
1599 953 1382 952 
1600 956 1428 955 
1601 1417 1446 976 
1602 1359 1387 1020 
1603 1017 1458 1018 
1604 1414 1445 1363 
1605 1415 1461 1389 
1606 1019 1459 1359 
1607 1421 1439 1374 
1608 1399 1449 945 
1609 1032 1452 1394 
1610 1029 1431 1030 
1611 1375 1439 1421 
1612 988 1406 989 
1613 937 1433 1368 
1614 1368 1454 936 
1615 1383 1444 1429 
1616 1403 1459 1018 
1617 1394 1452 1417 
1618 942 1384 941 
1619 1391 1428 956 
1620 972 1370 971 
1621 990 1435 991 
1622 1378 1441 1430 
1623 1404 1405 1376 
1624 1378 1430 1377 
1625 1380 1452 1031 
1626 1388 1435 990 
1627 991 1435 1419 
1628 996 1444 997 
1629 1434 1449 1399 
1630 957 1443 1391 
1631 998 1434 999 
1632 1391 1443 1426 
1633 1386 1432 1362 
1634 1385 1457 1407 
1635 1396 1449 1434 
1636 1363 1445 1403 
1637 982 1448 1422 
1638 1034 1463 1035 
1639 1036 1442 1037 
1640 1390 1442 1436 
1641 954 1456 1372 
1642 983 1448 982 
1643 1010 1450 1426 
1644 1033 1462 1034 
1645 1407 1453 1364 
1646 1359 1459 1445 
1647 945 1449 944 
1648 1413 1420 949 
1649 1009 1450 1010 
1650 1008 1451 1392 
1651 1031 1452 1032 
1652 1394 1462 1033 
1653 955 1456 954 
1654 976 1446 975 
1655 1382 1441 1378 
1656 1376 1405 1012 
1657 1387 1453 1360 
1658 944 1449 1396 
1659 936 1454 935 
1660 1035 1436 1036 
1661 1389 1461 1361 
1662 1364 1447 1414 
1663 1395 1460 978 
1664 1462 1463 1034 
1665 958 1443 957 
1666 1440 1441 1382 
1667 1422 1448 1381 
1668 1422 1442 1390 
1669 1006 1440 1007 
1670 1391 1450 1428 
1671 1001 1455 1002 
1672 1360 1457 1386 
1673 997 1464 998 
1674 1018 1459 1019 
1675 1398 1461 1415 
1676 1367 1458 1017 
1677 1012 1405 1013 
1678 1000 1465 1397 
1679 1400 1463 1395 
1680 1372 1456 1451 
1681 1006 1441 1440 
1682 1444 1464 997 
1683 1345 1427 80 
1684 1346 1437 79 
1685 1411 1432 1385 
1686 1359 1447 1387 
1687 1426 1450 1391 
1688 1436 1442 1036 
1689 1371 1420 1413 
1690 1395 1463 1462 
1691 1447 1453 1387 
1692 1386 1457 1432 
1693 1445 1459 1403 
1694 1364 1453 1447 
1695 1460 1462 1394 
1696 1451 1456 1392 
1697 1395 1462 1460 
1698 1432 1457 1385 
1699 80 1427 986 
1700 1040 1437 208 
1701 1 1427 1345 
1702 208 1437 1346 
1703 1040 1409 985 
1704 1039 1409 1040 
2 2 2 221
1705 1093 1037 1038 
1706 1093 1038 1094 
1707 80 1516 1347 
1708 1347 1516 209 
1709 1040 1096 1095 
1710 1094 1038 1039 
1711 1094 1039 1095 
1712 1084 1487 1482 
1713 1095 1039 1040 
1714 1083 1487 1084 
1715 1476 1481 1046 
1716 1083 1496 1487 
1717 1082 1496 1083 
1718 1501 1505 1002 
1719 1046 1481 1047 
1720 1085 1482 1479 
1721 1082 1508 1496 
1722 1081 1508 1082 
1723 1084 1482 1085 
1724 1057 1505 1501 
1725 1494 1499 1079 
1726 1079 1499 1080 
1727 1485 1494 1078 
1728 996 1509 995 
1729 1086 1479 1472 
1730 996 1510 1509 
1731 1499 1508 1081 
1732 1481 1488 1048 
1733 1047 1481 1048 
1734 1080 1499 1081 
1735 1078 1494 1079 
1736 1477 1485 1077 
1737 1085 1479 1086 
1738 1488 1500 1049 
1739 1048 1488 1049 
1740 1077 1485 1078 
1741 997 1510 996 
1742 997 1512 1510 
1743 1042 1515 987 
1744 1474 1477 1076 
1745 1470 1474 1075 
1746 1076 1477 1077 
1747 998 1513 1512 
1748 998 1512 997 
1749 1473 1476 1045 
1750 1075 1474 1076 
1751 1511 1513 999 
1752 999 1513 998 
1753 1044 1498 1473 
1754 1507 1511 1000 
1755 1000 1511 999 
1756 1045 1476 1046 
1757 1505 1507 1001 
1758 987 1504 1042 
1759 1472 1478 1087 
1760 1467 1468 1072 
1761 1072 1468 1073 
1762 1001 1507 1000 
1763 1468 1469 1073 
1764 1073 1469 1074 
1765 1469 1470 1074 
1766 1074 1470 1075 
1767 1071 1467 1072 
1768 1086 1472 1087 
1769 1071 1471 1467 
1770 1002 1505 1001 
1771 1093 1517 1037 
1772 1473 1498 989 
1773 1070 1471 1071 
1774 1070 1475 1471 
1775 990 1476 1473 
1776 1040 1466 1096 
1777 1069 1475 1070 
1778 1057 1501 1058 
1779 1069 1480 1475 
1780 1501 1506 1058 
1781 1058 1506 1059 
1782 991 1481 1476 
1783 1043 1498 1044 
1784 1068 1480 1069 
1785 1020 1474 1470 
1786 1049 1518 1050 
1787 1031 1478 1472 
1788 1068 1483 1480 
1789 1059 1502 1060 
1790 1067 1483 1068 
1791 1087 1478 1088 
1792 1017 1467 1016 
1793 1478 1484 1088 
1794 1066 1489 1486 
1795 1060 1497 1061 
1796 1018 1468 1017 
1797 1061 1495 1062 
1798 1017 1468 1467 
1799 1467 1471 1016 
1800 1472 1479 1030 
1801 1018 1469 1468 
1802 1059 1506 1502 
1803 1019 1469 1018 
1804 1041 1516 986 
1805 1061 1497 1495 
1806 1067 1486 1483 
1807 1060 1502 1497 
1808 1019 1470 1469 
1809 1062 1491 1063 
1810 1016 1471 1015 
1811 1020 1470 1019 
1812 995 1518 994 
1813 1066 1486 1067 
1814 1031 1472 1030 
1815 1021 1477 1474 
1816 1063 1492 1064 
1817 1044 1473 1045 
1818 1062 1495 1491 
1819 1471 1475 1015 
1820 1491 1492 1063 
1821 1479 1482 1029 
1822 1484 1493 1089 
1823 1064 1490 1065 
1824 1475 1480 1014 
1825 1015 1475 1014 
1826 1065 1489 1066 
1827 1064 1492 1490 
1828 1022 1477 1021 
1829 1032 1484 1478 
1830 1021 1474 1020 
1831 1088 1484 1089 
1832 1065 1490 1489 
1833 1032 1478 1031 
1834 1500 1518 1049 
1835 1030 1479 1029 
1836 990 1473 989 
1837 1023 1494 1485 
1838 1033 1493 1484 
1839 992 1481 991 
1840 1482 1487 1028 
1841 1022 1485 1477 
1842 1014 1480 1013 
1843 1486 1489 1011 
1844 1041 1515 1042 
1845 1480 1483 1013 
1846 992 1488 1481 
1847 991 1476 990 
1848 1033 1484 1032 
1849 1013 1483 1012 
1850 1089 1493 1090 
1851 1029 1482 1028 
1852 1024 1499 1494 
1853 987 1515 986 
1854 988 1504 987 
1855 1023 1485 1022 
1856 1483 1486 1012 
1857 1493 1503 1090 
1858 1012 1486 1011 
1859 1028 1487 1027 
1860 1090 1503 1091 
1861 993 1500 1488 
1862 1011 1489 1010 
1863 993 1488 992 
1864 1010 1490 1009 
1865 1056 1507 1505 
1866 1009 1492 1008 
1867 1034 1493 1033 
1868 1091 1514 1092 
1869 1008 1491 1007 
1870 1025 1508 1499 
1871 1024 1494 1023 
1872 1489 1490 1010 
1873 1487 1496 1027 
1874 989 1498 988 
1875 1490 1492 1009 
1876 1092 1517 1093 
1877 1007 1495 1006 
1878 1008 1492 1491 
1879 1034 1503 1493 
1880 1503 1514 1091 
1881 1054 1513 1511 
1882 1509 1518 995 
1883 1027 1496 1026 
1884 1495 1497 1006 
1885 1510 1512 1052 
1886 994 1500 993 
1887 1006 1497 1005 
1888 1512 1513 1053 
1889 1025 1499 1024 
1890 1055 1511 1507 
1891 1003 1501 1002 
1892 1042 1504 1043 
1893 1497 1502 1005 
1894 1055 1507 1056 
1895 1035 1503 1034 
1896 1005 1502 1004 
1897 1509 1510 1051 
1898 1496 1508 1026 
1899 1003 1506 1501 
1900 1056 1505 1057 
1901 1491 1495 1007 
1902 1004 1506 1003 
1903 1050 1509 1051 
1904 1051 1510 1052 
1905 1054 1511 1055 
1906 1026 1508 1025 
1907 1035 1514 1503 
1908 1052 1512 1053 
1909 1053 1513 1054 
1910 1036 1514 1035 
1911 1502 1506 1004 
1912 1037 1517 1036 
1913 1514 1517 1092 
1914 986 1515 1041 
1915 1036 1517 1514 
1916 1498 1504 988 
1917 1043 1504 1498 
1918 1348 1466 208 
1919 994 1518 1500 
1920 1050 1518 1509 
1921 986 1516 80 
1922 208 1466 1040 
1923 209 1516 1041 
1924 1096 1466 341 
1925 341 1466 1348 
2 3 2 231
1926 1099 1520 1519 
1927 1522 1524 1041 
1928 1045 1526 1521 
1929 1099 1519 1100 
1930 1046 1526 1045 
1931 342 1524 1097 
1932 1147 1088 1148 
1933 1148 1088 1089 
1934 1139 1544 1541 
1935 1155 1095 1096 
1936 1154 1095 1155 
1937 1541 1544 1080 
1938 1135 1531 1136 
1939 1154 1094 1095 
1940 1531 1532 1136 
1941 1154 1153 1094 
1942 1148 1089 1149 
1943 1149 1089 1090 
1944 1153 1093 1094 
1945 1152 1092 1093 
1946 1152 1093 1153 
1947 1151 1092 1152 
1948 1151 1091 1092 
1949 1149 1090 1150 
1950 1150 1091 1151 
1951 1150 1090 1091 
1952 1523 1525 1043 
1953 1097 1524 1522 
1954 1526 1533 1521 
1955 1523 1574 1525 
1956 1046 1535 1526 
1957 1107 1571 1049 
1958 1049 1570 1107 
1959 1530 1531 1134 
1960 1134 1531 1135 
1961 1136 1532 1137 
1962 1532 1534 1137 
1963 1098 1520 1099 
1964 1042 1522 1041 
1965 1529 1530 1133 
1966 1534 1544 1138 
1967 1137 1534 1138 
1968 1133 1530 1134 
1969 1044 1523 1043 
1970 1564 1567 1051 
1971 1109 1567 1564 
1972 1138 1544 1139 
1973 1525 1574 1520 
1974 1081 1550 1541 
1975 1047 1535 1046 
1976 1082 1550 1081 
1977 1082 1559 1550 
1978 1521 1523 1044 
1979 1045 1521 1044 
1980 1081 1541 1080 
1981 1083 1559 1082 
1982 1129 1565 1563 
1983 1100 1519 1101 
1984 1563 1565 1071 
1985 1083 1566 1559 
1986 1047 1569 1535 
1987 1132 1529 1133 
1988 1132 1537 1529 
1989 1084 1566 1083 
1990 1042 1525 1522 
1991 482 1527 1350 
1992 1048 1571 1569 
1993 1048 1569 1047 
1994 1520 1574 1519 
1995 1043 1525 1042 
1996 1522 1545 1097 
1997 1097 1545 1098 
1998 1085 1558 1084 
1999 1131 1537 1132 
2000 1131 1553 1537 
2001 1147 1573 1088 
2002 1098 1545 1520 
2003 1558 1566 1084 
2004 1554 1568 1145 
2005 1049 1571 1048 
2006 1096 1527 1155 
2007 1521 1533 1528 
2008 1107 1570 1108 
2009 1051 1567 1050 
2010 1130 1553 1131 
2011 1077 1532 1531 
2012 1130 1563 1553 
2013 1086 1568 1554 
2014 1109 1564 1110 
2015 1075 1530 1529 
2016 1536 1539 1060 
2017 1552 1555 1054 
2018 1555 1557 1053 
2019 1551 1552 1055 
2020 1144 1554 1145 
2021 1542 1547 1057 
2022 1520 1545 1525 
2023 1054 1555 1053 
2024 1129 1563 1130 
2025 1547 1551 1056 
2026 1055 1552 1054 
2027 1056 1551 1055 
2028 1058 1542 1057 
2029 1061 1536 1060 
2030 1076 1531 1530 
2031 1053 1557 1052 
2032 1519 1572 1101 
2033 1118 1539 1536 
2034 1078 1534 1532 
2035 1540 1542 1058 
2036 1059 1540 1058 
2037 1079 1544 1534 
2038 1060 1539 1059 
2039 1066 1556 1549 
2040 1115 1547 1542 
2041 1349 1524 342 
2042 1529 1537 1074 
2043 1063 1543 1062 
2044 1057 1547 1056 
2045 1117 1539 1118 
2046 1070 1562 1069 
2047 1119 1538 1120 
2048 1061 1538 1536 
2049 1116 1540 1117 
2050 1064 1546 1063 
2051 1539 1540 1059 
2052 1071 1565 1070 
2053 1062 1538 1061 
2054 1065 1548 1064 
2055 1063 1546 1543 
2056 1069 1562 1561 
2057 1117 1540 1539 
2058 1079 1534 1078 
2059 1537 1553 1073 
2060 1068 1560 1067 
2061 1075 1529 1074 
2062 1078 1532 1077 
2063 1067 1556 1066 
2064 1064 1548 1546 
2065 1066 1549 1065 
2066 1114 1547 1115 
2067 1521 1528 1523 
2068 1538 1543 1120 
2069 1076 1530 1075 
2070 1120 1543 1121 
2071 1065 1549 1548 
2072 1116 1542 1540 
2073 1062 1543 1538 
2074 1114 1551 1547 
2075 1536 1538 1119 
2076 1088 1573 1087 
2077 1069 1561 1068 
2078 1543 1546 1121 
2079 1121 1546 1122 
2080 1113 1552 1551 
2081 1569 1571 1106 
2082 1549 1556 1124 
2083 1118 1536 1119 
2084 1546 1548 1122 
2085 1139 1541 1140 
2086 1115 1542 1116 
2087 1074 1537 1073 
2088 1122 1548 1123 
2089 1077 1531 1076 
2090 1526 1535 1104 
2091 1087 1568 1086 
2092 1080 1544 1079 
2093 1070 1565 1562 
2094 1067 1560 1556 
2095 1111 1557 1555 
2096 1112 1555 1552 
2097 1548 1549 1123 
2098 1068 1561 1560 
2099 1123 1549 1124 
2100 1525 1545 1522 
2101 1541 1550 1140 
2102 1110 1557 1111 
2103 1113 1551 1114 
2104 1533 1572 1528 
2105 1112 1552 1113 
2106 1559 1566 1142 
2107 1111 1555 1112 
2108 1140 1550 1141 
2109 1550 1559 1141 
2110 1535 1569 1105 
2111 1103 1533 1526 
2112 1073 1553 1072 
2113 1561 1562 1127 
2114 1086 1554 1085 
2115 1124 1556 1125 
2116 1128 1565 1129 
2117 1553 1563 1072 
2118 1126 1561 1127 
2119 1143 1558 1144 
2120 1072 1563 1071 
2121 1125 1560 1126 
2122 1052 1564 1051 
2123 1141 1559 1142 
2124 1127 1562 1128 
2125 1103 1526 1104 
2126 1142 1566 1143 
2127 1556 1560 1125 
2128 1145 1568 1146 
2129 1101 1572 1102 
2130 1050 1570 1049 
2131 1560 1561 1126 
2132 1562 1565 1128 
2133 1108 1567 1109 
2134 1104 1535 1105 
2135 1102 1533 1103 
2136 1106 1571 1107 
2137 1146 1573 1147 
2138 1105 1569 1106 
2139 1528 1572 1519 
2140 1143 1566 1558 
2141 1519 1574 1528 
2142 1087 1573 1568 
2143 1568 1573 1146 
2144 1528 1574 1523 
2145 1110 1564 1557 
2146 1567 1570 1050 
2147 1557 1564 1052 
2148 1144 1558 1554 
2149 1554 1558 1085 
2150 1108 1570 1567 
2151 1102 1572 1533 
2152 1155 1527 482 
2153 209 1041 1349 
2154 341 1527 1096 
2155 1350 1527 341 
2156 1041 1524 1349 
2 4 2 209
2157 1173 1113 1114 
2158 1170 1169 1110 
2159 1174 1173 1114 
2160 1188 1129 1189 
2161 1169 1109 1110 
2162 1210 1148 1149 
2163 1168 1109 1169 
2164 1129 1188 1128 
2165 1174 1114 1115 
2166 1209 1148 1210 
2167 1175 1174 1115 
2168 1167 1108 1168 
2169 1168 1108 1109 
2170 1167 1107 1108 
2171 1188 1187 1128 
2172 1175 1115 1116 
2173 1166 1107 1167 
2174 1128 1187 1127 
2175 1176 1175 1116 
2176 1166 1165 1106 
2177 1164 1104 1105 
2178 1166 1106 1107 
2179 1177 1118 1178 
2180 1176 1116 1117 
2181 1176 1117 1177 
2182 1180 1120 1121 
2183 1177 1117 1118 
2184 1165 1105 1106 
2185 1181 1180 1121 
2186 1186 1127 1187 
2187 1179 1120 1180 
2188 1165 1164 1105 
2189 1178 1119 1179 
2190 1178 1118 1119 
2191 1179 1119 1120 
2192 1181 1121 1122 
2193 1182 1181 1122 
2194 1186 1126 1127 
2195 1182 1122 1123 
2196 1186 1185 1126 
2197 1183 1182 1123 
2198 1185 1125 1126 
2199 1184 1125 1185 
2200 1184 1183 1124 
2201 1183 1123 1124 
2202 1184 1124 1125 
2203 1575 1580 1576 
2204 1576 1578 1575 
2205 1217 1587 1354 
2206 1583 1586 1198 
2207 1198 1586 1199 
2208 1581 1583 1197 
2209 1586 1588 1199 
2210 1199 1588 1200 
2211 1197 1583 1198 
2212 1588 1591 1200 
2213 1200 1591 1201 
2214 342 1097 1351 
2215 1100 1598 1585 
2216 1354 1587 482 
2217 1590 1594 1205 
2218 1101 1598 1100 
2219 1204 1590 1205 
2220 1216 1587 1217 
2221 1196 1582 1581 
2222 1196 1581 1197 
2223 1153 1599 1152 
2224 1152 1603 1151 
2225 482 1587 1155 
2226 1129 1611 1189 
2227 1156 1576 1157 
2228 1213 1599 1214 
2229 1097 1579 1351 
2230 1212 1603 1213 
2231 1143 1610 1142 
2232 1154 1605 1153 
2233 1104 1612 1103 
2234 1098 1579 1097 
2235 1351 1579 1352 
2236 1100 1585 1577 
2237 1142 1610 1593 
2238 1100 1577 1099 
2239 1195 1584 1582 
2240 1151 1607 1150 
2241 1214 1605 1215 
2242 1099 1580 1098 
2243 1594 1600 1206 
2244 1195 1582 1196 
2245 1201 1595 1202 
2246 1581 1582 1136 
2247 1103 1604 1102 
2248 1352 1575 1353 
2249 483 1578 1156 
2250 1099 1592 1580 
2251 1144 1594 1590 
2252 1211 1607 1212 
2253 1163 1612 1164 
2254 1582 1584 1135 
2255 1205 1594 1206 
2256 1155 1609 1154 
2257 1353 1578 483 
2258 1159 1585 1160 
2259 1156 1578 1576 
2260 1137 1583 1581 
2261 1585 1615 1577 
2262 1203 1610 1204 
2263 1136 1582 1135 
2264 1162 1604 1163 
2265 1137 1581 1136 
2266 1606 1611 1130 
2267 1131 1606 1130 
2268 1142 1595 1141 
2269 1145 1600 1594 
2270 1215 1609 1216 
2271 1130 1611 1129 
2272 1580 1592 1576 
2273 1591 1595 1201 
2274 1135 1584 1134 
2275 1194 1584 1195 
2276 1134 1589 1133 
2277 1098 1580 1579 
2278 1132 1602 1131 
2279 1157 1601 1158 
2280 1138 1586 1583 
2281 1138 1583 1137 
2282 1575 1578 1353 
2283 1133 1597 1132 
2284 1352 1579 1575 
2285 1601 1615 1158 
2286 1150 1614 1149 
2287 1602 1606 1131 
2288 1139 1586 1138 
2289 1139 1588 1586 
2290 1584 1589 1134 
2291 1155 1587 1216 
2292 1579 1580 1575 
2293 1589 1597 1133 
2294 1140 1588 1139 
2295 1210 1614 1211 
2296 1140 1591 1588 
2297 1204 1610 1590 
2298 1102 1596 1101 
2299 1194 1589 1584 
2300 1597 1602 1132 
2301 1144 1590 1143 
2302 1141 1591 1140 
2303 1193 1589 1194 
2304 1202 1593 1203 
2305 1576 1601 1157 
2306 1593 1595 1142 
2307 1164 1612 1104 
2308 1209 1613 1148 
2309 1160 1598 1161 
2310 1192 1597 1193 
2311 1161 1596 1162 
2312 1193 1597 1589 
2313 1600 1608 1207 
2314 1206 1600 1207 
2315 1102 1604 1162 
2316 1191 1602 1192 
2317 1150 1607 1211 
2318 1215 1605 1154 
2319 1577 1615 1601 
2320 1146 1608 1600 
2321 1214 1599 1153 
2322 1216 1609 1155 
2323 1151 1603 1212 
2324 1146 1600 1145 
2325 1145 1594 1144 
2326 1162 1596 1102 
2327 1149 1614 1210 
2328 1213 1603 1152 
2329 1152 1599 1213 
2330 1147 1608 1146 
2331 1190 1611 1606 
2332 1190 1606 1191 
2333 1148 1613 1147 
2334 1147 1613 1608 
2335 1608 1613 1208 
2336 1207 1608 1208 
2337 1153 1605 1214 
2338 1158 1615 1159 
2339 1208 1613 1209 
2340 1189 1611 1190 
2341 1163 1604 1103 
2342 1192 1602 1597 
2343 1585 1598 1160 
2344 1212 1607 1151 
2345 1577 1592 1099 
2346 1154 1609 1215 
2347 1191 1606 1602 
2348 1211 1614 1150 
2349 1103 1612 1163 
2350 1159 1615 1585 
2351 1141 1595 1591 
2352 1202 1595 1593 
2353 1596 1598 1101 
2354 1161 1598 1596 
2355 1590 1610 1143 
2356 1593 1610 1203 
2357 1577 1601 1592 
2358 1592 1601 1576 
2359 1354 629 1217 
2360 1170 1110 1111 
2361 1171 1111 1112 
2362 1170 1111 1171 
2363 1172 1112 1113 
2364 1172 1171 1112 
2365 1173 1172 1113 
2 5 2 169
2366 1238 1237 1175 
2367 1240 1177 1178 
2368 1236 1235 1173 
2369 1236 1173 1174 
2370 1241 1240 1178 
2371 1206 1269 1205 
2372 1235 1172 1173 
2373 1237 1236 1174 
2374 1235 1234 1172 
2375 1241 1178 1179 
2376 1269 1268 1205 
2377 1237 1174 1175 
2378 1234 1171 1172 
2379 1244 1181 1182 
2380 1241 1179 1242 
2381 1245 1244 1182 
2382 1245 1182 1183 
2383 1234 1233 1171 
2384 1247 1185 1248 
2385 1248 1185 1186 
2386 1244 1243 1181 
2387 1242 1179 1180 
2388 1278 1277 1214 
2389 1247 1184 1185 
2390 1215 1278 1214 
2391 1246 1184 1247 
2392 1224 1223 1161 
2393 1246 1245 1183 
2394 1243 1180 1181 
2395 1243 1242 1180 
2396 1246 1183 1184 
2397 1233 1170 1171 
2398 1248 1186 1249 
2399 779 1633 1356 
2400 1233 1232 1170 
2401 1249 1186 1187 
2402 1270 1269 1206 
2403 1207 1270 1206 
2404 1232 1169 1170 
2405 1277 1276 1213 
2406 1253 1252 1190 
2407 1191 1253 1190 
2408 1214 1277 1213 
2409 1232 1231 1169 
2410 1620 1623 1259 
2411 1223 1160 1161 
2412 1258 1620 1259 
2413 1271 1270 1207 
2414 1250 1249 1187 
2415 1190 1252 1189 
2416 1189 1252 1251 
2417 1231 1168 1169 
2418 1250 1187 1188 
2419 1208 1271 1207 
2420 1231 1230 1168 
2421 1250 1188 1251 
2422 1189 1251 1188 
2423 1272 1271 1208 
2424 1225 1162 1163 
2425 1213 1276 1212 
2426 1617 1620 1257 
2427 1230 1167 1168 
2428 1209 1272 1208 
2429 1276 1275 1212 
2430 1226 1225 1163 
2431 1257 1620 1258 
2432 1221 1158 1159 
2433 1275 1274 1211 
2434 1156 1626 1355 
2435 1212 1275 1211 
2436 1221 1220 1158 
2437 1230 1229 1167 
2438 1273 1272 1209 
2439 1260 1623 1618 
2440 1210 1273 1209 
2441 1274 1273 1210 
2442 1211 1274 1210 
2443 1222 1159 1160 
2444 1280 1633 779 
2445 1259 1623 1260 
2446 1229 1166 1167 
2447 1223 1222 1160 
2448 1356 1633 629 
2449 1222 1221 1159 
2450 1229 1228 1166 
2451 630 1626 1218 
2452 629 1633 1217 
2453 1256 1624 1617 
2454 1256 1617 1257 
2455 1227 1226 1164 
2456 1226 1163 1164 
2457 1228 1165 1166 
2458 1228 1227 1165 
2459 1227 1164 1165 
2460 1204 1630 1628 
2461 1628 1630 1267 
2462 1261 1618 1616 
2463 1260 1618 1261 
2464 1268 1630 1205 
2465 1264 1621 1265 
2466 1263 1622 1264 
2467 1261 1616 1262 
2468 1264 1622 1621 
2469 1616 1619 1262 
2470 1262 1619 1263 
2471 1619 1622 1263 
2472 1621 1625 1265 
2473 1618 1623 1197 
2474 1255 1624 1256 
2475 1157 1634 1219 
2476 1219 1631 1157 
2477 1196 1623 1620 
2478 1255 1627 1624 
2479 1195 1620 1617 
2480 1265 1625 1266 
2481 1617 1624 1194 
2482 1616 1618 1198 
2483 1625 1628 1266 
2484 1199 1616 1198 
2485 1195 1617 1194 
2486 1199 1619 1616 
2487 1198 1618 1197 
2488 1200 1619 1199 
2489 1200 1622 1619 
2490 1202 1621 1201 
2491 1196 1620 1195 
2492 1194 1624 1193 
2493 1201 1622 1200 
2494 1203 1625 1202 
2495 1621 1622 1201 
2496 1197 1623 1196 
2497 1266 1628 1267 
2498 1624 1627 1193 
2499 1202 1625 1621 
2500 1632 1635 1216 
2501 1279 1635 1632 
2502 1627 1629 1192 
2503 1203 1628 1625 
2504 1218 1631 1219 
2505 1254 1629 1627 
2506 1193 1627 1192 
2507 1254 1627 1255 
2508 1355 1626 630 
2509 1215 1635 1278 
2510 1217 1632 1216 
2511 1156 1631 1626 
2512 1204 1628 1203 
2513 1219 1634 1220 
2514 1267 1630 1268 
2515 1191 1629 1253 
2516 1158 1634 1157 
2517 1205 1630 1204 
2518 1253 1629 1254 
2519 1157 1631 1156 
2520 1278 1635 1279 
2521 1192 1629 1191 
2522 1279 1632 1280 
2523 1216 1635 1215 
2524 1220 1634 1158 
2525 1626 1631 1218 
2526 1217 1633 1632 
2527 1632 1633 1280 
2528 483 1156 1355 
2529 1224 1161 1162 
2530 1225 1224 1162 
2531 1238 1175 1176 
2532 1239 1176 1177 
2533 1239 1238 1176 
2534 1240 1239 1177 
2 6 2 231
2535 1232 1651 1231 
2536 1315 1314 1252 
2537 1252 1314 1251 
2538 1313 1251 1314 
2539 1253 1315 1252 
2540 1313 1250 1251 
2541 1253 1316 1315 
2542 1294 1651 1295 
2543 1313 1312 1250 
2544 780 1650 1281 
2545 1309 1246 1247 
2546 1312 1249 1250 
2547 1309 1247 1310 
2548 1310 1247 1248 
2549 1311 1248 1249 
2550 1310 1248 1311 
2551 1311 1249 1312 
2552 1233 1655 1232 
2553 1295 1655 1296 
2554 1316 1254 1317 
2555 1282 1281 1219 
2556 1254 1316 1253 
2557 1263 1640 1262 
2558 1637 1640 1263 
2559 1264 1639 1263 
2560 1263 1639 1637 
2561 1281 1218 1219 
2562 1318 1317 1255 
2563 1234 1660 1233 
2564 1317 1254 1255 
2565 1218 1650 1357 
2566 1296 1660 1297 
2567 1344 1649 1638 
2568 1358 931 1344 
2569 1640 1648 1262 
2570 1262 1648 1261 
2571 1343 1649 1344 
2572 1235 1665 1234 
2573 1297 1665 1298 
2574 1236 1668 1235 
2575 1298 1668 1299 
2576 1342 1652 1343 
2577 1343 1652 1649 
2578 1237 1669 1236 
2579 1344 1638 1358 
2580 1299 1669 1300 
2581 1322 1659 1653 
2582 1265 1656 1264 
2583 1255 1684 1318 
2584 1238 1672 1237 
2585 1286 1645 1223 
2586 1646 1654 1330 
2587 1358 1638 779 
2588 779 1638 1280 
2589 1329 1646 1330 
2590 1322 1653 1323 
2591 1300 1672 1301 
2592 1239 1673 1238 
2593 1264 1656 1639 
2594 1341 1658 1342 
2595 1245 1677 1244 
2596 1261 1662 1260 
2597 1342 1658 1652 
2598 1657 1659 1321 
2599 1306 1679 1307 
2600 1301 1673 1302 
2601 1243 1683 1242 
2602 1304 1678 1305 
2603 1240 1675 1239 
2604 1654 1666 1331 
2605 1244 1679 1243 
2606 1303 1680 1304 
2607 1307 1677 1308 
2608 1290 1642 1227 
2609 1648 1662 1261 
2610 1321 1659 1322 
2611 1305 1683 1306 
2612 1330 1654 1331 
2613 1302 1675 1303 
2614 1242 1678 1241 
2615 1285 1636 1222 
2616 1241 1680 1240 
2617 1281 1650 1218 
2618 1221 1636 1284 
2619 1661 1663 1276 
2620 1328 1656 1329 
2621 1326 1637 1327 
2622 1277 1661 1276 
2623 1246 1685 1245 
2624 1256 1684 1255 
2625 1327 1639 1328 
2626 1325 1640 1326 
2627 1323 1662 1324 
2628 1308 1685 1309 
2629 1258 1659 1657 
2630 1326 1640 1637 
2631 1291 1641 1228 
2632 1227 1641 1290 
2633 1670 1676 1333 
2634 1269 1676 1670 
2635 1293 1644 1230 
2636 1666 1670 1332 
2637 1663 1664 1275 
2638 1653 1659 1259 
2639 1226 1642 1289 
2640 1228 1643 1291 
2641 1292 1643 1229 
2642 1266 1654 1646 
2643 1637 1639 1327 
2644 1229 1644 1292 
2645 1294 1647 1231 
2646 1280 1649 1279 
2647 1222 1645 1285 
2648 1266 1646 1265 
2649 1267 1666 1654 
2650 1257 1667 1256 
2651 1320 1657 1321 
2652 1324 1648 1325 
2653 1230 1647 1293 
2654 1325 1648 1640 
2655 1295 1651 1232 
2656 1331 1666 1332 
2657 1339 1664 1663 
2658 1268 1670 1666 
2659 1276 1663 1275 
2660 1357 1650 780 
2661 1231 1651 1294 
2662 1296 1655 1233 
2663 1279 1652 1278 
2664 1340 1663 1661 
2665 1260 1653 1259 
2666 1297 1660 1234 
2667 1267 1654 1266 
2668 1340 1661 1341 
2669 1232 1655 1295 
2670 1278 1658 1277 
2671 1339 1663 1340 
2672 1258 1657 1257 
2673 1298 1665 1235 
2674 1320 1667 1657 
2675 1259 1659 1258 
2676 1275 1664 1274 
2677 1676 1682 1334 
2678 1329 1656 1646 
2679 1233 1660 1296 
2680 1299 1668 1236 
2681 1664 1671 1274 
2682 1652 1658 1278 
2683 1268 1666 1267 
2684 1300 1669 1237 
2685 1270 1682 1676 
2686 1337 1671 1338 
2687 1302 1673 1239 
2688 1234 1665 1297 
2689 1301 1672 1238 
2690 1308 1677 1245 
2691 1657 1667 1257 
2692 1243 1679 1306 
2693 1336 1681 1674 
2694 1309 1685 1246 
2695 1306 1683 1243 
2696 1336 1674 1337 
2697 1335 1681 1336 
2698 1338 1664 1339 
2699 1241 1678 1304 
2700 1303 1675 1240 
2701 1338 1671 1664 
2702 1240 1680 1303 
2703 1334 1682 1335 
2704 1333 1676 1334 
2705 1235 1668 1298 
2706 1269 1670 1268 
2707 1335 1682 1681 
2708 1649 1652 1279 
2709 1319 1667 1320 
2710 1332 1670 1333 
2711 1274 1671 1273 
2712 1236 1669 1299 
2713 1674 1681 1272 
2714 1237 1672 1300 
2715 1273 1674 1272 
2716 1270 1676 1269 
2717 1337 1674 1671 
2718 1272 1681 1271 
2719 1271 1682 1270 
2720 1318 1684 1319 
2721 1305 1678 1242 
2722 1242 1683 1305 
2723 1304 1680 1241 
2724 1238 1673 1301 
2725 1638 1649 1280 
2726 1239 1675 1302 
2727 1307 1679 1244 
2728 1244 1677 1307 
2729 1653 1662 1323 
2730 1681 1682 1271 
2731 1667 1684 1256 
2732 1245 1685 1308 
2733 1671 1674 1273 
2734 1639 1656 1328 
2735 1324 1662 1648 
2736 1646 1656 1265 
2737 1319 1684 1667 
2738 1341 1661 1658 
2739 1658 1661 1277 
2740 1260 1662 1653 
2741 1222 1636 1221 
2742 1223 1645 1222 
2743 1227 1642 1226 
2744 1228 1641 1227 
2745 1229 1643 1228 
2746 1230 1644 1229 
2747 1231 1647 1230 
2748 1284 1636 1285 
2749 1285 1645 1286 
2750 1289 1642 1290 
2751 1290 1641 1291 
2752 1291 1643 1292 
2753 1292 1644 1293 
2754 1293 1647 1294 
2755 630 1218 1357 
2756 1282 1219 1220 
2757 1283 1220 1221 
2758 1283 1282 1220 
2759 1284 1283 1221 
2760 1287 1223 1224 
2761 1287 1286 1223 
2762 1288 1224 1225 
2763 1288 1287 1224 
2764 1289 1225 1226 
2765 1289 1288 1225 
$EndElements
