$MeshFormat
4.1 0 8
$EndMeshFormat
$Entities
250 250 1 0
0 233.52186 50.767316 -50 0 
1 234.3417271428571 50.767316 -50 0 
2 235.1615942857143 50.767316 -50 0 
3 235.9814614285714 50.767316 -50 0 
4 236.8013285714286 50.767316 -50 0 
5 237.6211957142857 50.767316 -50 0 
6 238.4410628571429 50.767316 -50 0 
7 239.26093 50.767316 -50 0 
8 240.0807971428571 50.767316 -50 0 
9 240.9006642857143 50.767316 -50 0 
10 241.7205314285714 50.767316 -50 0 
11 242.5403985714286 50.767316 -50 0 
12 243.3602657142857 50.767316 -50 0 
13 244.1801328571429 50.767316 -50 0 
14 245 50.767316 -50 0 
15 245 49.97158107142857 -50 0 
16 245 49.17584614285714 -50 0 
17 245 48.38011121428572 -50 0 
18 245 47.58437628571428 -50 0 
19 245 46.78864135714286 -50 0 
20 245 45.99290642857143 -50 0 
21 245 45.1971715 -50 0 
22 245 44.40143657142857 -50 0 
23 245 43.60570164285714 -50 0 
24 245 42.80996671428571 -50 0 
25 245 42.01423178571429 -50 0 
26 245 41.21849685714285 -50 0 
27 245 40.42276192857143 -50 0 
28 245 39.627027 -50 0 
29 245 39.627027 -50 0 
30 244.1170166666667 39.627027 -50 0 
31 243.2340333333333 39.627027 -50 0 
32 242.35105 39.627027 -50 0 
33 241.4680666666667 39.627027 -50 0 
34 240.5850833333333 39.627027 -50 0 
35 239.7021 39.627027 -50 0 
36 238.8191166666666 39.627027 -50 0 
37 237.9361333333333 39.627027 -50 0 
38 237.05315 39.627027 -50 0 
39 237.05315 39.627027 -50 0 
40 237.11874 39.73854 -50 0 
41 237.14469 39.787412 -50 0 
42 237.14755 39.793037 -50 0 
43 237.1666 39.832232 -50 0 
44 237.18485 39.873443 -50 0 
45 237.19988 39.91142 -50 0 
46 237.21203 39.946606 -50 0 
47 237.21793 39.965929 -50 0 
48 237.22172 39.979416 -50 0 
49 237.22935 40.010269 -50 0 
50 237.23534 40.039563 -50 0 
51 237.24008 40.067706 -50 0 
52 237.24397 40.095121 -50 0 
53 237.24741 40.122217 -50 0 
54 237.25031 40.145454 -50 0 
55 237.25082 40.14942 -50 0 
56 237.25459 40.177118 -50 0 
57 237.25914 40.205754 -50 0 
58 237.26409 40.241108 -50 0 
59 237.26776 40.282133 -50 0 
60 237.27018 40.326136 -50 0 
61 237.27026 40.328122 -50 0 
62 237.27169 40.378388 -50 0 
63 237.27216 40.432207 -50 0 
64 237.27177 40.4889 -50 0 
65 237.27148 40.507517 -50 0 
66 237.27063 40.547771 -50 0 
67 237.26883 40.608102 -50 0 
68 237.26648 40.66919 -50 0 
69 237.26562 40.688848 -50 0 
70 237.26367 40.730344 -50 0 
71 237.26051 40.790859 -50 0 
72 237.25711 40.850049 -50 0 
73 237.2559 40.870076 -50 0 
74 237.25358 40.907197 -50 0 
75 237.25001 40.961597 -50 0 
76 237.24653 41.012571 -50 0 
77 237.24384 41.051219 -50 0 
78 237.24322 41.059414 -50 0 
79 237.23762 41.128574 -50 0 
80 237.22845 41.231878 -50 0 
81 237.22841 41.232264 -50 0 
82 237.21632 41.365377 -50 0 
83 237.21196 41.413233 -50 0 
84 237.20177 41.525118 -50 0 
85 237.19551 41.594191 -50 0 
86 237.18536 41.707159 -50 0 
87 237.17932 41.775152 -50 0 
88 237.16769 41.907558 -50 0 
89 237.16348 41.956125 -50 0 
90 237.14932 42.122366 -50 0 
91 237.14809 42.137113 -50 0 
92 237.13323 42.318121 -50 0 
93 237.13087 42.347626 -50 0 
94 237.11899 42.499151 -50 0 
95 237.11291 42.579407 -50 0 
96 237.10549 42.680206 -50 0 
97 237.09608 42.813772 -50 0 
98 237.09286 42.86129 -50 0 
99 237.08127 43.042406 -50 0 
100 237.08101 43.046758 -50 0 
101 237.07096 43.223558 -50 0 
102 237.06834 43.274429 -50 0 
103 237.06225 43.404751 -50 0 
104 237.05873 43.492861 -50 0 
105 237.05561 43.585983 -50 0 
106 237.05284 43.698092 -50 0 
107 237.05177 43.767251 -50 0 
108 237.05134 43.886179 -50 0 
109 237.05208 43.94853 -50 0 
110 237.05495 44.053208 -50 0 
111 237.05835 44.129758 -50 0 
112 237.06294 44.210447 -50 0 
113 237.06958 44.310873 -50 0 
114 237.07381 44.367313 -50 0 
115 237.08436 44.491857 -50 0 
116 237.0873 44.523586 -50 0 
117 237.10245 44.672689 -50 0 
118 237.10315 44.679134 -50 0 
119 237.12108 44.833716 -50 0 
120 237.1235 44.853362 -50 0 
121 237.14085 44.987202 -50 0 
122 237.1472 45.033874 -50 0 
123 237.16214 45.139376 -50 0 
124 237.17318 45.214235 -50 0 
125 237.18472 45.290082 -50 0 
126 237.20111 45.394459 -50 0 
127 237.20828 45.439123 -50 0 
128 237.23056 45.574571 -50 0 
129 237.23253 45.586321 -50 0 
130 237.25721 45.731501 -50 0 
131 237.26119 45.754597 -50 0 
132 237.28202 45.874476 -50 0 
133 237.29254 45.934571 -50 0 
134 237.30667 46.015079 -50 0 
135 237.32411 46.114537 -50 0 
136 237.33085 46.153114 -50 0 
137 237.35426 46.288396 -50 0 
138 237.35531 46.294546 -50 0 
139 237.37659 46.420774 -50 0 
140 237.38526 46.474606 -50 0 
141 237.38605 46.479681 -50 0 
142 237.39486 46.538086 -50 0 
143 237.40308 46.595958 -50 0 
144 237.41076 46.653262 -50 0 
145 237.41099 46.655048 -50 0 
146 237.41798 46.709913 -50 0 
147 237.4248 46.765886 -50 0 
148 237.43127 46.82114 -50 0 
149 237.43295 46.835728 -50 0 
150 237.43749 46.875616 -50 0 
151 237.4435 46.929272 -50 0 
152 237.44936 46.982064 -50 0 
153 237.45318 47.016507 -50 0 
154 237.45513 47.033916 -50 0 
155 237.46091 47.084831 -50 0 
156 237.46674 47.134722 -50 0 
157 237.47268 47.183556 -50 0 
158 237.4744 47.197236 -50 0 
159 237.47881 47.231291 -50 0 
160 237.48518 47.277859 -50 0 
161 237.4899 47.309124 -50 0 
162 237.49535 47.34281 -50 0 
163 237.50117 47.377615 -50 0 
164 237.50134 47.378637 -50 0 
165 237.50771 47.416336 -50 0 
166 237.51422 47.455617 -50 0 
167 237.52069 47.496191 -50 0 
168 237.52691 47.53778 -50 0 
169 237.52973 47.557891 -50 0 
170 237.53267 47.580101 -50 0 
171 237.53777 47.622869 -50 0 
172 237.542 47.66581 -50 0 
173 237.54517 47.708628 -50 0 
174 237.54666 47.738809 -50 0 
175 237.54707 47.751062 -50 0 
176 237.54749 47.792804 -50 0 
177 237.54623 47.833584 -50 0 
178 237.54305 47.873129 -50 0 
179 237.53778 47.911143 -50 0 
180 237.53619 47.919821 -50 0 
181 237.52502 47.973401 -50 0 
182 237.50888 48.031957 -50 0 
183 237.48942 48.087093 -50 0 
184 237.48515 48.097691 -50 0 
185 237.46669 48.13908 -50 0 
186 237.44081 48.188201 -50 0 
187 237.41178 48.234732 -50 0 
188 237.38893 48.266866 -50 0 
189 237.3797 48.278964 -50 0 
190 237.34466 48.32116 -50 0 
191 237.30669 48.361599 -50 0 
192 237.26587 48.400587 -50 0 
193 237.24405 48.419937 -50 0 
194 237.22229 48.438377 -50 0 
195 237.17599 48.475258 -50 0 
196 237.12705 48.511499 -50 0 
197 237.07552 48.547397 -50 0 
198 237.06343 48.555559 -50 0 
199 237.02148 48.583223 -50 0 
200 236.965 48.619247 -50 0 
201 236.90077 48.65558 -50 0 
202 236.85975 48.67606 -50 0 
203 236.82127 48.694118 -50 0 
204 236.72834 48.734713 -50 0 
205 236.63009 48.774684 -50 0 
206 236.62375 48.777199 -50 0 
207 236.50931 48.821439 -50 0 
208 236.39246 48.865182 -50 0 
209 236.38686 48.867257 -50 0 
210 236.25819 48.914537 -50 0 
211 236.15231 48.953184 -50 0 
212 236.12511 48.96313 -50 0 
213 235.98949 49.012912 -50 0 
214 235.91217 49.041604 -50 0 
215 235.85319 49.063737 -50 0 
216 235.718 49.115537 -50 0 
217 235.67408 49.132782 -50 0 
218 235.58579 49.168203 -50 0 
219 235.45845 49.221607 -50 0 
220 235.44063 49.229361 -50 0 
221 235.33783 49.275701 -50 0 
222 235.22585 49.330384 -50 0 
223 235.21645 49.335229 -50 0 
224 235.12437 49.385583 -50 0 
225 235.01046 49.456129 -50 0 
226 235.00105 49.462294 -50 0 
227 234.87322 49.550977 -50 0 
228 234.82176 49.588843 -50 0 
229 234.74241 49.64934 -50 0 
230 234.64358 49.727836 -50 0 
231 234.61017 49.755058 -50 0 
232 234.47806 49.865829 -50 0 
233 234.47238 49.870689 -50 0 
234 234.34768 49.979368 -50 0 
235 234.30624 50.016225 -50 0 
236 234.22072 50.093397 -50 0 
237 234.14399 50.163762 -50 0 
238 234.09886 50.205613 -50 0 
239 233.98481 50.312856 -50 0 
240 233.98385 50.313772 -50 0 
241 233.87744 50.415587 -50 0 
242 233.82821 50.46324 -50 0 
243 233.78145 50.508828 -50 0 
244 233.69768 50.591219 -50 0 
245 233.67393 50.614757 -50 0 
246 233.62801 50.660519 -50 0 
247 233.57426 50.714473 -50 0 
248 233.53827 50.750823 -50 0 
249 233.52186 50.767316 -50 0 
0 233.52186 50.767316 -50 234.3417271428571 50.767316 -50 0 2 0 -1 
1 234.3417271428571 50.767316 -50 235.1615942857143 50.767316 -50 0 2 1 -2 
2 235.1615942857143 50.767316 -50 235.9814614285714 50.767316 -50 0 2 2 -3 
3 235.9814614285714 50.767316 -50 236.8013285714286 50.767316 -50 0 2 3 -4 
4 236.8013285714286 50.767316 -50 237.6211957142857 50.767316 -50 0 2 4 -5 
5 237.6211957142857 50.767316 -50 238.4410628571429 50.767316 -50 0 2 5 -6 
6 238.4410628571429 50.767316 -50 239.26093 50.767316 -50 0 2 6 -7 
7 239.26093 50.767316 -50 240.0807971428571 50.767316 -50 0 2 7 -8 
8 240.0807971428571 50.767316 -50 240.9006642857143 50.767316 -50 0 2 8 -9 
9 240.9006642857143 50.767316 -50 241.7205314285714 50.767316 -50 0 2 9 -10 
10 241.7205314285714 50.767316 -50 242.5403985714286 50.767316 -50 0 2 10 -11 
11 242.5403985714286 50.767316 -50 243.3602657142857 50.767316 -50 0 2 11 -12 
12 243.3602657142857 50.767316 -50 244.1801328571429 50.767316 -50 0 2 12 -13 
13 244.1801328571429 50.767316 -50 245 50.767316 -50 0 2 13 -14 
14 245 49.97158107142857 -50 245 50.767316 -50 0 2 14 -15 
15 245 49.17584614285714 -50 245 49.97158107142857 -50 0 2 15 -16 
16 245 48.38011121428572 -50 245 49.17584614285714 -50 0 2 16 -17 
17 245 47.58437628571428 -50 245 48.38011121428572 -50 0 2 17 -18 
18 245 46.78864135714286 -50 245 47.58437628571428 -50 0 2 18 -19 
19 245 45.99290642857143 -50 245 46.78864135714286 -50 0 2 19 -20 
20 245 45.1971715 -50 245 45.99290642857143 -50 0 2 20 -21 
21 245 44.40143657142857 -50 245 45.1971715 -50 0 2 21 -22 
22 245 43.60570164285714 -50 245 44.40143657142857 -50 0 2 22 -23 
23 245 42.80996671428571 -50 245 43.60570164285714 -50 0 2 23 -24 
24 245 42.01423178571429 -50 245 42.80996671428571 -50 0 2 24 -25 
25 245 41.21849685714285 -50 245 42.01423178571429 -50 0 2 25 -26 
26 245 40.42276192857143 -50 245 41.21849685714285 -50 0 2 26 -27 
27 245 39.627027 -50 245 40.42276192857143 -50 0 2 27 -28 
28 245 39.627027 -50 245 39.627027 -50 0 2 28 -29 
29 244.1170166666667 39.627027 -50 245 39.627027 -50 0 2 29 -30 
30 243.2340333333333 39.627027 -50 244.1170166666667 39.627027 -50 0 2 30 -31 
31 242.35105 39.627027 -50 243.2340333333333 39.627027 -50 0 2 31 -32 
32 241.4680666666667 39.627027 -50 242.35105 39.627027 -50 0 2 32 -33 
33 240.5850833333333 39.627027 -50 241.4680666666667 39.627027 -50 0 2 33 -34 
34 239.7021 39.627027 -50 240.5850833333333 39.627027 -50 0 2 34 -35 
35 238.8191166666666 39.627027 -50 239.7021 39.627027 -50 0 2 35 -36 
36 237.9361333333333 39.627027 -50 238.8191166666666 39.627027 -50 0 2 36 -37 
37 237.05315 39.627027 -50 237.9361333333333 39.627027 -50 0 2 37 -38 
38 237.05315 39.627027 -50 237.05315 39.627027 -50 0 2 38 -39 
39 237.05315 39.627027 -50 237.11874 39.73854 -50 0 2 39 -40 
40 237.11874 39.73854 -50 237.14469 39.787412 -50 0 2 40 -41 
41 237.14469 39.787412 -50 237.14755 39.793037 -50 0 2 41 -42 
42 237.14755 39.793037 -50 237.1666 39.832232 -50 0 2 42 -43 
43 237.1666 39.832232 -50 237.18485 39.873443 -50 0 2 43 -44 
44 237.18485 39.873443 -50 237.19988 39.91142 -50 0 2 44 -45 
45 237.19988 39.91142 -50 237.21203 39.946606 -50 0 2 45 -46 
46 237.21203 39.946606 -50 237.21793 39.965929 -50 0 2 46 -47 
47 237.21793 39.965929 -50 237.22172 39.979416 -50 0 2 47 -48 
48 237.22172 39.979416 -50 237.22935 40.010269 -50 0 2 48 -49 
49 237.22935 40.010269 -50 237.23534 40.039563 -50 0 2 49 -50 
50 237.23534 40.039563 -50 237.24008 40.067706 -50 0 2 50 -51 
51 237.24008 40.067706 -50 237.24397 40.095121 -50 0 2 51 -52 
52 237.24397 40.095121 -50 237.24741 40.122217 -50 0 2 52 -53 
53 237.24741 40.122217 -50 237.25031 40.145454 -50 0 2 53 -54 
54 237.25031 40.145454 -50 237.25082 40.14942 -50 0 2 54 -55 
55 237.25082 40.14942 -50 237.25459 40.177118 -50 0 2 55 -56 
56 237.25459 40.177118 -50 237.25914 40.205754 -50 0 2 56 -57 
57 237.25914 40.205754 -50 237.26409 40.241108 -50 0 2 57 -58 
58 237.26409 40.241108 -50 237.26776 40.282133 -50 0 2 58 -59 
59 237.26776 40.282133 -50 237.27018 40.326136 -50 0 2 59 -60 
60 237.27018 40.326136 -50 237.27026 40.328122 -50 0 2 60 -61 
61 237.27026 40.328122 -50 237.27169 40.378388 -50 0 2 61 -62 
62 237.27169 40.378388 -50 237.27216 40.432207 -50 0 2 62 -63 
63 237.27177 40.432207 -50 237.27216 40.4889 -50 0 2 63 -64 
64 237.27148 40.4889 -50 237.27177 40.507517 -50 0 2 64 -65 
65 237.27063 40.507517 -50 237.27148 40.547771 -50 0 2 65 -66 
66 237.26883 40.547771 -50 237.27063 40.608102 -50 0 2 66 -67 
67 237.26648 40.608102 -50 237.26883 40.66919 -50 0 2 67 -68 
68 237.26562 40.66919 -50 237.26648 40.688848 -50 0 2 68 -69 
69 237.26367 40.688848 -50 237.26562 40.730344 -50 0 2 69 -70 
70 237.26051 40.730344 -50 237.26367 40.790859 -50 0 2 70 -71 
71 237.25711 40.790859 -50 237.26051 40.850049 -50 0 2 71 -72 
72 237.2559 40.850049 -50 237.25711 40.870076 -50 0 2 72 -73 
73 237.25358 40.870076 -50 237.2559 40.907197 -50 0 2 73 -74 
74 237.25001 40.907197 -50 237.25358 40.961597 -50 0 2 74 -75 
75 237.24653 40.961597 -50 237.25001 41.012571 -50 0 2 75 -76 
76 237.24384 41.012571 -50 237.24653 41.051219 -50 0 2 76 -77 
77 237.24322 41.051219 -50 237.24384 41.059414 -50 0 2 77 -78 
78 237.23762 41.059414 -50 237.24322 41.128574 -50 0 2 78 -79 
79 237.22845 41.128574 -50 237.23762 41.231878 -50 0 2 79 -80 
80 237.22841 41.231878 -50 237.22845 41.232264 -50 0 2 80 -81 
81 237.21632 41.232264 -50 237.22841 41.365377 -50 0 2 81 -82 
82 237.21196 41.365377 -50 237.21632 41.413233 -50 0 2 82 -83 
83 237.20177 41.413233 -50 237.21196 41.525118 -50 0 2 83 -84 
84 237.19551 41.525118 -50 237.20177 41.594191 -50 0 2 84 -85 
85 237.18536 41.594191 -50 237.19551 41.707159 -50 0 2 85 -86 
86 237.17932 41.707159 -50 237.18536 41.775152 -50 0 2 86 -87 
87 237.16769 41.775152 -50 237.17932 41.907558 -50 0 2 87 -88 
88 237.16348 41.907558 -50 237.16769 41.956125 -50 0 2 88 -89 
89 237.14932 41.956125 -50 237.16348 42.122366 -50 0 2 89 -90 
90 237.14809 42.122366 -50 237.14932 42.137113 -50 0 2 90 -91 
91 237.13323 42.137113 -50 237.14809 42.318121 -50 0 2 91 -92 
92 237.13087 42.318121 -50 237.13323 42.347626 -50 0 2 92 -93 
93 237.11899 42.347626 -50 237.13087 42.499151 -50 0 2 93 -94 
94 237.11291 42.499151 -50 237.11899 42.579407 -50 0 2 94 -95 
95 237.10549 42.579407 -50 237.11291 42.680206 -50 0 2 95 -96 
96 237.09608 42.680206 -50 237.10549 42.813772 -50 0 2 96 -97 
97 237.09286 42.813772 -50 237.09608 42.86129 -50 0 2 97 -98 
98 237.08127 42.86129 -50 237.09286 43.042406 -50 0 2 98 -99 
99 237.08101 43.042406 -50 237.08127 43.046758 -50 0 2 99 -100 
100 237.07096 43.046758 -50 237.08101 43.223558 -50 0 2 100 -101 
101 237.06834 43.223558 -50 237.07096 43.274429 -50 0 2 101 -102 
102 237.06225 43.274429 -50 237.06834 43.404751 -50 0 2 102 -103 
103 237.05873 43.404751 -50 237.06225 43.492861 -50 0 2 103 -104 
104 237.05561 43.492861 -50 237.05873 43.585983 -50 0 2 104 -105 
105 237.05284 43.585983 -50 237.05561 43.698092 -50 0 2 105 -106 
106 237.05177 43.698092 -50 237.05284 43.767251 -50 0 2 106 -107 
107 237.05134 43.767251 -50 237.05177 43.886179 -50 0 2 107 -108 
108 237.05134 43.886179 -50 237.05208 43.94853 -50 0 2 108 -109 
109 237.05208 43.94853 -50 237.05495 44.053208 -50 0 2 109 -110 
110 237.05495 44.053208 -50 237.05835 44.129758 -50 0 2 110 -111 
111 237.05835 44.129758 -50 237.06294 44.210447 -50 0 2 111 -112 
112 237.06294 44.210447 -50 237.06958 44.310873 -50 0 2 112 -113 
113 237.06958 44.310873 -50 237.07381 44.367313 -50 0 2 113 -114 
114 237.07381 44.367313 -50 237.08436 44.491857 -50 0 2 114 -115 
115 237.08436 44.491857 -50 237.0873 44.523586 -50 0 2 115 -116 
116 237.0873 44.523586 -50 237.10245 44.672689 -50 0 2 116 -117 
117 237.10245 44.672689 -50 237.10315 44.679134 -50 0 2 117 -118 
118 237.10315 44.679134 -50 237.12108 44.833716 -50 0 2 118 -119 
119 237.12108 44.833716 -50 237.1235 44.853362 -50 0 2 119 -120 
120 237.1235 44.853362 -50 237.14085 44.987202 -50 0 2 120 -121 
121 237.14085 44.987202 -50 237.1472 45.033874 -50 0 2 121 -122 
122 237.1472 45.033874 -50 237.16214 45.139376 -50 0 2 122 -123 
123 237.16214 45.139376 -50 237.17318 45.214235 -50 0 2 123 -124 
124 237.17318 45.214235 -50 237.18472 45.290082 -50 0 2 124 -125 
125 237.18472 45.290082 -50 237.20111 45.394459 -50 0 2 125 -126 
126 237.20111 45.394459 -50 237.20828 45.439123 -50 0 2 126 -127 
127 237.20828 45.439123 -50 237.23056 45.574571 -50 0 2 127 -128 
128 237.23056 45.574571 -50 237.23253 45.586321 -50 0 2 128 -129 
129 237.23253 45.586321 -50 237.25721 45.731501 -50 0 2 129 -130 
130 237.25721 45.731501 -50 237.26119 45.754597 -50 0 2 130 -131 
131 237.26119 45.754597 -50 237.28202 45.874476 -50 0 2 131 -132 
132 237.28202 45.874476 -50 237.29254 45.934571 -50 0 2 132 -133 
133 237.29254 45.934571 -50 237.30667 46.015079 -50 0 2 133 -134 
134 237.30667 46.015079 -50 237.32411 46.114537 -50 0 2 134 -135 
135 237.32411 46.114537 -50 237.33085 46.153114 -50 0 2 135 -136 
136 237.33085 46.153114 -50 237.35426 46.288396 -50 0 2 136 -137 
137 237.35426 46.288396 -50 237.35531 46.294546 -50 0 2 137 -138 
138 237.35531 46.294546 -50 237.37659 46.420774 -50 0 2 138 -139 
139 237.37659 46.420774 -50 237.38526 46.474606 -50 0 2 139 -140 
140 237.38526 46.474606 -50 237.38605 46.479681 -50 0 2 140 -141 
141 237.38605 46.479681 -50 237.39486 46.538086 -50 0 2 141 -142 
142 237.39486 46.538086 -50 237.40308 46.595958 -50 0 2 142 -143 
143 237.40308 46.595958 -50 237.41076 46.653262 -50 0 2 143 -144 
144 237.41076 46.653262 -50 237.41099 46.655048 -50 0 2 144 -145 
145 237.41099 46.655048 -50 237.41798 46.709913 -50 0 2 145 -146 
146 237.41798 46.709913 -50 237.4248 46.765886 -50 0 2 146 -147 
147 237.4248 46.765886 -50 237.43127 46.82114 -50 0 2 147 -148 
148 237.43127 46.82114 -50 237.43295 46.835728 -50 0 2 148 -149 
149 237.43295 46.835728 -50 237.43749 46.875616 -50 0 2 149 -150 
150 237.43749 46.875616 -50 237.4435 46.929272 -50 0 2 150 -151 
151 237.4435 46.929272 -50 237.44936 46.982064 -50 0 2 151 -152 
152 237.44936 46.982064 -50 237.45318 47.016507 -50 0 2 152 -153 
153 237.45318 47.016507 -50 237.45513 47.033916 -50 0 2 153 -154 
154 237.45513 47.033916 -50 237.46091 47.084831 -50 0 2 154 -155 
155 237.46091 47.084831 -50 237.46674 47.134722 -50 0 2 155 -156 
156 237.46674 47.134722 -50 237.47268 47.183556 -50 0 2 156 -157 
157 237.47268 47.183556 -50 237.4744 47.197236 -50 0 2 157 -158 
158 237.4744 47.197236 -50 237.47881 47.231291 -50 0 2 158 -159 
159 237.47881 47.231291 -50 237.48518 47.277859 -50 0 2 159 -160 
160 237.48518 47.277859 -50 237.4899 47.309124 -50 0 2 160 -161 
161 237.4899 47.309124 -50 237.49535 47.34281 -50 0 2 161 -162 
162 237.49535 47.34281 -50 237.50117 47.377615 -50 0 2 162 -163 
163 237.50117 47.377615 -50 237.50134 47.378637 -50 0 2 163 -164 
164 237.50134 47.378637 -50 237.50771 47.416336 -50 0 2 164 -165 
165 237.50771 47.416336 -50 237.51422 47.455617 -50 0 2 165 -166 
166 237.51422 47.455617 -50 237.52069 47.496191 -50 0 2 166 -167 
167 237.52069 47.496191 -50 237.52691 47.53778 -50 0 2 167 -168 
168 237.52691 47.53778 -50 237.52973 47.557891 -50 0 2 168 -169 
169 237.52973 47.557891 -50 237.53267 47.580101 -50 0 2 169 -170 
170 237.53267 47.580101 -50 237.53777 47.622869 -50 0 2 170 -171 
171 237.53777 47.622869 -50 237.542 47.66581 -50 0 2 171 -172 
172 237.542 47.66581 -50 237.54517 47.708628 -50 0 2 172 -173 
173 237.54517 47.708628 -50 237.54666 47.738809 -50 0 2 173 -174 
174 237.54666 47.738809 -50 237.54707 47.751062 -50 0 2 174 -175 
175 237.54707 47.751062 -50 237.54749 47.792804 -50 0 2 175 -176 
176 237.54623 47.792804 -50 237.54749 47.833584 -50 0 2 176 -177 
177 237.54305 47.833584 -50 237.54623 47.873129 -50 0 2 177 -178 
178 237.53778 47.873129 -50 237.54305 47.911143 -50 0 2 178 -179 
179 237.53619 47.911143 -50 237.53778 47.919821 -50 0 2 179 -180 
180 237.52502 47.919821 -50 237.53619 47.973401 -50 0 2 180 -181 
181 237.50888 47.973401 -50 237.52502 48.031957 -50 0 2 181 -182 
182 237.48942 48.031957 -50 237.50888 48.087093 -50 0 2 182 -183 
183 237.48515 48.087093 -50 237.48942 48.097691 -50 0 2 183 -184 
184 237.46669 48.097691 -50 237.48515 48.13908 -50 0 2 184 -185 
185 237.44081 48.13908 -50 237.46669 48.188201 -50 0 2 185 -186 
186 237.41178 48.188201 -50 237.44081 48.234732 -50 0 2 186 -187 
187 237.38893 48.234732 -50 237.41178 48.266866 -50 0 2 187 -188 
188 237.3797 48.266866 -50 237.38893 48.278964 -50 0 2 188 -189 
189 237.34466 48.278964 -50 237.3797 48.32116 -50 0 2 189 -190 
190 237.30669 48.32116 -50 237.34466 48.361599 -50 0 2 190 -191 
191 237.26587 48.361599 -50 237.30669 48.400587 -50 0 2 191 -192 
192 237.24405 48.400587 -50 237.26587 48.419937 -50 0 2 192 -193 
193 237.22229 48.419937 -50 237.24405 48.438377 -50 0 2 193 -194 
194 237.17599 48.438377 -50 237.22229 48.475258 -50 0 2 194 -195 
195 237.12705 48.475258 -50 237.17599 48.511499 -50 0 2 195 -196 
196 237.07552 48.511499 -50 237.12705 48.547397 -50 0 2 196 -197 
197 237.06343 48.547397 -50 237.07552 48.555559 -50 0 2 197 -198 
198 237.02148 48.555559 -50 237.06343 48.583223 -50 0 2 198 -199 
199 236.965 48.583223 -50 237.02148 48.619247 -50 0 2 199 -200 
200 236.90077 48.619247 -50 236.965 48.65558 -50 0 2 200 -201 
201 236.85975 48.65558 -50 236.90077 48.67606 -50 0 2 201 -202 
202 236.82127 48.67606 -50 236.85975 48.694118 -50 0 2 202 -203 
203 236.72834 48.694118 -50 236.82127 48.734713 -50 0 2 203 -204 
204 236.63009 48.734713 -50 236.72834 48.774684 -50 0 2 204 -205 
205 236.62375 48.774684 -50 236.63009 48.777199 -50 0 2 205 -206 
206 236.50931 48.777199 -50 236.62375 48.821439 -50 0 2 206 -207 
207 236.39246 48.821439 -50 236.50931 48.865182 -50 0 2 207 -208 
208 236.38686 48.865182 -50 236.39246 48.867257 -50 0 2 208 -209 
209 236.25819 48.867257 -50 236.38686 48.914537 -50 0 2 209 -210 
210 236.15231 48.914537 -50 236.25819 48.953184 -50 0 2 210 -211 
211 236.12511 48.953184 -50 236.15231 48.96313 -50 0 2 211 -212 
212 235.98949 48.96313 -50 236.12511 49.012912 -50 0 2 212 -213 
213 235.91217 49.012912 -50 235.98949 49.041604 -50 0 2 213 -214 
214 235.85319 49.041604 -50 235.91217 49.063737 -50 0 2 214 -215 
215 235.718 49.063737 -50 235.85319 49.115537 -50 0 2 215 -216 
216 235.67408 49.115537 -50 235.718 49.132782 -50 0 2 216 -217 
217 235.58579 49.132782 -50 235.67408 49.168203 -50 0 2 217 -218 
218 235.45845 49.168203 -50 235.58579 49.221607 -50 0 2 218 -219 
219 235.44063 49.221607 -50 235.45845 49.229361 -50 0 2 219 -220 
220 235.33783 49.229361 -50 235.44063 49.275701 -50 0 2 220 -221 
221 235.22585 49.275701 -50 235.33783 49.330384 -50 0 2 221 -222 
222 235.21645 49.330384 -50 235.22585 49.335229 -50 0 2 222 -223 
223 235.12437 49.335229 -50 235.21645 49.385583 -50 0 2 223 -224 
224 235.01046 49.385583 -50 235.12437 49.456129 -50 0 2 224 -225 
225 235.00105 49.456129 -50 235.01046 49.462294 -50 0 2 225 -226 
226 234.87322 49.462294 -50 235.00105 49.550977 -50 0 2 226 -227 
227 234.82176 49.550977 -50 234.87322 49.588843 -50 0 2 227 -228 
228 234.74241 49.588843 -50 234.82176 49.64934 -50 0 2 228 -229 
229 234.64358 49.64934 -50 234.74241 49.727836 -50 0 2 229 -230 
230 234.61017 49.727836 -50 234.64358 49.755058 -50 0 2 230 -231 
231 234.47806 49.755058 -50 234.61017 49.865829 -50 0 2 231 -232 
232 234.47238 49.865829 -50 234.47806 49.870689 -50 0 2 232 -233 
233 234.34768 49.870689 -50 234.47238 49.979368 -50 0 2 233 -234 
234 234.30624 49.979368 -50 234.34768 50.016225 -50 0 2 234 -235 
235 234.22072 50.016225 -50 234.30624 50.093397 -50 0 2 235 -236 
236 234.14399 50.093397 -50 234.22072 50.163762 -50 0 2 236 -237 
237 234.09886 50.163762 -50 234.14399 50.205613 -50 0 2 237 -238 
238 233.98481 50.205613 -50 234.09886 50.312856 -50 0 2 238 -239 
239 233.98385 50.312856 -50 233.98481 50.313772 -50 0 2 239 -240 
240 233.87744 50.313772 -50 233.98385 50.415587 -50 0 2 240 -241 
241 233.82821 50.415587 -50 233.87744 50.46324 -50 0 2 241 -242 
242 233.78145 50.46324 -50 233.82821 50.508828 -50 0 2 242 -243 
243 233.69768 50.508828 -50 233.78145 50.591219 -50 0 2 243 -244 
244 233.67393 50.591219 -50 233.69768 50.614757 -50 0 2 244 -245 
245 233.62801 50.614757 -50 233.67393 50.660519 -50 0 2 245 -246 
246 233.57426 50.660519 -50 233.62801 50.714473 -50 0 2 246 -247 
247 233.53827 50.714473 -50 233.57426 50.750823 -50 0 2 247 -248 
248 233.52186 50.750823 -50 233.53827 50.767316 -50 0 2 248 -249 
249 233.52186 50.767316 -50 233.52186 50.767316 -50 0 2 249 0 
0 233.52186 39.627027 -50 245 50.767316 -50 0 250 0 1 2 3 4 5 6 7 8 9 10 11 12 13 14 15 16 17 18 19 20 21 22 23 24 25 26 27 28 29 30 31 32 33 34 35 36 37 38 39 40 41 42 43 44 45 46 47 48 49 50 51 52 53 54 55 56 57 58 59 60 61 62 63 64 65 66 67 68 69 70 71 72 73 74 75 76 77 78 79 80 81 82 83 84 85 86 87 88 89 90 91 92 93 94 95 96 97 98 99 100 101 102 103 104 105 106 107 108 109 110 111 112 113 114 115 116 117 118 119 120 121 122 123 124 125 126 127 128 129 130 131 132 133 134 135 136 137 138 139 140 141 142 143 144 145 146 147 148 149 150 151 152 153 154 155 156 157 158 159 160 161 162 163 164 165 166 167 168 169 170 171 172 173 174 175 176 177 178 179 180 181 182 183 184 185 186 187 188 189 190 191 192 193 194 195 196 197 198 199 200 201 202 203 204 205 206 207 208 209 210 211 212 213 214 215 216 217 218 219 220 221 222 223 224 225 226 227 228 229 230 231 232 233 234 235 236 237 238 239 240 241 242 243 244 245 246 247 248 249 
$EndEntities
$Nodes
501 1631 1 1631
0 0 0 1
1
233.52186 50.767316 -50
0 1 0 1
2
234.3417271428571 50.767316 -50
0 2 0 1
3
235.1615942857143 50.767316 -50
0 3 0 1
4
235.9814614285714 50.767316 -50
0 4 0 1
5
236.8013285714286 50.767316 -50
0 5 0 1
6
237.6211957142857 50.767316 -50
0 6 0 1
7
238.4410628571429 50.767316 -50
0 7 0 1
8
239.26093 50.767316 -50
0 8 0 1
9
240.0807971428571 50.767316 -50
0 9 0 1
10
240.9006642857143 50.767316 -50
0 10 0 1
11
241.7205314285714 50.767316 -50
0 11 0 1
12
242.5403985714286 50.767316 -50
0 12 0 1
13
243.3602657142857 50.767316 -50
0 13 0 1
14
244.1801328571429 50.767316 -50
0 14 0 1
15
245 50.767316 -50
0 15 0 1
16
245 49.97158107142857 -50
0 16 0 1
17
245 49.17584614285714 -50
0 17 0 1
18
245 48.38011121428572 -50
0 18 0 1
19
245 47.58437628571428 -50
0 19 0 1
20
245 46.78864135714286 -50
0 20 0 1
21
245 45.99290642857143 -50
0 21 0 1
22
245 45.1971715 -50
0 22 0 1
23
245 44.40143657142857 -50
0 23 0 1
24
245 43.60570164285714 -50
0 24 0 1
25
245 42.80996671428571 -50
0 25 0 1
26
245 42.01423178571429 -50
0 26 0 1
27
245 41.21849685714285 -50
0 27 0 1
28
245 40.42276192857143 -50
0 28 0 1
29
245 39.627027 -50
0 29 0 1
30
245 39.627027 -50
0 30 0 1
31
244.1170166666667 39.627027 -50
0 31 0 1
32
243.2340333333333 39.627027 -50
0 32 0 1
33
242.35105 39.627027 -50
0 33 0 1
34
241.4680666666667 39.627027 -50
0 34 0 1
35
240.5850833333333 39.627027 -50
0 35 0 1
36
239.7021 39.627027 -50
0 36 0 1
37
238.8191166666666 39.627027 -50
0 37 0 1
38
237.9361333333333 39.627027 -50
0 38 0 1
39
237.05315 39.627027 -50
0 39 0 1
40
237.05315 39.627027 -50
0 40 0 1
41
237.11874 39.73854 -50
0 41 0 1
42
237.14469 39.787412 -50
0 42 0 1
43
237.14755 39.793037 -50
0 43 0 1
44
237.1666 39.832232 -50
0 44 0 1
45
237.18485 39.873443 -50
0 45 0 1
46
237.19988 39.91142 -50
0 46 0 1
47
237.21203 39.946606 -50
0 47 0 1
48
237.21793 39.965929 -50
0 48 0 1
49
237.22172 39.979416 -50
0 49 0 1
50
237.22935 40.010269 -50
0 50 0 1
51
237.23534 40.039563 -50
0 51 0 1
52
237.24008 40.067706 -50
0 52 0 1
53
237.24397 40.095121 -50
0 53 0 1
54
237.24741 40.122217 -50
0 54 0 1
55
237.25031 40.145454 -50
0 55 0 1
56
237.25082 40.14942 -50
0 56 0 1
57
237.25459 40.177118 -50
0 57 0 1
58
237.25914 40.205754 -50
0 58 0 1
59
237.26409 40.241108 -50
0 59 0 1
60
237.26776 40.282133 -50
0 60 0 1
61
237.27018 40.326136 -50
0 61 0 1
62
237.27026 40.328122 -50
0 62 0 1
63
237.27169 40.378388 -50
0 63 0 1
64
237.27216 40.432207 -50
0 64 0 1
65
237.27177 40.4889 -50
0 65 0 1
66
237.27148 40.507517 -50
0 66 0 1
67
237.27063 40.547771 -50
0 67 0 1
68
237.26883 40.608102 -50
0 68 0 1
69
237.26648 40.66919 -50
0 69 0 1
70
237.26562 40.688848 -50
0 70 0 1
71
237.26367 40.730344 -50
0 71 0 1
72
237.26051 40.790859 -50
0 72 0 1
73
237.25711 40.850049 -50
0 73 0 1
74
237.2559 40.870076 -50
0 74 0 1
75
237.25358 40.907197 -50
0 75 0 1
76
237.25001 40.961597 -50
0 76 0 1
77
237.24653 41.012571 -50
0 77 0 1
78
237.24384 41.051219 -50
0 78 0 1
79
237.24322 41.059414 -50
0 79 0 1
80
237.23762 41.128574 -50
0 80 0 1
81
237.22845 41.231878 -50
0 81 0 1
82
237.22841 41.232264 -50
0 82 0 1
83
237.21632 41.365377 -50
0 83 0 1
84
237.21196 41.413233 -50
0 84 0 1
85
237.20177 41.525118 -50
0 85 0 1
86
237.19551 41.594191 -50
0 86 0 1
87
237.18536 41.707159 -50
0 87 0 1
88
237.17932 41.775152 -50
0 88 0 1
89
237.16769 41.907558 -50
0 89 0 1
90
237.16348 41.956125 -50
0 90 0 1
91
237.14932 42.122366 -50
0 91 0 1
92
237.14809 42.137113 -50
0 92 0 1
93
237.13323 42.318121 -50
0 93 0 1
94
237.13087 42.347626 -50
0 94 0 1
95
237.11899 42.499151 -50
0 95 0 1
96
237.11291 42.579407 -50
0 96 0 1
97
237.10549 42.680206 -50
0 97 0 1
98
237.09608 42.813772 -50
0 98 0 1
99
237.09286 42.86129 -50
0 99 0 1
100
237.08127 43.042406 -50
0 100 0 1
101
237.08101 43.046758 -50
0 101 0 1
102
237.07096 43.223558 -50
0 102 0 1
103
237.06834 43.274429 -50
0 103 0 1
104
237.06225 43.404751 -50
0 104 0 1
105
237.05873 43.492861 -50
0 105 0 1
106
237.05561 43.585983 -50
0 106 0 1
107
237.05284 43.698092 -50
0 107 0 1
108
237.05177 43.767251 -50
0 108 0 1
109
237.05134 43.886179 -50
0 109 0 1
110
237.05208 43.94853 -50
0 110 0 1
111
237.05495 44.053208 -50
0 111 0 1
112
237.05835 44.129758 -50
0 112 0 1
113
237.06294 44.210447 -50
0 113 0 1
114
237.06958 44.310873 -50
0 114 0 1
115
237.07381 44.367313 -50
0 115 0 1
116
237.08436 44.491857 -50
0 116 0 1
117
237.0873 44.523586 -50
0 117 0 1
118
237.10245 44.672689 -50
0 118 0 1
119
237.10315 44.679134 -50
0 119 0 1
120
237.12108 44.833716 -50
0 120 0 1
121
237.1235 44.853362 -50
0 121 0 1
122
237.14085 44.987202 -50
0 122 0 1
123
237.1472 45.033874 -50
0 123 0 1
124
237.16214 45.139376 -50
0 124 0 1
125
237.17318 45.214235 -50
0 125 0 1
126
237.18472 45.290082 -50
0 126 0 1
127
237.20111 45.394459 -50
0 127 0 1
128
237.20828 45.439123 -50
0 128 0 1
129
237.23056 45.574571 -50
0 129 0 1
130
237.23253 45.586321 -50
0 130 0 1
131
237.25721 45.731501 -50
0 131 0 1
132
237.26119 45.754597 -50
0 132 0 1
133
237.28202 45.874476 -50
0 133 0 1
134
237.29254 45.934571 -50
0 134 0 1
135
237.30667 46.015079 -50
0 135 0 1
136
237.32411 46.114537 -50
0 136 0 1
137
237.33085 46.153114 -50
0 137 0 1
138
237.35426 46.288396 -50
0 138 0 1
139
237.35531 46.294546 -50
0 139 0 1
140
237.37659 46.420774 -50
0 140 0 1
141
237.38526 46.474606 -50
0 141 0 1
142
237.38605 46.479681 -50
0 142 0 1
143
237.39486 46.538086 -50
0 143 0 1
144
237.40308 46.595958 -50
0 144 0 1
145
237.41076 46.653262 -50
0 145 0 1
146
237.41099 46.655048 -50
0 146 0 1
147
237.41798 46.709913 -50
0 147 0 1
148
237.4248 46.765886 -50
0 148 0 1
149
237.43127 46.82114 -50
0 149 0 1
150
237.43295 46.835728 -50
0 150 0 1
151
237.43749 46.875616 -50
0 151 0 1
152
237.4435 46.929272 -50
0 152 0 1
153
237.44936 46.982064 -50
0 153 0 1
154
237.45318 47.016507 -50
0 154 0 1
155
237.45513 47.033916 -50
0 155 0 1
156
237.46091 47.084831 -50
0 156 0 1
157
237.46674 47.134722 -50
0 157 0 1
158
237.47268 47.183556 -50
0 158 0 1
159
237.4744 47.197236 -50
0 159 0 1
160
237.47881 47.231291 -50
0 160 0 1
161
237.48518 47.277859 -50
0 161 0 1
162
237.4899 47.309124 -50
0 162 0 1
163
237.49535 47.34281 -50
0 163 0 1
164
237.50117 47.377615 -50
0 164 0 1
165
237.50134 47.378637 -50
0 165 0 1
166
237.50771 47.416336 -50
0 166 0 1
167
237.51422 47.455617 -50
0 167 0 1
168
237.52069 47.496191 -50
0 168 0 1
169
237.52691 47.53778 -50
0 169 0 1
170
237.52973 47.557891 -50
0 170 0 1
171
237.53267 47.580101 -50
0 171 0 1
172
237.53777 47.622869 -50
0 172 0 1
173
237.542 47.66581 -50
0 173 0 1
174
237.54517 47.708628 -50
0 174 0 1
175
237.54666 47.738809 -50
0 175 0 1
176
237.54707 47.751062 -50
0 176 0 1
177
237.54749 47.792804 -50
0 177 0 1
178
237.54623 47.833584 -50
0 178 0 1
179
237.54305 47.873129 -50
0 179 0 1
180
237.53778 47.911143 -50
0 180 0 1
181
237.53619 47.919821 -50
0 181 0 1
182
237.52502 47.973401 -50
0 182 0 1
183
237.50888 48.031957 -50
0 183 0 1
184
237.48942 48.087093 -50
0 184 0 1
185
237.48515 48.097691 -50
0 185 0 1
186
237.46669 48.13908 -50
0 186 0 1
187
237.44081 48.188201 -50
0 187 0 1
188
237.41178 48.234732 -50
0 188 0 1
189
237.38893 48.266866 -50
0 189 0 1
190
237.3797 48.278964 -50
0 190 0 1
191
237.34466 48.32116 -50
0 191 0 1
192
237.30669 48.361599 -50
0 192 0 1
193
237.26587 48.400587 -50
0 193 0 1
194
237.24405 48.419937 -50
0 194 0 1
195
237.22229 48.438377 -50
0 195 0 1
196
237.17599 48.475258 -50
0 196 0 1
197
237.12705 48.511499 -50
0 197 0 1
198
237.07552 48.547397 -50
0 198 0 1
199
237.06343 48.555559 -50
0 199 0 1
200
237.02148 48.583223 -50
0 200 0 1
201
236.965 48.619247 -50
0 201 0 1
202
236.90077 48.65558 -50
0 202 0 1
203
236.85975 48.67606 -50
0 203 0 1
204
236.82127 48.694118 -50
0 204 0 1
205
236.72834 48.734713 -50
0 205 0 1
206
236.63009 48.774684 -50
0 206 0 1
207
236.62375 48.777199 -50
0 207 0 1
208
236.50931 48.821439 -50
0 208 0 1
209
236.39246 48.865182 -50
0 209 0 1
210
236.38686 48.867257 -50
0 210 0 1
211
236.25819 48.914537 -50
0 211 0 1
212
236.15231 48.953184 -50
0 212 0 1
213
236.12511 48.96313 -50
0 213 0 1
214
235.98949 49.012912 -50
0 214 0 1
215
235.91217 49.041604 -50
0 215 0 1
216
235.85319 49.063737 -50
0 216 0 1
217
235.718 49.115537 -50
0 217 0 1
218
235.67408 49.132782 -50
0 218 0 1
219
235.58579 49.168203 -50
0 219 0 1
220
235.45845 49.221607 -50
0 220 0 1
221
235.44063 49.229361 -50
0 221 0 1
222
235.33783 49.275701 -50
0 222 0 1
223
235.22585 49.330384 -50
0 223 0 1
224
235.21645 49.335229 -50
0 224 0 1
225
235.12437 49.385583 -50
0 225 0 1
226
235.01046 49.456129 -50
0 226 0 1
227
235.00105 49.462294 -50
0 227 0 1
228
234.87322 49.550977 -50
0 228 0 1
229
234.82176 49.588843 -50
0 229 0 1
230
234.74241 49.64934 -50
0 230 0 1
231
234.64358 49.727836 -50
0 231 0 1
232
234.61017 49.755058 -50
0 232 0 1
233
234.47806 49.865829 -50
0 233 0 1
234
234.47238 49.870689 -50
0 234 0 1
235
234.34768 49.979368 -50
0 235 0 1
236
234.30624 50.016225 -50
0 236 0 1
237
234.22072 50.093397 -50
0 237 0 1
238
234.14399 50.163762 -50
0 238 0 1
239
234.09886 50.205613 -50
0 239 0 1
240
233.98481 50.312856 -50
0 240 0 1
241
233.98385 50.313772 -50
0 241 0 1
242
233.87744 50.415587 -50
0 242 0 1
243
233.82821 50.46324 -50
0 243 0 1
244
233.78145 50.508828 -50
0 244 0 1
245
233.69768 50.591219 -50
0 245 0 1
246
233.67393 50.614757 -50
0 246 0 1
247
233.62801 50.660519 -50
0 247 0 1
248
233.57426 50.714473 -50
0 248 0 1
249
233.53827 50.750823 -50
0 249 0 1
250
233.52186 50.767316 -50
1 0 0 1
251
233.9317935714286 50.767316 -50
1 1 0 0
1 2 0 0
1 3 0 0
1 4 0 0
1 5 0 0
1 6 0 0
1 7 0 0
1 8 0 0
1 9 0 0
1 10 0 0
1 11 0 0
1 12 0 0
1 13 0 0
1 14 0 0
1 15 0 0
1 16 0 0
1 17 0 0
1 18 0 0
1 19 0 0
1 20 0 0
1 21 0 0
1 22 0 0
1 23 0 0
1 24 0 0
1 25 0 0
1 26 0 0
1 27 0 3
252
253
254
245 40.02489446428571 -50
245 39.82596073214285 -50
245 39.72649386607143 -50
1 28 0 0
1 29 0 3
255
256
257
244.8896270833333 39.627027 -50
244.7792541666667 39.627027 -50
244.5585083333334 39.627027 -50
1 30 0 0
1 31 0 0
1 32 0 0
1 33 0 0
1 34 0 0
1 35 0 0
1 36 0 0
1 37 0 10
258
259
260
261
262
263
264
265
266
267
237.4946416666667 39.627027 -50
237.2738958333333 39.627027 -50
237.1635229166667 39.627027 -50
237.1083364583333 39.627027 -50
237.0807432291666 39.627027 -50
237.0669466145833 39.627027 -50
237.0600483072917 39.627027 -50
237.0565991536458 39.627027 -50
237.0548745768229 39.627027 -50
237.0540122884115 39.627027 -50
1 38 0 0
1 39 0 10
268
269
270
271
272
273
274
275
276
277
237.0532140527344 39.62713589941406 -50
237.0532781054687 39.62724479882812 -50
237.0534062109375 39.62746259765625 -50
237.053662421875 39.6278981953125 -50
237.05417484375 39.628769390625 -50
237.0551996875 39.63051178125 -50
237.057249375 39.6339965625 -50
237.06134875 39.640966125 -50
237.0695475 39.65490525 -50
237.085945 39.6827835 -50
1 40 0 0
1 41 0 0
1 42 0 0
1 43 0 0
1 44 0 0
1 45 0 0
1 46 0 0
1 47 0 0
1 48 0 0
1 49 0 0
1 50 0 0
1 51 0 0
1 52 0 0
1 53 0 0
1 54 0 0
1 55 0 0
1 56 0 0
1 57 0 0
1 58 0 0
1 59 0 0
1 60 0 0
1 61 0 0
1 62 0 0
1 63 0 0
1 64 0 0
1 65 0 0
1 66 0 0
1 67 0 0
1 68 0 0
1 69 0 0
1 70 0 0
1 71 0 0
1 72 0 0
1 73 0 0
1 74 0 0
1 75 0 0
1 76 0 0
1 77 0 0
1 78 0 0
1 79 0 0
1 80 0 0
1 81 0 0
1 82 0 0
1 83 0 0
1 84 0 0
1 85 0 0
1 86 0 0
1 87 0 0
1 88 0 0
1 89 0 0
1 90 0 0
1 91 0 0
1 92 0 0
1 93 0 0
1 94 0 0
1 95 0 0
1 96 0 0
1 97 0 0
1 98 0 0
1 99 0 0
1 100 0 0
1 101 0 0
1 102 0 0
1 103 0 0
1 104 0 0
1 105 0 0
1 106 0 0
1 107 0 0
1 108 0 0
1 109 0 0
1 110 0 0
1 111 0 0
1 112 0 0
1 113 0 0
1 114 0 0
1 115 0 0
1 116 0 0
1 117 0 0
1 118 0 0
1 119 0 0
1 120 0 0
1 121 0 0
1 122 0 0
1 123 0 0
1 124 0 0
1 125 0 0
1 126 0 0
1 127 0 0
1 128 0 0
1 129 0 0
1 130 0 0
1 131 0 0
1 132 0 0
1 133 0 0
1 134 0 0
1 135 0 0
1 136 0 0
1 137 0 0
1 138 0 0
1 139 0 0
1 140 0 0
1 141 0 0
1 142 0 0
1 143 0 0
1 144 0 0
1 145 0 0
1 146 0 0
1 147 0 0
1 148 0 0
1 149 0 0
1 150 0 0
1 151 0 0
1 152 0 0
1 153 0 0
1 154 0 0
1 155 0 0
1 156 0 0
1 157 0 0
1 158 0 0
1 159 0 0
1 160 0 0
1 161 0 0
1 162 0 0
1 163 0 0
1 164 0 0
1 165 0 0
1 166 0 0
1 167 0 0
1 168 0 0
1 169 0 0
1 170 0 0
1 171 0 0
1 172 0 0
1 173 0 0
1 174 0 0
1 175 0 0
1 176 0 0
1 177 0 0
1 178 0 0
1 179 0 0
1 180 0 0
1 181 0 0
1 182 0 0
1 183 0 0
1 184 0 0
1 185 0 0
1 186 0 0
1 187 0 0
1 188 0 0
1 189 0 0
1 190 0 0
1 191 0 0
1 192 0 0
1 193 0 0
1 194 0 0
1 195 0 0
1 196 0 0
1 197 0 0
1 198 0 0
1 199 0 0
1 200 0 0
1 201 0 0
1 202 0 0
1 203 0 0
1 204 0 0
1 205 0 0
1 206 0 0
1 207 0 0
1 208 0 0
1 209 0 0
1 210 0 0
1 211 0 0
1 212 0 0
1 213 0 0
1 214 0 0
1 215 0 0
1 216 0 0
1 217 0 0
1 218 0 0
1 219 0 0
1 220 0 0
1 221 0 0
1 222 0 0
1 223 0 0
1 224 0 0
1 225 0 0
1 226 0 0
1 227 0 0
1 228 0 0
1 229 0 0
1 230 0 0
1 231 0 0
1 232 0 0
1 233 0 0
1 234 0 0
1 235 0 0
1 236 0 0
1 237 0 0
1 238 0 0
1 239 0 0
1 240 0 0
1 241 0 0
1 242 0 0
1 243 0 0
1 244 0 0
1 245 0 0
1 246 0 0
1 247 0 0
1 248 0 1
278
233.530065 50.7590695 -50
1 249 0 0
2 0 0 1353
279
280
281
282
283
284
285
286
287
288
289
290
291
292
293
294
295
296
297
298
299
300
301
302
303
304
305
306
307
308
309
310
311
312
313
314
315
316
317
318
319
320
321
322
323
324
325
326
327
328
329
330
331
332
333
334
335
336
337
338
339
340
341
342
343
344
345
346
347
348
349
350
351
352
353
354
355
356
357
358
359
360
361
362
363
364
365
366
367
368
369
370
371
372
373
374
375
376
377
378
379
380
381
382
383
384
385
386
387
388
389
390
391
392
393
394
395
396
397
398
399
400
401
402
403
404
405
406
407
408
409
410
411
412
413
414
415
416
417
418
419
420
421
422
423
424
425
426
427
428
429
430
431
432
433
434
435
436
437
438
439
440
441
442
443
444
445
446
447
448
449
450
451
452
453
454
455
456
457
458
459
460
461
462
463
464
465
466
467
468
469
470
471
472
473
474
475
476
477
478
479
480
481
482
483
484
485
486
487
488
489
490
491
492
493
494
495
496
497
498
499
500
501
502
503
504
505
506
507
508
509
510
511
512
513
514
515
516
517
518
519
520
521
522
523
524
525
526
527
528
529
530
531
532
533
534
535
536
537
538
539
540
541
542
543
544
545
546
547
548
549
550
551
552
553
554
555
556
557
558
559
560
561
562
563
564
565
566
567
568
569
570
571
572
573
574
575
576
577
578
579
580
581
582
583
584
585
586
587
588
589
590
591
592
593
594
595
596
597
598
599
600
601
602
603
604
605
606
607
608
609
610
611
612
613
614
615
616
617
618
619
620
621
622
623
624
625
626
627
628
629
630
631
632
633
634
635
636
637
638
639
640
641
642
643
644
645
646
647
648
649
650
651
652
653
654
655
656
657
658
659
660
661
662
663
664
665
666
667
668
669
670
671
672
673
674
675
676
677
678
679
680
681
682
683
684
685
686
687
688
689
690
691
692
693
694
695
696
697
698
699
700
701
702
703
704
705
706
707
708
709
710
711
712
713
714
715
716
717
718
719
720
721
722
723
724
725
726
727
728
729
730
731
732
733
734
735
736
737
738
739
740
741
742
743
744
745
746
747
748
749
750
751
752
753
754
755
756
757
758
759
760
761
762
763
764
765
766
767
768
769
770
771
772
773
774
775
776
777
778
779
780
781
782
783
784
785
786
787
788
789
790
791
792
793
794
795
796
797
798
799
800
801
802
803
804
805
806
807
808
809
810
811
812
813
814
815
816
817
818
819
820
821
822
823
824
825
826
827
828
829
830
831
832
833
834
835
836
837
838
839
840
841
842
843
844
845
846
847
848
849
850
851
852
853
854
855
856
857
858
859
860
861
862
863
864
865
866
867
868
869
870
871
872
873
874
875
876
877
878
879
880
881
882
883
884
885
886
887
888
889
890
891
892
893
894
895
896
897
898
899
900
901
902
903
904
905
906
907
908
909
910
911
912
913
914
915
916
917
918
919
920
921
922
923
924
925
926
927
928
929
930
931
932
933
934
935
936
937
938
939
940
941
942
943
944
945
946
947
948
949
950
951
952
953
954
955
956
957
958
959
960
961
962
963
964
965
966
967
968
969
970
971
972
973
974
975
976
977
978
979
980
981
982
983
984
985
986
987
988
989
990
991
992
993
994
995
996
997
998
999
1000
1001
1002
1003
1004
1005
1006
1007
1008
1009
1010
1011
1012
1013
1014
1015
1016
1017
1018
1019
1020
1021
1022
1023
1024
1025
1026
1027
1028
1029
1030
1031
1032
1033
1034
1035
1036
1037
1038
1039
1040
1041
1042
1043
1044
1045
1046
1047
1048
1049
1050
1051
1052
1053
1054
1055
1056
1057
1058
1059
1060
1061
1062
1063
1064
1065
1066
1067
1068
1069
1070
1071
1072
1073
1074
1075
1076
1077
1078
1079
1080
1081
1082
1083
1084
1085
1086
1087
1088
1089
1090
1091
1092
1093
1094
1095
1096
1097
1098
1099
1100
1101
1102
1103
1104
1105
1106
1107
1108
1109
1110
1111
1112
1113
1114
1115
1116
1117
1118
1119
1120
1121
1122
1123
1124
1125
1126
1127
1128
1129
1130
1131
1132
1133
1134
1135
1136
1137
1138
1139
1140
1141
1142
1143
1144
1145
1146
1147
1148
1149
1150
1151
1152
1153
1154
1155
1156
1157
1158
1159
1160
1161
1162
1163
1164
1165
1166
1167
1168
1169
1170
1171
1172
1173
1174
1175
1176
1177
1178
1179
1180
1181
1182
1183
1184
1185
1186
1187
1188
1189
1190
1191
1192
1193
1194
1195
1196
1197
1198
1199
1200
1201
1202
1203
1204
1205
1206
1207
1208
1209
1210
1211
1212
1213
1214
1215
1216
1217
1218
1219
1220
1221
1222
1223
1224
1225
1226
1227
1228
1229
1230
1231
1232
1233
1234
1235
1236
1237
1238
1239
1240
1241
1242
1243
1244
1245
1246
1247
1248
1249
1250
1251
1252
1253
1254
1255
1256
1257
1258
1259
1260
1261
1262
1263
1264
1265
1266
1267
1268
1269
1270
1271
1272
1273
1274
1275
1276
1277
1278
1279
1280
1281
1282
1283
1284
1285
1286
1287
1288
1289
1290
1291
1292
1293
1294
1295
1296
1297
1298
1299
1300
1301
1302
1303
1304
1305
1306
1307
1308
1309
1310
1311
1312
1313
1314
1315
1316
1317
1318
1319
1320
1321
1322
1323
1324
1325
1326
1327
1328
1329
1330
1331
1332
1333
1334
1335
1336
1337
1338
1339
1340
1341
1342
1343
1344
1345
1346
1347
1348
1349
1350
1351
1352
1353
1354
1355
1356
1357
1358
1359
1360
1361
1362
1363
1364
1365
1366
1367
1368
1369
1370
1371
1372
1373
1374
1375
1376
1377
1378
1379
1380
1381
1382
1383
1384
1385
1386
1387
1388
1389
1390
1391
1392
1393
1394
1395
1396
1397
1398
1399
1400
1401
1402
1403
1404
1405
1406
1407
1408
1409
1410
1411
1412
1413
1414
1415
1416
1417
1418
1419
1420
1421
1422
1423
1424
1425
1426
1427
1428
1429
1430
1431
1432
1433
1434
1435
1436
1437
1438
1439
1440
1441
1442
1443
1444
1445
1446
1447
1448
1449
1450
1451
1452
1453
1454
1455
1456
1457
1458
1459
1460
1461
1462
1463
1464
1465
1466
1467
1468
1469
1470
1471
1472
1473
1474
1475
1476
1477
1478
1479
1480
1481
1482
1483
1484
1485
1486
1487
1488
1489
1490
1491
1492
1493
1494
1495
1496
1497
1498
1499
1500
1501
1502
1503
1504
1505
1506
1507
1508
1509
1510
1511
1512
1513
1514
1515
1516
1517
1518
1519
1520
1521
1522
1523
1524
1525
1526
1527
1528
1529
1530
1531
1532
1533
1534
1535
1536
1537
1538
1539
1540
1541
1542
1543
1544
1545
1546
1547
1548
1549
1550
1551
1552
1553
1554
1555
1556
1557
1558
1559
1560
1561
1562
1563
1564
1565
1566
1567
1568
1569
1570
1571
1572
1573
1574
1575
1576
1577
1578
1579
1580
1581
1582
1583
1584
1585
1586
1587
1588
1589
1590
1591
1592
1593
1594
1595
1596
1597
1598
1599
1600
1601
1602
1603
1604
1605
1606
1607
1608
1609
1610
1611
1612
1613
1614
1615
1616
1617
1618
1619
1620
1621
1622
1623
1624
1625
1626
1627
1628
1629
1630
1631
237.5207272656688 47.32142038277389 -50
237.4637676424342 46.85504104314899 -50
237.4281277494159 46.50320082005217 -50
237.37178522521 46.05491907474907 -50
237.2552526628985 45.41086996685716 -50
237.1665325691908 44.67435327731204 -50
237.1244994964634 43.64377384904635 -50
237.1680284145577 42.94862726607516 -50
237.2040480742755 42.33863236986141 -50
237.4731404474038 47.0205866756702 -50
237.5514493145764 47.51364085068924 -50
237.2343891770943 41.84545268927246 -50
237.2671828230501 41.39413755409061 -50
237.2723790019541 41.03750900977266 -50
237.3023596760639 40.82546892745818 -50
237.5752022359594 47.68423285944888 -50
237.1270142161014 44.16882838325903 -50
237.2099536954131 45.07879634832076 -50
237.3226072514724 40.59136781492361 -50
237.3163359758664 45.73488089154748 -50
237.4985814724513 47.15948685880316 -50
237.4447017364434 46.67717802485249 -50
237.5654062308509 47.95386612782108 -50
237.1316521009895 43.34269089428777 -50
244.3607114669772 44.83038206380051 -50
237.403320288395 46.27907348080541 -50
237.3189326803998 40.41094681184072 -50
237.1358303100117 44.42075445595152 -50
237.1146059668037 43.91657522333285 -50
237.1876046533952 42.6355780109073 -50
237.3076583723997 40.2553688865279 -50
237.2703673267074 40.09689387789118 -50
237.26506760468 40.02579501007634 -50
237.4855133955663 48.1940114884587 -50
237.397574828051 48.32160448672273 -50
237.2515980284603 48.44807850311241 -50
237.1231467159711 48.56157101720937 -50
236.9661684930259 48.67681872394426 -50
237.3011906658067 41.18125148774639 -50
236.8011722259516 48.77477530557956 -50
240.4907307142854 50.05729022655756 -50
240.1607161004856 40.38243043110751 -50
236.5972311426789 48.87804417981974 -50
236.3495948254194 48.96456608707344 -50
236.0803838378467 49.05090778816883 -50
235.808025057958 49.14817598716883 -50
235.549613442162 49.2604621665957 -50
235.2031158823859 49.42021371438577 -50
235.0082869925293 49.57730286865675 -50
234.7340498718177 49.74036101742825 -50
234.5227701576049 49.92383202366268 -50
244.3124556758777 47.16395228850091 -50
237.2525742987077 41.65605941008812 -50
237.3436741039765 45.89803036643941 -50
237.29637918104 40.70399709610835 -50
237.2854537911582 45.5714337215855 -50
237.228384464575 42.04537695986163 -50
237.1927129295224 44.9188889211755 -50
237.244166366452 45.24256485162175 -50
244.3844301825056 42.40645784283106 -50
237.5443069327772 47.43045077553831 -50
234.3645864149108 50.06736595515302 -50
234.2495859246252 50.1749464823057 -50
237.4829372245881 46.94771346273657 -50
238.8485437776164 50.10823328011473 -50
234.0920191343351 50.31269808866051 -50
242.0786202099839 50.04735208450743 -50
241.9095583333334 40.39171299778492 -50
237.5091775059 47.24825402383284 -50
237.275660861301 40.1610540022799 -50
237.2114370805932 39.83366384545901 -50
237.2361612338697 39.92418728863866 -50
237.5143037190291 47.37682761000151 -50
237.1652095936857 39.78051850220729 -50
237.2988651502636 40.49587559229599 -50
237.1537684381561 43.1444989146846 -50
238.3355398436983 40.08701821832904 -50
244.862394112446 39.92483354979365 -50
244.5298919339962 40.76296252087896 -50
237.2365576968614 39.96450256683301 -50
237.5574905882789 47.56791808437178 -50
244.3284054249249 48.74956739009244 -50
233.9795493867714 50.41874942971433 -50
237.0604232950826 48.59663832426336 -50
244.3850673186628 39.9390935193974 -50
237.7259407924553 39.92449723895243 -50
237.4246781179471 48.2738881864899 -50
237.4559304242942 48.32575865349308 -50
237.1322300889075 50.14159891164893 -50
237.2847441059303 40.87686643789671 -50
237.3483461985635 40.87220747221784 -50
237.4199421619071 46.44140602773746 -50
237.1319146053236 44.33628045007163 -50
237.1959219598741 44.37423388670052 -50
237.5004788618303 47.21128550661935 -50
237.5336936502457 47.21811335202538 -50
237.5442576439963 47.25750036068653 -50
237.5711058620914 47.22533181216231 -50
237.5855763942374 47.26753339429887 -50
237.6164605948303 47.22872980369429 -50
237.6352800192409 47.27709006341074 -50
237.6686543305601 47.23308000829476 -50
237.6925255984731 47.2841748412369 -50
237.7308762123672 47.23457709600684 -50
237.6426212664759 47.183322663641 -50
237.6543335257333 47.33123305965512 -50
237.3911004438399 39.75464926483922 -50
237.5564664244617 47.18133713053007 -50
237.2871368804497 41.08166207408674 -50
237.329675510357 41.03704635309645 -50
233.878895901662 50.50430505120409 -50
237.226565797629 39.70720244115359 -50
237.5780896218649 47.71939220106088 -50
237.6103663381035 47.69927207685406 -50
237.580118480183 47.81139553673325 -50
237.6072695144073 47.65708286690553 -50
237.6482476706122 47.67616349480415 -50
237.6437678862541 47.62676318249519 -50
237.6932524051331 47.64900441168088 -50
237.6892828638589 47.71492292236517 -50
237.7516622697149 47.67455416694128 -50
237.7168581769079 47.34227704727097 -50
237.6865680672631 47.59339440272098 -50
237.6746201182639 47.38988531499626 -50
237.7384836246407 47.40180309705714 -50
237.6130528449047 47.7394376226597 -50
237.6969099793658 47.44795506340177 -50
237.7694103897741 47.46509147288609 -50
237.8114544677781 47.40853409665327 -50
237.6298449943585 47.57353726846547 -50
237.1625962990349 42.84214749651465 -50
237.2550048593493 42.89721220578845 -50
235.717752257054 49.18165485429112 -50
235.7952501302752 49.25310228181972 -50
243.7353117396771 49.96932733264691 -50
237.6169859195753 47.37400850611957 -50
237.0580985216765 39.62908411901263 -50
237.1359296875384 39.66287165614617 -50
237.0729481853888 39.63524615035928 -50
237.0558686378864 39.628085448481 -50
235.4958756217544 50.17842551425107 -50
236.283386478154 50.19939845041287 -50
236.000757701859 49.75621173252402 -50
237.270243267049 45.46400161745539 -50
237.3157404995886 45.43802204729771 -50
237.5576814282256 48.01873966323434 -50
237.6043258014413 47.99072916729759 -50
237.6158805702462 48.04945238268286 -50
237.6600189873316 47.99456968360053 -50
237.6841659350364 48.07940438676484 -50
237.7541741048953 47.74395589014081 -50
237.8255382568944 47.7043550364634 -50
237.5081277248814 48.10078966326937 -50
237.6174206362248 47.93481718842392 -50
237.6914371834696 47.92547658285969 -50
237.8061035353392 47.61667063366359 -50
237.9044346525854 47.65089351270139 -50
237.6136703051467 48.12996809865356 -50
237.69820303847 48.17434183024435 -50
237.7033629781655 47.77417863662765 -50
237.7537441879004 47.82312848721224 -50
237.4715035573469 46.90001117440173 -50
237.1410344780674 43.44705317656312 -50
237.2191447974681 43.39327147587767 -50
237.2323984146302 43.49613176622196 -50
237.3297687882691 43.42400836094362 -50
237.2207544000053 43.28952589040193 -50
233.6887393793364 50.66963257541195 -50
237.6533420315848 47.87827457626562 -50
237.1159750636997 43.82740833217684 -50
237.1878799904387 43.87264448972398 -50
237.1875762141495 43.96535118022933 -50
237.2708625400263 43.91805194545414 -50
237.2694786888567 43.81728639333139 -50
237.3709983474931 43.87035903386362 -50
237.2737492434368 44.01628822227819 -50
237.2008717288889 45.00056402666213 -50
237.2619120013929 45.02955186322971 -50
237.2788457542589 45.10441303430834 -50
237.3341464625344 45.0502695864794 -50
237.352812756876 45.12706402462199 -50
237.413658936117 45.06964891934822 -50
237.4558158295174 45.15604711849664 -50
237.4950089412948 45.08629385914936 -50
237.3778059781012 44.98977301009009 -50
237.3672044423323 45.20938633279566 -50
237.4533154855006 45.22926083717769 -50
237.3059143916568 45.37305743165783 -50
237.3716776174624 45.40081952260775 -50
237.3739819798913 45.47623371029626 -50
237.4403630386074 45.43222482612659 -50
237.4398518736491 45.53252924385429 -50
237.51529873974 45.46992911963794 -50
237.3542979291609 45.32591369000742 -50
234.0035554546592 50.51530717639028 -50
237.5725624033015 47.77272133843008 -50
237.4737821979203 46.73438621459487 -50
237.4711655555004 46.78087075561537 -50
244.676461922969 39.7919072045348 -50
237.0945398436832 39.64478338053237 -50
237.0628641506275 39.63099845862916 -50
237.4407338950164 46.56177269420317 -50
237.4503525038889 46.60602429479492 -50
237.9704406037919 50.10398172111734 -50
237.5513727877587 49.60779075723276 -50
234.6896266402115 50.45162153996466 -50
243.8483636712333 40.12614172738024 -50
243.3533910759753 40.44858528812449 -50
237.3067591804914 45.67687153069969 -50
237.3623517456134 45.67810665023778 -50
237.39280457879 45.73836144211049 -50
237.4356103442287 45.68168230647314 -50
237.4689529956681 45.75006264754848 -50
237.5150656574039 45.68882063448505 -50
237.5513488724102 45.76791976918329 -50
237.6026446630694 45.69511692433102 -50
237.6406599516764 45.7818898020029 -50
237.7025932290725 45.69575609660661 -50
237.7384807089093 45.79078527166559 -50
237.8175557964978 45.70947921942372 -50
237.6769194010654 45.87264592978815 -50
237.7765774710612 45.88537378182173 -50
237.7149416723718 45.96767389821329 -50
237.816908504556 45.98029862675054 -50
237.7541283956901 46.0642766297991 -50
237.8577766420217 46.07699230348988 -50
237.924196471034 45.98790190764184 -50
237.7935866033972 46.15940554815916 -50
237.8989606213665 46.17537291789633 -50
237.8175074471573 46.26521390313577 -50
237.952133097051 46.27204806268245 -50
237.8662596465968 46.37125224183151 -50
238.0037444986659 46.37704424556382 -50
237.9078378020524 46.48446474765245 -50
238.0457299359803 46.4958517071867 -50
238.1341489802177 46.38530539714245 -50
237.9672895138254 46.59079665529865 -50
238.099400878751 46.61697315430582 -50
238.0013078076319 46.71624909692277 -50
238.1558093322803 46.7452422701314 -50
238.0514234199362 46.87325809893226 -50
238.2204211642392 46.88385980068684 -50
238.3151280800653 46.74803612577477 -50
237.9266233410542 46.82668610390152 -50
237.8474137837198 46.58022341163233 -50
237.7677185563794 46.34759973273156 -50
238.128528502229 47.00857960765584 -50
238.2923411582325 47.02942531583189 -50
237.6945046742752 46.12997496195707 -50
238.018693797202 46.17116399993117 -50
237.6146664168189 45.94745259742076 -50
237.6533967386136 45.61257200251135 -50
237.4993604971989 45.83069031557366 -50
237.5175372040871 45.55097356933636 -50
244.7439703023522 40.22382819642863 -50
237.3371323987433 45.83907998814073 -50
237.2423530201497 45.35158882171869 -50
237.054530152527 39.62803335865053 -50
237.4909148165922 48.26125041691969 -50
237.5277025088864 48.3288497471015 -50
237.4859529118573 48.39921222976407 -50
237.5782748691976 48.41314905013255 -50
237.5684342830317 48.25738548481126 -50
237.5660099303966 47.88942665473567 -50
237.872867660357 46.73588107050786 -50
237.8203468266568 46.82048289318519 -50
237.8502683360202 46.90782466922197 -50
237.762048321959 46.88671030404042 -50
237.7313150691808 46.81160397545587 -50
237.6774897502935 46.87162464161504 -50
237.6556215106854 46.79973263851975 -50
237.7064156909859 46.94237977224319 -50
237.6347158753336 46.92338889757922 -50
237.6545638644944 46.9871811338671 -50
237.7194527152168 47.0083181457647 -50
237.6984513480173 46.74372054348541 -50
237.629270028752 46.73845956857726 -50
237.665792227356 46.68261383911964 -50
237.5949086790116 46.68268271465047 -50
237.6351759809161 46.62648533035933 -50
237.5937011831736 46.78784694434592 -50
237.5754535421744 46.62327705701808 -50
237.6084549974014 46.57299750559574 -50
237.5971542800158 46.97454234872318 -50
237.6123328951737 47.02736846192984 -50
237.5757406332598 46.92636009827567 -50
237.5510450563087 46.57425246380642 -50
237.5804892223666 46.52251320389854 -50
237.6432751663763 46.52282546681624 -50
237.6129894912362 46.46748960794199 -50
237.542779386699 46.47320967137829 -50
237.5805308977092 46.41323934163638 -50
237.5418983510764 46.66505342373651 -50
237.5194220563239 46.41436175294246 -50
237.5502410755865 46.35810022449142 -50
237.5631225846226 47.01433291050254 -50
237.576802376032 47.0629631319045 -50
237.6248119134013 47.07776859845581 -50
237.6168942713377 46.35550045500672 -50
237.5822977235903 46.29624807057179 -50
237.6801025780263 46.46877644972228 -50
237.5886685771193 47.11107048864369 -50
237.5438355008503 47.09364292265733 -50
237.4868824811244 46.35816889662139 -50
237.6557518924246 46.29437716583318 -50
237.7380806180658 46.67655936411707 -50
237.5434890270704 46.96499753225864 -50
237.5333842036804 46.920337583652 -50
237.553398973193 46.888124566358 -50
237.4894472727185 46.46025579599784 -50
237.6137883020263 46.84511027956534 -50
237.715702157913 46.5390771974993 -50
237.7558622513572 46.46808520000612 -50
237.5710434872509 46.73870203876636 -50
237.5350693027855 46.77957402749189 -50
237.5242876993555 46.73401990965415 -50
237.4292372672609 46.38259170235312 -50
237.6189875769765 46.23120157329073 -50
237.5383347759568 46.23322697346832 -50
237.5705198683052 46.16594023113137 -50
237.4959407908576 46.17275962410205 -50
237.5294244935849 46.10026583486164 -50
237.5247276706377 46.62062240206559 -50
237.500336105277 46.65892790840957 -50
237.5051294490554 46.57937788239349 -50
237.5264803256937 46.53193855711947 -50
237.5593815903567 46.82335839863063 -50
237.5115270833653 46.8178023774818 -50
237.6755368555524 47.53686850137207 -50
237.6284434385044 47.52667033073563 -50
237.6036114146646 45.52520206586817 -50
237.5934283952736 45.41628641824566 -50
237.6808800963669 45.45918711305136 -50
237.6730524488935 45.35077360295139 -50
237.7754659152228 45.40204986952325 -50
237.7645099556424 45.28376913411903 -50
237.8752298852595 45.34293085863824 -50
237.8680164410599 45.21988782184735 -50
237.9831360134253 45.2776015755276 -50
237.7518408060982 45.15805417909499 -50
237.8583979106148 45.09048471680221 -50
237.7390777661751 45.03302560927503 -50
237.849832306678 44.95625933719985 -50
237.7263723695883 44.89631784365153 -50
237.8508664804372 44.81384118473728 -50
237.9669261787765 44.87890420737459 -50
237.7151398071844 44.75602593422218 -50
237.8403303804857 44.67205904795041 -50
237.7032087319953 44.61713445291835 -50
237.8203794707831 44.53325454742083 -50
237.6649777093889 44.47632534949827 -50
237.8043554217765 44.38763454166399 -50
237.9622698672016 44.45332392348767 -50
237.6702227080382 44.32369940039579 -50
237.7962024340807 44.2357138890352 -50
237.5919643684247 44.69845480291472 -50
237.6572972131046 44.16694659754617 -50
237.7860920866424 44.07930027480546 -50
237.9318202863304 44.15642602472946 -50
237.544490961665 44.39206600799811 -50
237.868533799722 45.48275667755958 -50
237.6446220753957 44.01294582818927 -50
237.773110007613 43.9208134363273 -50
237.6269982853471 43.85632971311264 -50
237.7641883920999 43.75606230384309 -50
237.9311836660773 43.824265864112 -50
237.5809093896811 43.69366449227739 -50
237.7437142780937 43.58563046592568 -50
237.3385043610613 43.5435215912027 -50
237.4420946966707 43.47570308506066 -50
237.4289406398289 43.33391415053632 -50
237.5100175897199 44.09903741533049 -50
237.5536968894689 43.39496035630518 -50
237.5349190134421 43.24089432284875 -50
237.6844790092658 43.30810321852616 -50
237.6623915515518 43.14349381881055 -50
237.8258965621767 43.21008046389568 -50
237.507179253452 43.08115130418642 -50
237.6347373534809 42.97752569134273 -50
237.3590509117244 43.75770739717855 -50
237.478568485966 42.91958682050282 -50
237.6032506869067 42.813755874683 -50
237.7732455949296 42.87021424384302 -50
237.4591389904708 42.75441288492706 -50
237.5753456854391 42.65337174279485 -50
237.4248127312823 42.59859161139438 -50
237.5431353935068 42.49752070333707 -50
237.7001221775154 42.54803966978216 -50
237.4043565887171 42.44771318924586 -50
237.51536172146 42.34636424879386 -50
237.5790293643018 45.31145253012472 -50
237.6268750687581 44.96848023612669 -50
237.3618827501008 42.30355171168914 -50
237.4836043502839 42.20259383473511 -50
237.6821874977196 42.26755507762292 -50
237.2627292764595 43.71683009986863 -50
237.4962750931319 43.95196098838602 -50
237.3490125724487 42.15094412860204 -50
237.457660762775 42.06121552824398 -50
237.388146249181 46.20315317316989 -50
237.3365984816464 41.11401301872073 -50
237.4401766193328 41.07345770368823 -50
237.3809588671747 41.19675039856872 -50
237.7364957197849 47.56125822836524 -50
237.6470739309096 45.09113926320079 -50
239.5186959607682 50.09190333503491 -50
240.0436148834173 49.51239724343299 -50
239.2045120835924 49.52710248643932 -50
239.6104481840387 48.98453217311111 -50
238.6883867196167 49.48938539238601 -50
238.8793404423551 49.09234774370344 -50
239.2401120772588 48.65912652167745 -50
238.4888256534028 49.06314903517189 -50
238.2351299690629 49.37916676187328 -50
238.1166971399513 49.00556003745996 -50
238.2771172828164 48.75818119673046 -50
238.0204073753998 48.65550984290419 -50
237.8241403194933 48.90424928526706 -50
238.2159107076901 48.47613510074815 -50
237.7855758347703 48.10752242957748 -50
237.5265853812892 48.50545631781934 -50
237.7992919701993 48.23180229412828 -50
237.902121872632 48.15729691531295 -50
238.4847550537774 48.49717753770715 -50
238.346678070945 48.21927948126967 -50
238.637976707452 48.24681997845255 -50
238.5118811656483 47.99740049893865 -50
238.7987205298023 48.00987718038022 -50
238.6689141498392 47.76447346067478 -50
238.9642161665229 47.76846638491003 -50
238.7996078713261 47.49939162571147 -50
239.1217109332288 47.51431555710391 -50
238.9847376241477 47.24965553603109 -50
239.2879539001077 47.26211917609518 -50
239.1468710371735 46.99880306511469 -50
239.4558928028213 47.00392238651268 -50
239.3106834040632 46.73183896685698 -50
239.6264770141587 46.73248076458072 -50
239.4796712948551 46.44900241216298 -50
239.8119757713133 46.45435394139068 -50
239.6556369069715 46.15594295933272 -50
240.0052739151387 46.16471128512337 -50
239.8403917574855 45.86117454264419 -50
240.1719214431635 46.47433891946744 -50
240.2118382228582 45.85877726472535 -50
240.031758486262 45.52162359747886 -50
240.4301163019827 45.53285464068364 -50
240.259773509709 45.15171932105764 -50
240.6540625425216 45.18498574978322 -50
240.4549293032675 44.77951450316997 -50
240.8237320190601 45.57360388623952 -50
239.6041489485051 47.28573292475518 -50
240.9116411076851 44.8319316359731 -50
240.6896583215718 44.3932552763107 -50
239.9895394441017 44.82089201914768 -50
241.1981878311334 44.43244450318606 -50
240.9358381650347 43.92972281835344 -50
239.4863303772876 45.89160287214374 -50
241.4842602292921 43.9572264086876 -50
241.2252639934529 43.4615588585054 -50
240.6602580430707 43.43801804365349 -50
241.7431355603788 44.4791588385537 -50
240.9439561737527 42.94220742909742 -50
240.3858533712919 42.96521979641577 -50
239.1414417331363 46.4471716720624 -50
241.5318017902089 42.9471280905445 -50
242.0613680395086 43.97893732484363 -50
240.1262677568851 43.40570950226302 -50
239.8738638532453 42.9928520636011 -50
239.6447228554806 43.38184442991493 -50
239.4092784706196 43.00749443949038 -50
239.6292276822149 42.61416995083445 -50
239.1745485472359 42.63599088271583 -50
239.2113071786706 43.38427261776412 -50
239.3780725137621 42.24921253413093 -50
238.9312090494634 42.28421732246488 -50
239.1613677554149 41.89198413644954 -50
238.722411977415 41.92701015509279 -50
239.8371252924264 42.21270721196217 -50
239.411311899137 43.72512403977089 -50
239.0160549279647 43.71512847529546 -50
239.1821886623759 44.02039968788763 -50
238.8437922058635 43.39651871624533 -50
238.8537639545839 44.03088407752857 -50
238.9880027694643 44.29135102915501 -50
242.3179954773179 44.50316788053781 -50
242.6664924974816 44.00257286595266 -50
239.2727181767924 47.78773717978093 -50
241.229779556881 42.4029695212719 -50
241.8647388957612 42.39682432354775 -50
238.6912340042546 44.28620029662135 -50
238.824371978497 44.54110262719196 -50
241.9836334566917 45.00797983825494 -50
242.569721930858 45.03852290658189 -50
242.2274150909914 45.54394898331757 -50
242.8256429097946 45.57925323674539 -50
242.4796661843599 46.07897555445759 -50
238.5279377173613 42.25169037763199 -50
238.33948194298 41.9518536121434 -50
238.4959452251636 41.61520911797002 -50
238.1052054911443 41.68121694322016 -50
238.5531228596049 44.52868576765724 -50
238.6769908249481 44.75355020640897 -50
238.9470454355117 44.7888702702469 -50
238.7544597532907 45.00316562376835 -50
239.0595445629298 45.04401134967873 -50
238.8927145692772 45.26235598390585 -50
238.636184076213 45.24403236291201 -50
238.738843500254 45.46733983909898 -50
238.5083205528919 45.44028498926614 -50
238.5958711981991 45.65019295163434 -50
238.3638494069863 45.60824291929336 -50
238.4646420678628 45.81829253316506 -50
238.6781880065381 45.85389109860419 -50
238.5458102399039 46.0227012301545 -50
238.5459633191416 44.03929272754766 -50
238.3906879686177 47.75445103430164 -50
238.2671888919673 41.32418848546683 -50
238.6673026855682 41.19546180634418 -50
238.4130465894805 45.24514921213663 -50
238.2682042849092 45.78729738416047 -50
238.8806137602242 47.00979198449092 -50
237.9393852982398 41.39629378287286 -50
237.8134684118394 41.64076970081899 -50
239.2360971599444 44.8060660995983 -50
241.8847426212643 46.03538248151392 -50
242.129551714918 46.56502883674997 -50
241.5527410351656 46.49443531680699 -50
241.7801641533588 47.03599304600778 -50
242.372029896 47.0947400211752 -50
241.9956377646493 47.58813752346132 -50
241.4133467654293 47.51723025913183 -50
241.6532473803189 48.11059778349964 -50
241.0566897619119 47.99684587905742 -50
242.4005246472337 48.15611988220655 -50
241.2465561998537 48.54931265792703 -50
240.843934921413 47.46622860350448 -50
240.5122956374677 47.89962582414294 -50
237.8780526470602 48.02583631399362 -50
237.911630430382 47.75323076937235 -50
238.0241664237222 47.70091721346237 -50
237.999015569078 47.57460290343087 -50
238.2022406240551 47.15853560403163 -50
238.0316017569186 47.13879531757034 -50
238.3671366666145 47.18483289946231 -50
238.243125659125 47.33968724894222 -50
238.0220071819908 47.8254062877889 -50
238.0084141032217 48.05723099702119 -50
239.5447917638707 44.12636079047096 -50
239.3640116714077 45.08579780869478 -50
238.4257573418973 44.72911516742076 -50
243.1357127056245 46.10624112895627 -50
238.1805418256728 45.63199001861518 -50
237.6493279778995 48.51460751457856 -50
237.5727780687159 48.62673296374259 -50
237.4370451073694 48.59752832944807 -50
237.4921203040878 48.74076687183763 -50
237.3581273160761 48.72779474057077 -50
237.4125180704079 48.87275915355622 -50
237.2538707892812 48.83769055317482 -50
237.3167822785855 49.01693406470564 -50
237.1359790162454 48.97355705218697 -50
237.2094432530603 49.20086651235457 -50
236.9649411197767 49.1549449409993 -50
238.7578545629789 46.05430155593668 -50
238.6121382315452 46.22182378733605 -50
238.200155815879 42.26175811559359 -50
238.3527261007312 42.52774838904431 -50
237.9865686631098 41.08303735928916 -50
238.9110437779341 45.88750317805238 -50
241.5402603595667 41.8302288207737 -50
242.2177614135665 41.82793628597467 -50
242.5235538136211 42.40581448169007 -50
242.9176851161735 41.82595616614435 -50
240.8755830034449 41.85065086751084 -50
237.6761527049398 41.4526445937154 -50
237.5749446275048 41.66545526319518 -50
237.6984912180608 41.83609158963169 -50
237.7313202715294 41.24351085185965 -50
237.7893654852793 40.85622217770869 -50
237.3055903378361 48.60504172119164 -50
237.3658560026263 48.51357174677146 -50
238.0951758669454 45.76531189470404 -50
238.1446205197269 45.92985485455524 -50
237.315313355588 48.40903337836866 -50
238.3873765391556 46.19543155326387 -50
238.4745554570923 46.40026023946908 -50
238.7235392341882 46.42757848729256 -50
238.309616693324 44.52760986997504 -50
238.1285453215771 47.62250906793781 -50
238.4413201505272 47.35173216540774 -50
238.9970649251649 45.51068102959617 -50
243.2021884846273 45.08735200687519 -50
237.4717359315927 41.49574556139322 -50
237.5099855593012 49.03875338539065 -50
240.3399083592836 47.41997768228534 -50
240.0100194327604 47.78016109050398 -50
240.1841452898208 48.28347278693234 -50
237.9327671311515 48.28999375704876 -50
238.4749779798255 47.0391143097951 -50
240.6176137923744 47.05126648892582 -50
241.1375359011087 41.15481594577547 -50
242.3815954309559 43.45490438650354 -50
243.0265458174787 43.47916964316424 -50
243.3528694056399 44.04070940014789 -50
243.7351323420374 43.41248079875468 -50
238.033941980598 45.63092896789054 -50
238.0858248207884 45.50676824135024 -50
238.0462521983548 42.52164894927864 -50
238.2068630903486 42.77428561635715 -50
238.492667967077 42.78949976569162 -50
238.3357649124829 43.0306731022742 -50
237.072944075765 49.42039812222866 -50
236.7882943272176 49.39626784135162 -50
237.052968710312 48.82236952788575 -50
237.1807702151945 48.71590246856421 -50
243.3737103152618 42.85340038520626 -50
238.0427994921362 42.01944819285592 -50
237.7158324452233 48.63407783239201 -50
238.191612547312 44.74085154554884 -50
238.317679934753 44.92225813149172 -50
238.5653410195474 46.59480537422309 -50
238.7601005615166 46.64360359855542 -50
237.5105044880605 41.8423981520512 -50
239.7690104811658 48.17005259872733 -50
242.576596629116 41.32181052793276 -50
240.5092955943419 41.32024456001825 -50
237.415267195556 41.62607532191836 -50
239.0011208519145 46.11704700536649 -50
236.6971977775314 49.15665215860453 -50
236.510017958582 49.34786974726836 -50
236.5951050391689 49.63910524834373 -50
238.2890379086448 47.96497312385028 -50
238.4943744335424 45.06488060493628 -50
237.9171522822002 49.22258274738564 -50
237.451652989957 46.82355343321659 -50
238.8687751280487 48.50370438795665 -50
238.1075741006105 47.47488079299221 -50
238.2406001026875 47.53412203976259 -50
237.9632205412721 47.43907936015217 -50
238.0692632608346 47.34444130263543 -50
237.9476488562891 47.31367759442319 -50
237.8535627404308 47.4645364745918 -50
237.1189784486101 43.73502661615677 -50
237.3389493621596 41.53901027655935 -50
237.986030870584 47.01107326521129 -50
237.9158265794546 47.09755981257199 -50
238.6500210084017 43.0650320881905 -50
238.4815884885879 43.31645677280525 -50
238.5775040104429 43.58611356856353 -50
238.2883726873358 43.52103208634279 -50
237.6040819239832 47.77784030378508 -50
237.8119267333225 48.51303858761302 -50
239.0140445452341 43.04778454848851 -50
238.0660456885074 40.73808548791687 -50
237.7718736998015 40.59354661469406 -50
237.5883223546649 40.74151406471123 -50
237.5627547255234 40.48986002209727 -50
237.7226822309909 40.32941650102968 -50
237.5384557833081 40.23631777003131 -50
237.1398241358596 44.50176455893573 -50
238.0526158776527 43.01474591596865 -50
237.5211842875929 47.00377595772951 -50
237.5351595926373 47.0479240981537 -50
237.3998002126243 45.61599369247091 -50
237.932388769273 42.26580402436636 -50
237.5397922526495 41.32581147633597 -50
237.3902818162054 45.85514919375558 -50
237.4021617447665 45.93128772655793 -50
238.4089124547137 44.26826002564555 -50
238.2951764564804 44.04939344527157 -50
238.144915568299 44.36258941999468 -50
237.5370684624455 44.25668431177914 -50
237.4301483617981 44.33801895449643 -50
237.436458395549 44.45701822390578 -50
237.4121702092106 44.20423274187511 -50
237.3359190200785 44.41311289855911 -50
237.344521483669 44.52422416375118 -50
237.4541078784863 44.57080396886816 -50
237.3452309025904 44.63338081687937 -50
237.2670893319305 44.58140682157239 -50
237.4373082769762 44.68943019353697 -50
237.3495364808712 44.73966088410641 -50
237.4300383127844 44.79431823038076 -50
237.3398188124326 44.83742500720626 -50
237.2661818735477 44.79024221381341 -50
237.3640120635007 44.08022000771788 -50
237.3012127690896 44.17450158763243 -50
237.3344867767848 44.28845577268646 -50
237.1940462100995 44.29719098390093 -50
238.1971400012599 43.27572083974633 -50
238.0577664801409 43.47448900389104 -50
241.3440301131524 46.00216099408398 -50
241.0777254917041 46.45924474951872 -50
237.3799094887467 41.80760828473909 -50
239.5805653633401 44.80209386777518 -50
239.6971104841875 45.09523416001511 -50
239.4234211178248 44.50533894865764 -50
239.4933998002784 45.35309166971482 -50
238.7469738421933 47.22636366324065 -50
236.8577581822731 48.99728084606199 -50
237.0225156048404 48.63413326034946 -50
237.0259858500241 48.70296038290673 -50
236.968694401668 48.76026560875742 -50
237.0776038450993 48.65222053524334 -50
237.5949519825407 44.83778693667693 -50
237.5175219258513 44.92935051580126 -50
240.3375410694657 43.91199038538638 -50
237.3553818991094 43.00249548856498 -50
237.3764793432136 43.17584109659799 -50
237.2911644938004 48.52282260168761 -50
237.2266703647049 48.56414002910041 -50
238.611607650469 46.81306774892825 -50
240.161394817718 47.05032700106305 -50
239.3215683085516 46.16096785701575 -50
237.6536899997873 46.03564524178027 -50
237.5616845164903 48.08347594887889 -50
237.9371879436423 45.75913821363451 -50
237.2887645069576 45.30636454063531 -50
236.8553600000825 48.7320322447249 -50
236.886703248239 48.78207013031645 -50
235.677356283369 49.27713408996079 -50
235.6167336268971 49.36231798478682 -50
235.7669906231764 49.37168251229115 -50
235.9387824872159 49.32357180291918 -50
235.4193287129111 49.31930155863062 -50
235.3208944826864 49.38520170513368 -50
235.3020574060157 49.52047555979962 -50
235.427795664371 49.457373454029 -50
235.6072138164873 49.4921043849063 -50
235.1444938976315 49.56435559861195 -50
235.2544693029764 49.71532863385831 -50
235.0530544728403 49.71816153036858 -50
234.906480217402 49.749481537606 -50
234.9489328551324 49.91694914866297 -50
237.1921458011461 44.05095811349958 -50
237.5754952440941 44.58176403983806 -50
237.1580694030402 44.75364058771792 -50
237.4393024609207 46.22307688883499 -50
237.4341950393228 46.15390670834414 -50
237.4742306571908 46.27565850106213 -50
237.264495550111 41.47061314072653 -50
241.6838493253938 45.52730064412616 -50
244.8679562142358 39.75387489209045 -50
233.7961615808495 50.59906123034109 -50
238.3452660685925 45.9731262662014 -50
238.2190212889932 46.0927500374946 -50
237.2604754085431 44.68919576970526 -50
237.2008041787308 42.23255281948158 -50
237.1485902865185 44.58747595989719 -50
241.0510876143699 40.37756063328103 -50
237.6304560735113 47.43659136241484 -50
236.1702762042135 49.00986757422158 -50
236.1763540682657 49.12544998983256 -50
241.2894179223395 50.08494927629046 -50
241.0019257441167 49.46533555638408 -50
241.6668731809446 49.4661345169815 -50
242.3817874010711 49.34299482221138 -50
241.161973728273 46.96934778433749 -50
237.4522111864948 43.60075194525753 -50
237.4804821122296 43.80653214641178 -50
242.8703676079795 50.01633424706023 -50
243.1539849824443 49.12960357567606 -50
237.6841749877043 48.27990769469281 -50
237.5951619043229 47.31988541313588 -50
237.5718204437846 47.36190082157411 -50
236.3157023359414 49.57255592468515 -50
237.3444914380932 41.43684732597519 -50
237.2925364380678 45.17682404007004 -50
237.2296702615463 48.47732726472681 -50
237.4774338201269 40.61963199441072 -50
238.3051232790954 45.39715171558272 -50
238.2211170317183 45.22724250601034 -50
237.2926115631417 42.54100478716446 -50
237.5775938803862 47.85406305656543 -50
244.2199391622363 44.00883515021167 -50
237.2642504838878 44.48888334190776 -50
236.0182110109896 49.1690206169696 -50
236.141436703118 49.27472286187219 -50
237.2539281248168 44.95429458330894 -50
239.3124032440978 40.36180919211342 -50
239.7151209712993 40.9459844154179 -50
237.4657193109855 46.41954960048611 -50
237.3159102375276 42.69658155485248 -50
238.7912798856071 40.70600702310302 -50
237.3131768443398 40.34780981534354 -50
237.3825970115466 40.36152692586722 -50
237.4178844015858 40.4434517245097 -50
237.7584869781855 47.99084194005491 -50
237.8422120969241 47.90240180766317 -50
237.7050963987303 46.22132886173385 -50
237.5540430517867 47.1357714479058 -50
240.1971440094397 44.3899434897553 -50
237.4507251562161 46.79256669196909 -50
237.4764058081052 46.80637063823073 -50
237.5652457235078 47.74242411003074 -50
237.3589535890608 48.36983265283257 -50
241.4242643751621 45.01534092108472 -50
237.5994274973344 47.61216143879737 -50
237.4322509456682 46.64613556614643 -50
235.1685375240761 49.95118939619147 -50
237.2595567978698 44.87697416422217 -50
238.3526632903169 46.56146803615313 -50
237.3037520881091 40.75761016745223 -50
237.3498935845573 40.72084011469136 -50
237.3304713088708 40.65902614575059 -50
237.5947631362508 47.15536396900951 -50
237.1940996249621 42.4150731480504 -50
237.3092107593777 41.26165762057067 -50
244.3768657596009 45.59662828111806 -50
244.3507040190341 46.38378373824381 -50
243.5683212798127 46.70455195220054 -50
243.6282983082667 47.51667360026954 -50
244.3096881942577 47.94664159224468 -50
243.6050567187646 48.3963802309256 -50
243.0489931005114 47.86625908604464 -50
236.3257292676023 49.1998779997945 -50
238.1066596446915 43.69665526775297 -50
238.3605596962141 43.79519997528363 -50
237.0534549965059 39.62722571119254 -50
237.0537256841573 39.62745955177249 -50
237.6474872320355 45.21776670149286 -50
239.7715281647468 44.4589303994353 -50
238.2263567359739 46.25468870313705 -50
237.9987100770019 45.87451590822489 -50
239.1744467808811 45.90046176134238 -50
240.6907679486643 48.40663689395501 -50
240.3446400459354 48.76368293151263 -50
237.6361319168338 47.12763243572017 -50
237.690754668074 47.1462346911541 -50
237.6776910729989 47.09381753617511 -50
237.7396687171906 47.1067272946683 -50
237.5178722427695 46.88649227995703 -50
237.1270828146685 44.256547602574 -50
237.5292832364999 46.85297822351847 -50
237.4951736549492 46.86139450787802 -50
239.2731561515713 45.62598893115334 -50
237.4935899712948 47.18618951073269 -50
244.2427053859876 41.47904511644895 -50
237.1660046864078 42.74926461600143 -50
243.3021198302573 41.19813309789952 -50
237.2238877262575 42.13601025006868 -50
237.1410486474455 43.54436212781253 -50
239.0001018628124 46.76560295747421 -50
238.795319860613 42.79739854652494 -50
237.1854537348057 42.54454443446112 -50
237.5622468369697 47.59870032946194 -50
237.1170357366407 44.00260033022112 -50
237.5864686078367 40.94132740027948 -50
233.9190468935329 50.61032782560918 -50
238.0988646193265 44.56491267467726 -50
237.1847301070363 44.83584760939342 -50
237.7811428203486 46.96776380119693 -50
237.7725545772335 47.04626857672046 -50
237.8629247926393 47.0144101886696 -50
237.4966537267997 46.79028683932536 -50
239.8538957332443 43.76676701737445 -50
241.9008256955545 48.77221906468313 -50
243.6134024502324 42.13819846303867 -50
237.7771759144717 42.04352176624803 -50
237.3251430839837 44.92163415401283 -50
237.3721112957479 48.43169826278763 -50
237.5336857806676 45.22457824909931 -50
237.5503380773276 47.4721043180814 -50
242.9764820345843 47.23467735348664 -50
240.5660805455006 42.3949612526267 -50
237.6005099169027 41.97265266255162 -50
237.3861944128404 41.93256065184627 -50
237.5828790190198 45.85324475362398 -50
237.5270340213066 45.91758174728079 -50
237.5509743117161 46.01463007936647 -50
237.5033178841557 40.36491892129789 -50
238.0749825496123 46.05461820248544 -50
237.5541345593301 48.13431075444366 -50
237.7458860841927 47.17160901344494 -50
237.8001815048841 47.21848997270195 -50
237.8172928105262 47.12259291040518 -50
237.7605196996814 47.28636348833159 -50
237.5707209267127 41.15216660836353 -50
237.1586349125927 43.04921175120553 -50
237.2554119446673 43.09436097839776 -50
237.5163234400631 47.28560798036413 -50
237.5536577185121 47.29686720718043 -50
237.5149385191017 46.69499542474794 -50
237.505002746524 47.07128720601033 -50
239.9084076228147 48.62174336573571 -50
237.4837634256769 46.6235265653945 -50
237.4106561550998 44.90123820751879 -50
237.2923895629785 40.99128643309399 -50
234.6624904269826 49.80715624567327 -50
237.5100622548424 45.37825192663212 -50
238.1241376999971 48.28202082116714 -50
238.5190259593194 47.54480838206807 -50
237.9020142271297 45.61931512141116 -50
237.7845364564337 45.58615968618761 -50
237.5840124281895 47.54307545930927 -50
238.9226029114064 46.34478603930683 -50
237.4369433759478 46.32350321968495 -50
237.5101348049421 47.11818122173057 -50
238.19177038716 47.7859204532084 -50
237.8414046950193 43.42651145432531 -50
239.1799819467715 45.31365446212394 -50
237.5786228618509 47.40268763835678 -50
238.3519044842699 49.84088000150561 -50
237.3658559299093 40.79424195013128 -50
237.4459015917957 40.85354242428051 -50
244.3809865918161 43.18104994377354 -50
237.2329558546265 43.61105720499756 -50
237.1714007090338 48.53751552927363 -50
237.1680597363271 48.59250847113231 -50
237.2195514808145 48.63638591865107 -50
237.4792989908806 47.048565955329 -50
238.0032066167738 44.73708589723743 -50
241.8887940376166 41.20062180752588 -50
244.3616266325282 49.53647292884416 -50
237.4767103367925 46.8331437317762 -50
237.4922292364958 46.75587134069043 -50
234.079137735611 50.42798851953214 -50
234.1977124851813 50.40329055891509 -50
237.3690130675212 40.96112058865758 -50
237.9552238532929 42.76368423971556 -50
237.412389929078 46.47559274874543 -50
235.9787685018642 49.08013067469224 -50
240.2431448514465 41.85812856969311 -50
237.8390331401171 45.80305818941329 -50
241.7965205030754 43.46341722483919 -50
240.5542849885053 45.84107021143952 -50
242.9705656833441 44.53927107600281 -50
234.5819819508739 49.85716951320666 -50
234.6364191697821 49.93397229669738 -50
234.5679665991914 50.05922587437854 -50
234.7342189730135 50.11018585804779 -50
234.5225384930065 50.26717677763438 -50
242.7142143417952 46.6246332234682 -50
236.910554535433 49.71014629206039 -50
236.6860070823446 50.05176339673488 -50
237.2823310985932 42.42114177701871 -50
237.5185751130399 47.18489187416723 -50
237.2996804891656 40.92837915531101 -50
237.1051607109946 48.72262447732987 -50
237.4701369973581 45.97059422366145 -50
234.4417132561769 49.99660143842208 -50
237.4797683860394 46.68586253676757 -50
238.3712457172402 40.93597149021267 -50
239.1539816851823 41.07497561757923 -50
239.4139625327209 41.45851701298353 -50
242.6009652774745 48.75006319384563 -50
243.7709408265352 45.93039788090978 -50
236.0947979332105 49.46796764580296 -50
237.5098238556152 48.14419229189902 -50
237.9780904105444 45.14687907671343 -50
235.0401116793865 49.51165210839223 -50
239.0997225669315 48.03815415954979 -50
235.9094931646008 49.11971737228274 -50
235.8903484746579 49.20904496372613 -50
237.1411642746211 43.24857609481481 -50
237.3592331117187 43.96993408386131 -50
237.6871292569552 46.35449750289209 -50
237.4615147657616 45.00107123007072 -50
235.0331309833171 50.22928124285298 -50
237.8411410634357 47.2898948702694 -50
237.9041729987795 47.20353542858938 -50
237.9818036544317 45.00614215039506 -50
238.126212944716 45.07160421060178 -50
237.0841692914393 48.57215452327031 -50
237.1107904856679 48.60489007659299 -50
240.3857782904516 46.167179099752 -50
240.5703381012844 46.52296069153959 -50
237.4721311068691 46.87473048337791 -50
237.9837890806254 45.41224500433488 -50
238.1276018009119 45.36259936901143 -50
237.2261078050535 45.16196082399971 -50
234.7807857883468 49.84446941948897 -50
237.6998761117641 46.62284859117965 -50
237.2617433575185 41.56692437376149 -50
239.1147196446069 44.53768567136241 -50
238.6455438245669 42.54824676703335 -50
237.481772716172 46.54750499898706 -50
237.4518855526377 46.52668071580455 -50
237.4621912522144 46.49196310163214 -50
237.5807723533894 47.44530713925663 -50
237.7800213281886 46.74340174641226 -50
237.2490487473677 42.78925273321717 -50
237.8174116343807 46.66611223405708 -50
235.640918396517 49.20404722216952 -50
236.2796692272109 49.05004515666088 -50
238.8290787710196 45.68154480355143 -50
236.9108578676054 48.7092599605133 -50
237.361448396297 42.84394435332361 -50
237.8775926655178 45.89909691224594 -50
237.6604968828742 46.57684681829005 -50
237.2806116052438 48.43528258643699 -50
240.0818790386443 42.56973644345695 -50
237.9655022506429 46.07239393323539 -50
237.8864329159267 47.56324266937256 -50
237.4287771318201 45.34999373688828 -50
239.443751174906 47.53473674653279 -50
239.6119117506801 47.81407726823255 -50
237.7921540546755 43.03672749628682 -50
237.4023624473034 40.53972980614377 -50
234.820992898653 49.68770545960533 -50
237.5628623433993 45.62354660960133 -50
237.3286973274831 45.62148481600853 -50
237.3573623138106 45.55692276084763 -50
237.3101620027609 45.50543882990306 -50
239.7908649768941 47.02149929871635 -50
237.6492962292796 46.41289622061698 -50
237.5051511009367 46.97050367388314 -50
237.4896921622179 46.99954017365258 -50
237.4784546058987 45.61559100937018 -50
243.8007804934919 45.2670120522603 -50
243.7141263041397 44.56330139592141 -50
237.9631436734029 47.93168002869803 -50
237.7462241187283 42.70873229031929 -50
237.4485824398525 46.46176670415706 -50
237.5646062122211 43.53208175367148 -50
237.3511523378235 45.9657779005153 -50
237.9288895175655 44.30360491554026 -50
237.2284013557803 39.87835747757492 -50
237.2779812513508 39.89403354645896 -50
237.2630181846797 39.83366146308684 -50
237.2319180017337 39.77723989301977 -50
240.8427710346587 48.91493972597311 -50
235.8357863692883 49.52785592600078 -50
237.4652240240111 46.65412320003378 -50
237.4579252879277 46.70865947514591 -50
237.5263973426897 46.30428053324302 -50
237.9074861926871 43.62726905997501 -50
238.1147548168409 43.9133988553811 -50
239.9602555722904 47.31773075559246 -50
237.9414770022124 43.99873477353956 -50
242.1357320275833 42.94131902317768 -50
237.597355867413 47.48819768249444 -50
237.4407869106203 40.73843896993476 -50
238.1076896351605 44.89267114964414 -50
237.9908999109705 48.44375484151807 -50
238.9358286435775 41.52719297440321 -50
238.1894087596438 46.5159403632817 -50
238.2940849604 46.38551571540788 -50
238.6355875394505 48.76616029413211 -50
237.3164947169129 45.24762973792145 -50
237.9450101909142 44.59212721815472 -50
237.6521259334532 42.41868760365145 -50
237.6685675686268 48.75209198532235 -50
238.1079392595166 47.94389328719912 -50
237.3491628642478 40.30027435280054 -50
237.3693995723872 40.23271572846788 -50
237.4872775937704 40.11878177446043 -50
237.373921835921 40.14723054636266 -50
237.3839107801144 40.03171650144692 -50
237.322839241366 40.20011478931266 -50
237.5377205339033 39.97855657542746 -50
237.4247114104168 39.89859958242872 -50
237.5850413634359 39.80172611027463 -50
238.3982937688255 46.87506874088238 -50
237.6677371367081 47.04240185481104 -50
237.2861429098243 40.18698020880449 -50
237.3093500739873 40.15542313529178 -50
237.2751075285009 40.13352097648922 -50
237.3218344375105 40.10418481996172 -50
237.3006861501288 40.05367465273252 -50
237.3093954167815 39.9946570014752 -50
237.769382333239 46.60152040583236 -50
237.3302885371666 39.83932940536656 -50
237.5967117995616 46.88555844258914 -50
235.433853570682 49.63218373948011 -50
235.6703563007522 49.79385204262476 -50
237.5205103383867 48.06594637247525 -50
237.8345327066988 47.79578995114026 -50
237.1902519705372 43.77499910235795 -50
237.6819853426389 43.45626209617259 -50
238.314486186842 45.10622693303535 -50
237.5706526807785 47.6401427491023 -50
238.0435210379528 40.40219319741116 -50
237.958893977046 40.09203844635316 -50
237.2974415741111 40.46072875731681 -50
237.802170660544 48.35695546088464 -50
237.1799790982101 44.22153926153693 -50
237.6224851318274 47.82848861715787 -50
237.2775590380176 39.94811977109778 -50
237.3356881176556 39.92901787209792 -50
238.9257169729846 48.22550072233275 -50
237.3247051363088 43.28375707825919 -50
237.6618284852457 40.1132680510424 -50
237.1259962158101 39.69922885356426 -50
237.5440636742686 47.39430039556663 -50
237.5354765070016 47.34962658408367 -50
242.5921727297097 40.53282278194897 -50
237.2453805894953 43.20609334219271 -50
237.2609398121936 45.51091363378879 -50
241.010542067906 45.23297056791647 -50
237.4684939905065 46.58392275391454 -50
237.3470701632557 43.65429061594351 -50
242.7613143103707 42.91602450646356 -50
237.870235597427 47.37430499982103 -50
238.1119011497701 44.09820418588203 -50
237.8874281055305 41.84420963855496 -50
239.9409801481535 44.13079841648448 -50
238.6889527851596 43.82841635537424 -50
237.4306593846078 40.28861736957931 -50
237.2041921787553 44.14962810075652 -50
243.9305163391753 40.73176111149954 -50
238.2338123464917 46.63432994224257 -50
237.8658283955403 42.60121549776999 -50
237.4202860579407 48.38175204826446 -50
237.6002276884306 42.10950777388034 -50
237.8908957664812 49.62998123814665 -50
237.6272201416517 49.29423657002108 -50
243.8368770996678 49.15627029163704 -50
237.2479513498827 42.99892746695461 -50
234.0238732513435 50.35721280758139 -50
237.3481327316658 49.40821612299376 -50
237.2652958256448 39.98685486452117 -50
237.5516860643157 48.19428992000361 -50
237.2963663468312 40.30664067577865 -50
239.9319021343142 41.40634364197435 -50
237.734816399447 47.6189763686744 -50
237.5023117604754 47.03220889496447 -50
238.0756360567018 46.26802957562249 -50
237.1738463680254 39.70392056604102 -50
237.501855280741 46.9117455621199 -50
237.4782192967915 46.92499226840672 -50
237.3473652479955 42.03830663878359 -50
237.2795855037566 41.95925536926196 -50
236.9285639265394 48.86829132414261 -50
237.9949647232499 43.28030953556541 -50
236.7026939390483 48.96826837958587 -50
236.5557142572221 49.03674443787946 -50
236.7133920815194 48.85826051574618 -50
236.4555773175836 48.93131499911654 -50
236.8150472672618 48.87482441690543 -50
237.5996178637427 47.88415428425536 -50
237.3786441235175 46.1269604451972 -50
237.4273134519394 46.08631820687105 -50
237.5499184662089 47.54406107887405 -50
237.3098807752876 44.98770370622655 -50
237.25948594883 44.33914171572529 -50
239.1909439701067 48.32468625141021 -50
244.2996785339149 40.36879603810907 -50
239.9849705356419 46.7483113755637 -50
237.4828985416026 45.29378890221209 -50
239.6629248869604 45.62449794509958 -50
238.9226843853725 46.5344695042516 -50
243.3470530840147 45.59405126114939 -50
237.117548619391 44.09026391877799 -50
234.1210554651426 50.5753372971389 -50
237.3112699538474 41.87068430759903 -50
237.2680679039182 41.76499788942104 -50
237.3411565016434 41.69790851137607 -50
237.596283456822 47.19481707580744 -50
237.9748207817727 45.53040280250928 -50
239.4118766328257 48.08790006459174 -50
237.657214673532 47.48492578803054 -50
238.6729050278084 47.01809277499757 -50
237.7955793303371 47.52874608998807 -50
237.6056734848234 46.10267696988819 -50
237.6884382171414 48.40132171998593 -50
238.0187086349949 47.25226813137151 -50
237.1993179426657 44.54339266563296 -50
237.496078057769 46.50233351184619 -50
238.9645123202566 48.78248096978938 -50
237.1544939088394 39.74426117099875 -50
237.2870170422047 39.74780294706625 -50
237.7014903765237 45.53565541911681 -50
237.7216117682153 47.50257494599505 -50
237.5494153471592 46.70309070231109 -50
237.5608555720367 47.91985561238373 -50
237.4524665581652 48.2304371920813 -50
237.49264721173 46.71634369094919 -50
237.3412121478497 40.48122579286223 -50
235.4046184640482 49.85419586528116 -50
237.7510999949685 47.90164246740044 -50
237.4515523607303 45.88353114519894 -50
234.3639347224075 50.45661384071256 -50
237.8343008462856 46.446202402029 -50
237.2701540570349 48.47657624217062 -50
237.6423302270791 47.71812673364377 -50
237.6272658155014 48.20120191229329 -50
237.2023844368922 44.61217976838076 -50
237.5200452072932 44.76426369922551 -50
239.2506247916285 44.29622722550673 -50
237.5075060223013 46.94004834717616 -50
236.4117136104242 49.06237337999859 -50
237.2877789329902 42.23274451060535 -50
237.6489767322835 47.76761426280887 -50
237.2441517639994 48.50954638293211 -50
237.5544366581053 45.03012286851659 -50
237.1436560790163 48.65408865791895 -50
238.5546083088323 47.20373885687562 -50
238.6123072264396 47.36520693866071 -50
237.08631798936 39.66048367979754 -50
237.0617203783947 39.63605716800785 -50
237.1948235803253 44.4563866259835 -50
237.3801495932856 40.60945179273433 -50
237.7096195283629 47.86636351921217 -50
239.6609291800141 41.84614885119893 -50
240.4678046002028 49.25311196715716 -50
237.2148543389737 44.74515205188411 -50
237.7621813288538 45.49316175308772 -50
243.1036291174152 42.37880788243738 -50
237.4884746263629 46.04548592377576 -50
237.514407382918 44.64754819983656 -50
237.0574228964298 39.63154931439521 -50
237.0557121680259 39.62932440381918 -50
237.0702415855677 39.64511625763395 -50
237.559899662784 47.32925571182335 -50
237.1868659919214 39.79543972414433 -50
237.414383126528 41.30071147608167 -50
237.4248156752678 45.8038344302708 -50
237.3219381431171 41.61719557874068 -50
239.0534612180273 45.71966072432257 -50
244.3975778947932 50.1711224115807 -50
237.3139997770377 40.53320580023568 -50
234.449507271908 50.1623296903994 -50
234.3345720777684 50.15458120026068 -50
234.3282759522 50.26956885972766 -50
237.8198228770646 42.4339583187212 -50
237.40488938773 46.00029822204509 -50
238.7667086263477 40.24763414102755 -50
238.1500574767655 48.11131690817048 -50
237.7897821049784 47.35052959990057 -50
237.7266407103294 46.29660343326529 -50
237.3945976612467 45.27096607455981 -50
242.5587334885957 47.58798677327487 -50
237.6819217650208 47.8230080165474 -50
237.3401370458886 41.35377984732145 -50
236.3811191713456 49.84643795836964 -50
235.4712092982157 49.27528370265694 -50
238.0857093707769 45.20633156201147 -50
241.239010295101 45.55899064650185 -50
237.4410511387149 48.470762966522 -50
240.8564141856084 46.01788718272503 -50
237.603489642248 48.89774339275689 -50
237.3106727976311 45.79746551106035 -50
240.823997488024 46.75866763361755 -50
237.5627260542855 45.13938598469861 -50
240.604230165499 40.80736057518013 -50
237.6994084712473 47.19512419791914 -50
237.3158684683402 48.46483080303716 -50
237.2633968467487 48.7092921849972 -50
237.7328887908936 41.0552528795001 -50
237.0541414471296 39.62754480216255 -50
237.2663807193605 49.70823005234255 -50
239.7260173758284 47.54648775712339 -50
237.4023127928529 49.19180133109313 -50
237.4639945547089 40.95402556016119 -50
237.719648938274 46.41245936325554 -50
236.2775368396908 49.37259883588463 -50
237.1953235986898 39.75430106873806 -50
237.5023271196103 46.84036225509511 -50
237.2821300598265 45.63752241365874 -50
240.3883726963677 46.76764535169619 -50
238.4683416045185 46.73211428299957 -50
234.2982326693518 50.09332300282291 -50
237.4545106659105 46.7514167071614 -50
237.895019896618 46.64649736800252 -50
241.5023138953893 40.78797923812666 -50
237.2506020102657 44.2459273494197 -50
241.3049316691796 49.05155834890277 -50
236.9880421910293 48.96328873825532 -50
237.4474330602747 43.70745792216593 -50
240.0244421170203 49.08320834038031 -50
237.2654677577536 44.09665842517887 -50
235.915834312301 50.08140088898908 -50
237.288862518984 40.21961600814738 -50
238.3957234665589 40.51948492633338 -50
237.4674135988769 46.99821287072876 -50
237.6080761449033 48.33445110296458 -50
237.940653859781 46.92368106161219 -50
237.3969522706476 40.67209575150973 -50
238.1408563021527 47.26089101363918 -50
237.2311855158565 42.48173644455322 -50
237.5280892139663 47.15446685585125 -50
238.1217384129549 46.16244351560381 -50
237.4002801863207 46.3400976805687 -50
237.2400009733898 45.29765005349392 -50
237.2906365069757 41.12637514513847 -50
239.517759618907 48.44551136375055 -50
238.9084929169058 42.55809581464651 -50
237.4053569196234 46.49914014219939 -50
237.5705127803275 46.85902598213232 -50
243.9464178641174 42.84285751370103 -50
239.7710452737271 45.33384107596453 -50
235.5067682823436 49.36490664240097 -50
237.2722521256633 41.32144320439655 -50
237.8382990555318 48.7184183798691 -50
236.6954377764736 48.79457460495927 -50
236.6519802001344 48.81655246010504 -50
237.1457498884056 48.81442881582832 -50
243.0128488588392 48.42647161151755 -50
237.248052207062 44.41512444935556 -50
234.1850739160569 50.25497983160149 -50
238.066694320292 44.22475033933649 -50
237.6351510846039 46.88090515698529 -50
238.2645214531417 47.65988068445954 -50
238.3563077654761 47.5909965753871 -50
237.4434583828078 46.58498130052974 -50
237.7154208438696 47.05950668162792 -50
237.4486922362306 46.62904988773509 -50
237.2030996429106 48.50686577697508 -50
237.448021118 41.73282943479681 -50
238.3828057440601 50.2900686990173 -50
237.2317772407192 41.9089857183684 -50
237.6963975889789 49.07151307616427 -50
238.7870928747012 46.83478180125368 -50
237.8050831957612 46.51992889410859 -50
237.488330061804 46.22725829697436 -50
237.8933098451377 42.92134297395351 -50
238.2238167672573 44.196461501642 -50
237.6389564006221 46.17022451960025 -50
237.2296420811745 42.71766922874458 -50
234.9162676372305 49.62981047888869 -50
237.6000961500292 40.61113817397833 -50
237.1084740429212 39.67238113489621 -50
237.5720859467643 49.99314978008137 -50
237.4256270336263 41.38799155395961 -50
238.5382631648522 44.87726330587729 -50
237.4934214227847 48.12309882647904 -50
237.5866065035124 47.7503631151933 -50
237.4917071685352 46.88687480154692 -50
237.4483192808633 40.20538888546242 -50
238.7815759823577 43.63154427886963 -50
238.7940880325594 46.22872605748756 -50
237.4504578222022 46.84338817115196 -50
240.0145725874433 49.9634765579933 -50
239.6302569904045 49.41764317260432 -50
237.4946427167139 44.84539151792065 -50
237.4730090144366 46.97121769683351 -50
237.9198971631963 47.84766771598958 -50
237.2963825517436 40.63413889269 -50
237.5587541185106 47.72610644600232 -50
237.5257395726609 44.49427073690915 -50
237.4329480442624 44.02081406110342 -50
237.2909689758537 42.09391026515964 -50
238.0200355404695 45.97624421350896 -50
239.9597330827077 45.13083149078902 -50
235.1099383930068 49.4700473181752 -50
238.212588226691 45.50135045277059 -50
238.0234996567535 48.1795718797441 -50
236.5011952009109 49.16955727463984 -50
238.0023955765913 48.82952284914974 -50
237.1947521206386 39.66560973266816 -50
237.4887173951446 41.95220674867326 -50
240.1820574320044 42.25888336943473 -50
240.184252993188 40.97247272473962 -50
237.1858830093393 43.69633737448546 -50
237.7887580477786 46.40911978797075 -50
238.3535719205149 47.4627386967792 -50
239.2548636829844 49.07720551122083 -50
237.3566856135457 45.7842936756135 -50
237.5866886248537 47.58044251865937 -50
237.4750696804135 46.11174725959093 -50
237.4792360591214 41.22820773051004 -50
$EndNodes
$Elements
501 3510 1 3510
0 0 15 1
1 1 
0 1 15 1
2 2 
0 2 15 1
3 3 
0 3 15 1
4 4 
0 4 15 1
5 5 
0 5 15 1
6 6 
0 6 15 1
7 7 
0 7 15 1
8 8 
0 8 15 1
9 9 
0 9 15 1
10 10 
0 10 15 1
11 11 
0 11 15 1
12 12 
0 12 15 1
13 13 
0 13 15 1
14 14 
0 14 15 1
15 15 
0 15 15 1
16 16 
0 16 15 1
17 17 
0 17 15 1
18 18 
0 18 15 1
19 19 
0 19 15 1
20 20 
0 20 15 1
21 21 
0 21 15 1
22 22 
0 22 15 1
23 23 
0 23 15 1
24 24 
0 24 15 1
25 25 
0 25 15 1
26 26 
0 26 15 1
27 27 
0 27 15 1
28 28 
0 28 15 1
29 29 
0 29 15 1
30 30 
0 30 15 1
31 31 
0 31 15 1
32 32 
0 32 15 1
33 33 
0 33 15 1
34 34 
0 34 15 1
35 35 
0 35 15 1
36 36 
0 36 15 1
37 37 
0 37 15 1
38 38 
0 38 15 1
39 39 
0 39 15 1
40 40 
0 40 15 1
41 41 
0 41 15 1
42 42 
0 42 15 1
43 43 
0 43 15 1
44 44 
0 44 15 1
45 45 
0 45 15 1
46 46 
0 46 15 1
47 47 
0 47 15 1
48 48 
0 48 15 1
49 49 
0 49 15 1
50 50 
0 50 15 1
51 51 
0 51 15 1
52 52 
0 52 15 1
53 53 
0 53 15 1
54 54 
0 54 15 1
55 55 
0 55 15 1
56 56 
0 56 15 1
57 57 
0 57 15 1
58 58 
0 58 15 1
59 59 
0 59 15 1
60 60 
0 60 15 1
61 61 
0 61 15 1
62 62 
0 62 15 1
63 63 
0 63 15 1
64 64 
0 64 15 1
65 65 
0 65 15 1
66 66 
0 66 15 1
67 67 
0 67 15 1
68 68 
0 68 15 1
69 69 
0 69 15 1
70 70 
0 70 15 1
71 71 
0 71 15 1
72 72 
0 72 15 1
73 73 
0 73 15 1
74 74 
0 74 15 1
75 75 
0 75 15 1
76 76 
0 76 15 1
77 77 
0 77 15 1
78 78 
0 78 15 1
79 79 
0 79 15 1
80 80 
0 80 15 1
81 81 
0 81 15 1
82 82 
0 82 15 1
83 83 
0 83 15 1
84 84 
0 84 15 1
85 85 
0 85 15 1
86 86 
0 86 15 1
87 87 
0 87 15 1
88 88 
0 88 15 1
89 89 
0 89 15 1
90 90 
0 90 15 1
91 91 
0 91 15 1
92 92 
0 92 15 1
93 93 
0 93 15 1
94 94 
0 94 15 1
95 95 
0 95 15 1
96 96 
0 96 15 1
97 97 
0 97 15 1
98 98 
0 98 15 1
99 99 
0 99 15 1
100 100 
0 100 15 1
101 101 
0 101 15 1
102 102 
0 102 15 1
103 103 
0 103 15 1
104 104 
0 104 15 1
105 105 
0 105 15 1
106 106 
0 106 15 1
107 107 
0 107 15 1
108 108 
0 108 15 1
109 109 
0 109 15 1
110 110 
0 110 15 1
111 111 
0 111 15 1
112 112 
0 112 15 1
113 113 
0 113 15 1
114 114 
0 114 15 1
115 115 
0 115 15 1
116 116 
0 116 15 1
117 117 
0 117 15 1
118 118 
0 118 15 1
119 119 
0 119 15 1
120 120 
0 120 15 1
121 121 
0 121 15 1
122 122 
0 122 15 1
123 123 
0 123 15 1
124 124 
0 124 15 1
125 125 
0 125 15 1
126 126 
0 126 15 1
127 127 
0 127 15 1
128 128 
0 128 15 1
129 129 
0 129 15 1
130 130 
0 130 15 1
131 131 
0 131 15 1
132 132 
0 132 15 1
133 133 
0 133 15 1
134 134 
0 134 15 1
135 135 
0 135 15 1
136 136 
0 136 15 1
137 137 
0 137 15 1
138 138 
0 138 15 1
139 139 
0 139 15 1
140 140 
0 140 15 1
141 141 
0 141 15 1
142 142 
0 142 15 1
143 143 
0 143 15 1
144 144 
0 144 15 1
145 145 
0 145 15 1
146 146 
0 146 15 1
147 147 
0 147 15 1
148 148 
0 148 15 1
149 149 
0 149 15 1
150 150 
0 150 15 1
151 151 
0 151 15 1
152 152 
0 152 15 1
153 153 
0 153 15 1
154 154 
0 154 15 1
155 155 
0 155 15 1
156 156 
0 156 15 1
157 157 
0 157 15 1
158 158 
0 158 15 1
159 159 
0 159 15 1
160 160 
0 160 15 1
161 161 
0 161 15 1
162 162 
0 162 15 1
163 163 
0 163 15 1
164 164 
0 164 15 1
165 165 
0 165 15 1
166 166 
0 166 15 1
167 167 
0 167 15 1
168 168 
0 168 15 1
169 169 
0 169 15 1
170 170 
0 170 15 1
171 171 
0 171 15 1
172 172 
0 172 15 1
173 173 
0 173 15 1
174 174 
0 174 15 1
175 175 
0 175 15 1
176 176 
0 176 15 1
177 177 
0 177 15 1
178 178 
0 178 15 1
179 179 
0 179 15 1
180 180 
0 180 15 1
181 181 
0 181 15 1
182 182 
0 182 15 1
183 183 
0 183 15 1
184 184 
0 184 15 1
185 185 
0 185 15 1
186 186 
0 186 15 1
187 187 
0 187 15 1
188 188 
0 188 15 1
189 189 
0 189 15 1
190 190 
0 190 15 1
191 191 
0 191 15 1
192 192 
0 192 15 1
193 193 
0 193 15 1
194 194 
0 194 15 1
195 195 
0 195 15 1
196 196 
0 196 15 1
197 197 
0 197 15 1
198 198 
0 198 15 1
199 199 
0 199 15 1
200 200 
0 200 15 1
201 201 
0 201 15 1
202 202 
0 202 15 1
203 203 
0 203 15 1
204 204 
0 204 15 1
205 205 
0 205 15 1
206 206 
0 206 15 1
207 207 
0 207 15 1
208 208 
0 208 15 1
209 209 
0 209 15 1
210 210 
0 210 15 1
211 211 
0 211 15 1
212 212 
0 212 15 1
213 213 
0 213 15 1
214 214 
0 214 15 1
215 215 
0 215 15 1
216 216 
0 216 15 1
217 217 
0 217 15 1
218 218 
0 218 15 1
219 219 
0 219 15 1
220 220 
0 220 15 1
221 221 
0 221 15 1
222 222 
0 222 15 1
223 223 
0 223 15 1
224 224 
0 224 15 1
225 225 
0 225 15 1
226 226 
0 226 15 1
227 227 
0 227 15 1
228 228 
0 228 15 1
229 229 
0 229 15 1
230 230 
0 230 15 1
231 231 
0 231 15 1
232 232 
0 232 15 1
233 233 
0 233 15 1
234 234 
0 234 15 1
235 235 
0 235 15 1
236 236 
0 236 15 1
237 237 
0 237 15 1
238 238 
0 238 15 1
239 239 
0 239 15 1
240 240 
0 240 15 1
241 241 
0 241 15 1
242 242 
0 242 15 1
243 243 
0 243 15 1
244 244 
0 244 15 1
245 245 
0 245 15 1
246 246 
0 246 15 1
247 247 
0 247 15 1
248 248 
0 248 15 1
249 249 
0 249 15 1
250 250 
1 0 1 2
251 1 251 
252 251 2 
1 1 1 1
253 2 3 
1 2 1 1
254 3 4 
1 3 1 1
255 4 5 
1 4 1 1
256 5 6 
1 5 1 1
257 6 7 
1 6 1 1
258 7 8 
1 7 1 1
259 8 9 
1 8 1 1
260 9 10 
1 9 1 1
261 10 11 
1 10 1 1
262 11 12 
1 11 1 1
263 12 13 
1 12 1 1
264 13 14 
1 13 1 1
265 14 15 
1 14 1 1
266 15 16 
1 15 1 1
267 16 17 
1 16 1 1
268 17 18 
1 17 1 1
269 18 19 
1 18 1 1
270 19 20 
1 19 1 1
271 20 21 
1 20 1 1
272 21 22 
1 21 1 1
273 22 23 
1 22 1 1
274 23 24 
1 23 1 1
275 24 25 
1 24 1 1
276 25 26 
1 25 1 1
277 26 27 
1 26 1 1
278 27 28 
1 27 1 4
279 28 252 
280 252 253 
281 253 254 
282 254 29 
1 28 1 1
283 29 30 
1 29 1 4
284 30 255 
285 255 256 
286 256 257 
287 257 31 
1 30 1 1
288 31 32 
1 31 1 1
289 32 33 
1 32 1 1
290 33 34 
1 33 1 1
291 34 35 
1 34 1 1
292 35 36 
1 35 1 1
293 36 37 
1 36 1 1
294 37 38 
1 37 1 11
295 38 258 
296 258 259 
297 259 260 
298 260 261 
299 261 262 
300 262 263 
301 263 264 
302 264 265 
303 265 266 
304 266 267 
305 267 39 
1 38 1 1
306 39 40 
1 39 1 11
307 40 268 
308 268 269 
309 269 270 
310 270 271 
311 271 272 
312 272 273 
313 273 274 
314 274 275 
315 275 276 
316 276 277 
317 277 41 
1 40 1 1
318 41 42 
1 41 1 1
319 42 43 
1 42 1 1
320 43 44 
1 43 1 1
321 44 45 
1 44 1 1
322 45 46 
1 45 1 1
323 46 47 
1 46 1 1
324 47 48 
1 47 1 1
325 48 49 
1 48 1 1
326 49 50 
1 49 1 1
327 50 51 
1 50 1 1
328 51 52 
1 51 1 1
329 52 53 
1 52 1 1
330 53 54 
1 53 1 1
331 54 55 
1 54 1 1
332 55 56 
1 55 1 1
333 56 57 
1 56 1 1
334 57 58 
1 57 1 1
335 58 59 
1 58 1 1
336 59 60 
1 59 1 1
337 60 61 
1 60 1 1
338 61 62 
1 61 1 1
339 62 63 
1 62 1 1
340 63 64 
1 63 1 1
341 64 65 
1 64 1 1
342 65 66 
1 65 1 1
343 66 67 
1 66 1 1
344 67 68 
1 67 1 1
345 68 69 
1 68 1 1
346 69 70 
1 69 1 1
347 70 71 
1 70 1 1
348 71 72 
1 71 1 1
349 72 73 
1 72 1 1
350 73 74 
1 73 1 1
351 74 75 
1 74 1 1
352 75 76 
1 75 1 1
353 76 77 
1 76 1 1
354 77 78 
1 77 1 1
355 78 79 
1 78 1 1
356 79 80 
1 79 1 1
357 80 81 
1 80 1 1
358 81 82 
1 81 1 1
359 82 83 
1 82 1 1
360 83 84 
1 83 1 1
361 84 85 
1 84 1 1
362 85 86 
1 85 1 1
363 86 87 
1 86 1 1
364 87 88 
1 87 1 1
365 88 89 
1 88 1 1
366 89 90 
1 89 1 1
367 90 91 
1 90 1 1
368 91 92 
1 91 1 1
369 92 93 
1 92 1 1
370 93 94 
1 93 1 1
371 94 95 
1 94 1 1
372 95 96 
1 95 1 1
373 96 97 
1 96 1 1
374 97 98 
1 97 1 1
375 98 99 
1 98 1 1
376 99 100 
1 99 1 1
377 100 101 
1 100 1 1
378 101 102 
1 101 1 1
379 102 103 
1 102 1 1
380 103 104 
1 103 1 1
381 104 105 
1 104 1 1
382 105 106 
1 105 1 1
383 106 107 
1 106 1 1
384 107 108 
1 107 1 1
385 108 109 
1 108 1 1
386 109 110 
1 109 1 1
387 110 111 
1 110 1 1
388 111 112 
1 111 1 1
389 112 113 
1 112 1 1
390 113 114 
1 113 1 1
391 114 115 
1 114 1 1
392 115 116 
1 115 1 1
393 116 117 
1 116 1 1
394 117 118 
1 117 1 1
395 118 119 
1 118 1 1
396 119 120 
1 119 1 1
397 120 121 
1 120 1 1
398 121 122 
1 121 1 1
399 122 123 
1 122 1 1
400 123 124 
1 123 1 1
401 124 125 
1 124 1 1
402 125 126 
1 125 1 1
403 126 127 
1 126 1 1
404 127 128 
1 127 1 1
405 128 129 
1 128 1 1
406 129 130 
1 129 1 1
407 130 131 
1 130 1 1
408 131 132 
1 131 1 1
409 132 133 
1 132 1 1
410 133 134 
1 133 1 1
411 134 135 
1 134 1 1
412 135 136 
1 135 1 1
413 136 137 
1 136 1 1
414 137 138 
1 137 1 1
415 138 139 
1 138 1 1
416 139 140 
1 139 1 1
417 140 141 
1 140 1 1
418 141 142 
1 141 1 1
419 142 143 
1 142 1 1
420 143 144 
1 143 1 1
421 144 145 
1 144 1 1
422 145 146 
1 145 1 1
423 146 147 
1 146 1 1
424 147 148 
1 147 1 1
425 148 149 
1 148 1 1
426 149 150 
1 149 1 1
427 150 151 
1 150 1 1
428 151 152 
1 151 1 1
429 152 153 
1 152 1 1
430 153 154 
1 153 1 1
431 154 155 
1 154 1 1
432 155 156 
1 155 1 1
433 156 157 
1 156 1 1
434 157 158 
1 157 1 1
435 158 159 
1 158 1 1
436 159 160 
1 159 1 1
437 160 161 
1 160 1 1
438 161 162 
1 161 1 1
439 162 163 
1 162 1 1
440 163 164 
1 163 1 1
441 164 165 
1 164 1 1
442 165 166 
1 165 1 1
443 166 167 
1 166 1 1
444 167 168 
1 167 1 1
445 168 169 
1 168 1 1
446 169 170 
1 169 1 1
447 170 171 
1 170 1 1
448 171 172 
1 171 1 1
449 172 173 
1 172 1 1
450 173 174 
1 173 1 1
451 174 175 
1 174 1 1
452 175 176 
1 175 1 1
453 176 177 
1 176 1 1
454 177 178 
1 177 1 1
455 178 179 
1 178 1 1
456 179 180 
1 179 1 1
457 180 181 
1 180 1 1
458 181 182 
1 181 1 1
459 182 183 
1 182 1 1
460 183 184 
1 183 1 1
461 184 185 
1 184 1 1
462 185 186 
1 185 1 1
463 186 187 
1 186 1 1
464 187 188 
1 187 1 1
465 188 189 
1 188 1 1
466 189 190 
1 189 1 1
467 190 191 
1 190 1 1
468 191 192 
1 191 1 1
469 192 193 
1 192 1 1
470 193 194 
1 193 1 1
471 194 195 
1 194 1 1
472 195 196 
1 195 1 1
473 196 197 
1 196 1 1
474 197 198 
1 197 1 1
475 198 199 
1 198 1 1
476 199 200 
1 199 1 1
477 200 201 
1 200 1 1
478 201 202 
1 201 1 1
479 202 203 
1 202 1 1
480 203 204 
1 203 1 1
481 204 205 
1 204 1 1
482 205 206 
1 205 1 1
483 206 207 
1 206 1 1
484 207 208 
1 207 1 1
485 208 209 
1 208 1 1
486 209 210 
1 209 1 1
487 210 211 
1 210 1 1
488 211 212 
1 211 1 1
489 212 213 
1 212 1 1
490 213 214 
1 213 1 1
491 214 215 
1 214 1 1
492 215 216 
1 215 1 1
493 216 217 
1 216 1 1
494 217 218 
1 217 1 1
495 218 219 
1 218 1 1
496 219 220 
1 219 1 1
497 220 221 
1 220 1 1
498 221 222 
1 221 1 1
499 222 223 
1 222 1 1
500 223 224 
1 223 1 1
501 224 225 
1 224 1 1
502 225 226 
1 225 1 1
503 226 227 
1 226 1 1
504 227 228 
1 227 1 1
505 228 229 
1 228 1 1
506 229 230 
1 229 1 1
507 230 231 
1 230 1 1
508 231 232 
1 231 1 1
509 232 233 
1 232 1 1
510 233 234 
1 233 1 1
511 234 235 
1 234 1 1
512 235 236 
1 235 1 1
513 236 237 
1 236 1 1
514 237 238 
1 237 1 1
515 238 239 
1 238 1 1
516 239 240 
1 239 1 1
517 240 241 
1 240 1 1
518 241 242 
1 241 1 1
519 242 243 
1 242 1 1
520 243 244 
1 243 1 1
521 244 245 
1 244 1 1
522 245 246 
1 245 1 1
523 246 247 
1 246 1 1
524 247 248 
1 247 1 1
525 248 249 
1 248 1 2
526 249 278 
527 278 250 
1 249 1 1
528 250 1 
2 0 2 2982
529 249 251 446 
530 39 268 1098 
531 245 446 1023 
532 1054 883 1290 
533 585 564 586 
534 299 158 1116 
535 822 925 1240 
536 997 472 1319 
537 1090 830 1212 
538 155 156 1190 
539 327 1009 1230 
540 133 534 1512 
541 461 465 1141 
542 918 921 1273 
543 884 883 1054 
544 994 529 1149 
545 680 1127 1524 
546 143 480 1257 
547 1245 1246 1510 
548 370 141 1200 
549 673 1321 1495 
550 477 363 533 
551 1210 1209 1211 
552 855 854 872 
553 254 255 1022 
554 916 824 919 
555 287 671 1462 
556 994 1149 1434 
557 530 496 1173 
558 461 1141 1514 
559 671 287 1215 
560 1056 1003 1057 
561 1072 476 1533 
562 197 198 315 
563 675 453 1235 
564 1117 1119 1137 
565 273 1481 1482 
566 859 834 860 
567 761 926 927 
568 274 1470 1481 
569 276 1469 1483 
570 1052 308 1062 
571 478 417 1483 
572 479 415 1481 
573 1470 275 1483 
574 1211 1209 1492 
575 415 418 1482 
576 604 569 1438 
577 1040 413 1041 
578 410 987 1267 
579 1385 913 1386 
580 470 943 1288 
581 417 479 1470 
582 1041 1093 1568 
583 230 231 328 
584 1011 327 1590 
585 113 114 1112 
586 865 864 1317 
587 223 224 326 
588 509 511 1397 
589 445 442 1361 
590 819 825 1178 
591 582 1019 1176 
592 442 444 1361 
593 827 976 1101 
594 626 623 1191 
595 867 948 950 
596 802 854 855 
597 1274 1419 1501 
598 364 38 1332 
599 1119 1117 1380 
600 566 569 604 
601 879 815 1037 
602 638 951 952 
603 201 316 980 
604 1302 1008 1345 
605 1143 1090 1212 
606 81 82 1087 
607 929 969 970 
608 867 780 948 
609 486 32 1366 
610 859 860 989 
611 1002 1008 1302 
612 1056 1201 1232 
613 976 827 1459 
614 1205 1245 1510 
615 950 631 1129 
616 943 470 1282 
617 1304 147 1533 
618 1172 639 1173 
619 1403 999 1409 
620 1041 413 1387 
621 655 940 1277 
622 955 967 1415 
623 272 273 1482 
624 275 276 1483 
625 273 274 1481 
626 955 952 967 
627 137 678 1411 
628 336 122 455 
629 777 779 896 
630 1299 1342 1441 
631 1122 743 1421 
632 281 143 1257 
633 118 284 1028 
634 1093 1041 1387 
635 601 565 603 
636 1134 593 1195 
637 462 461 1514 
638 868 819 1178 
639 581 575 942 
640 694 695 1619 
641 743 907 1175 
642 274 275 1470 
643 276 277 1469 
644 761 927 928 
645 749 751 932 
646 779 801 802 
647 312 537 1392 
648 1179 646 1306 
649 631 950 1296 
650 936 1066 1278 
651 453 675 1039 
652 907 743 993 
653 860 834 1509 
654 802 801 854 
655 596 1069 1588 
656 670 984 985 
657 858 934 935 
658 1030 1259 1311 
659 416 261 478 
660 1360 915 1416 
661 822 1240 1436 
662 642 645 1039 
663 1300 1299 1441 
664 87 88 1426 
665 606 1073 1194 
666 864 1024 1025 
667 562 564 585 
668 893 840 1567 
669 255 256 1022 
670 419 1079 1238 
671 940 655 1404 
672 1170 877 1314 
673 420 5 1214 
674 311 52 1339 
675 176 177 474 
676 32 33 1366 
677 855 872 906 
678 5 367 1214 
679 815 810 1037 
680 42 352 1440 
681 280 1114 1194 
682 1030 1311 1431 
683 183 184 1346 
684 1043 377 1161 
685 954 650 965 
686 612 614 1100 
687 351 1364 1365 
688 52 310 1339 
689 457 296 1250 
690 987 410 1388 
691 373 374 1216 
692 974 733 1101 
693 678 1018 1411 
694 470 468 1282 
695 596 583 1069 
696 225 226 1615 
697 1062 308 1589 
698 669 612 1100 
699 1138 856 1145 
700 1026 959 1457 
701 1039 645 1539 
702 593 594 1195 
703 688 689 691 
704 733 974 975 
705 896 779 1375 
706 638 632 951 
707 143 144 480 
708 1009 327 1011 
709 1319 472 1501 
710 836 834 859 
711 1163 156 1177 
712 824 916 917 
713 417 263 479 
714 996 1203 1268 
715 156 157 1177 
716 407 921 1373 
717 415 265 418 
718 845 896 944 
719 152 153 1606 
720 3 419 1238 
721 343 684 686 
722 300 1221 1303 
723 932 751 1123 
724 958 959 1026 
725 675 1235 1611 
726 555 557 592 
727 822 924 925 
728 929 927 969 
729 582 595 1061 
730 496 498 1173 
731 688 686 689 
732 1165 603 1370 
733 343 686 688 
734 264 415 479 
735 262 417 478 
736 893 981 982 
737 921 918 1373 
738 601 603 1165 
739 106 107 285 
740 1220 340 1492 
741 222 223 1005 
742 854 857 945 
743 915 690 1416 
744 757 1202 1474 
745 623 624 1191 
746 440 152 1400 
747 879 1037 1513 
748 1127 680 1157 
749 266 267 1520 
750 201 202 316 
751 857 847 1519 
752 328 1251 1279 
753 670 622 984 
754 331 87 1426 
755 559 592 593 
756 253 254 1022 
757 592 557 1444 
758 649 988 1361 
759 153 154 1545 
760 140 141 370 
761 693 691 694 
762 872 945 1594 
763 1019 582 1305 
764 530 609 1280 
765 123 296 455 
766 190 313 365 
767 1174 289 1413 
768 878 991 1333 
769 546 547 548 
770 1114 280 1247 
771 1030 414 1181 
772 432 447 1410 
773 571 601 602 
774 715 743 1122 
775 90 1402 1581 
776 528 509 1397 
777 185 186 1596 
778 90 335 1402 
779 673 944 1138 
780 560 565 601 
781 1059 37 1497 
782 649 652 988 
783 301 182 424 
784 740 734 1076 
785 690 915 1439 
786 1419 465 1501 
787 55 56 1337 
788 159 160 373 
789 1016 120 1130 
790 606 1194 1528 
791 342 152 1606 
792 284 1026 1457 
793 1097 794 1377 
794 990 989 1464 
795 680 681 1631 
796 820 918 1273 
797 951 650 954 
798 980 316 981 
799 981 893 1218 
800 987 659 1267 
801 1166 463 1237 
802 944 673 1495 
803 675 642 1039 
804 13 413 1040 
805 1240 920 1436 
806 483 1385 1386 
807 988 1159 1367 
808 320 1059 1060 
809 181 301 1445 
810 685 319 1475 
811 1251 1012 1279 
812 41 42 1440 
813 12 13 1040 
814 776 777 845 
815 522 543 544 
816 605 593 606 
817 692 691 693 
818 695 694 697 
819 906 872 923 
820 367 6 1593 
821 336 455 1058 
822 780 769 948 
823 236 237 1532 
824 930 1357 1463 
825 543 517 1534 
826 163 351 1365 
827 1192 904 1366 
828 475 1195 1447 
829 593 592 594 
830 548 547 549 
831 970 1179 1306 
832 856 855 902 
833 419 4 1542 
834 205 206 1565 
835 549 555 559 
836 1149 600 1434 
837 1103 996 1268 
838 976 974 1101 
839 877 1170 1617 
840 705 795 911 
841 289 1174 1311 
842 581 942 1163 
843 31 32 485 
844 351 166 1364 
845 537 312 1446 
846 944 896 1138 
847 734 731 1076 
848 3 4 419 
849 138 304 678 
850 845 777 896 
851 559 555 592 
852 732 986 1071 
853 1252 590 1269 
854 1373 1239 1499 
855 1012 1011 1590 
856 1314 877 1355 
857 790 788 1050 
858 319 1033 1034 
859 260 261 416 
860 988 987 1159 
861 251 2 1424 
862 317 81 1087 
863 557 560 571 
864 550 548 551 
865 1023 251 1128 
866 545 544 546 
867 856 1138 1375 
868 931 695 1314 
869 928 927 929 
870 562 551 564 
871 501 529 994 
872 926 761 932 
873 1002 1001 1008 
874 822 525 924 
875 402 414 1030 
876 1202 1394 1474 
877 752 749 932 
878 995 431 1152 
879 78 79 292 
880 589 559 605 
881 5 6 367 
882 1153 1154 1155 
883 546 544 547 
884 864 793 1024 
885 571 560 601 
886 949 794 1097 
887 296 124 1250 
888 548 549 589 
889 904 1119 1366 
890 525 519 924 
891 195 196 1048 
892 210 211 322 
893 1311 608 1431 
894 552 551 562 
895 703 705 911 
896 1016 1130 1476 
897 418 266 536 
898 585 586 1460 
899 1070 581 1177 
900 995 424 1346 
901 924 519 1547 
902 391 174 1609 
903 952 954 967 
904 954 965 966 
905 482 6 1580 
906 733 975 1614 
907 379 377 1043 
908 1045 421 1505 
909 1200 281 1293 
910 320 36 1059 
911 1296 950 1571 
912 431 995 1346 
913 695 931 1564 
914 35 320 1029 
915 732 735 986 
916 1173 639 1477 
917 532 470 1288 
918 407 1373 1499 
919 931 1314 1355 
920 1137 895 1560 
921 754 756 776 
922 319 10 1033 
923 1070 1177 1551 
924 908 842 979 
925 690 687 1556 
926 691 689 1318 
927 343 8 684 
928 398 1455 1463 
929 867 950 1129 
930 1056 1232 1233 
931 733 728 1071 
932 569 572 588 
933 1133 1132 1155 
934 421 1045 1227 
935 346 1192 1366 
936 1155 1154 1240 
937 1410 542 1445 
938 43 44 1485 
939 522 517 543 
940 160 347 373 
941 693 694 1619 
942 262 263 417 
943 271 272 536 
944 265 266 418 
945 264 265 415 
946 776 756 777 
947 678 304 1017 
948 1060 1059 1223 
949 1242 899 1313 
950 696 1322 1511 
951 887 845 944 
952 263 264 479 
953 261 262 478 
954 993 736 1104 
955 664 1052 1062 
956 606 593 1134 
957 574 585 941 
958 945 857 1157 
959 508 1069 1500 
960 830 1090 1226 
961 414 1043 1044 
962 1239 1156 1499 
963 574 562 585 
964 872 854 945 
965 1258 1257 1438 
966 790 1050 1616 
967 352 43 1485 
968 937 938 1150 
969 705 707 795 
970 698 817 1067 
971 108 448 922 
972 495 493 1147 
973 846 845 887 
974 1070 386 1085 
975 1379 1356 1536 
976 811 814 1136 
977 799 831 861 
978 847 858 1519 
979 864 1025 1102 
980 609 532 1280 
981 928 1097 1377 
982 638 952 953 
983 1191 624 1313 
984 912 899 1350 
985 595 582 1176 
986 173 174 294 
987 536 266 1520 
988 563 562 574 
989 1119 486 1366 
990 895 1137 1478 
991 936 937 1150 
992 899 1242 1350 
993 115 306 371 
994 985 1166 1237 
995 1116 373 1216 
996 1030 1181 1259 
997 524 508 1500 
998 829 867 898 
999 79 80 387 
1000 7 8 343 
1001 597 1019 1305 
1002 493 531 1147 
1003 773 771 1021 
1004 678 1017 1018 
1005 569 588 1438 
1006 834 699 1509 
1007 840 838 1567 
1008 358 50 1391 
1009 902 855 1579 
1010 1069 527 1588 
1011 779 796 801 
1012 1408 322 1461 
1013 498 996 1172 
1014 1029 320 1515 
1015 1257 1256 1438 
1016 354 102 1234 
1017 550 553 1131 
1018 375 347 1160 
1019 719 736 993 
1020 953 952 955 
1021 925 924 1133 
1022 315 198 1243 
1023 748 749 752 
1024 271 536 1520 
1025 861 885 996 
1026 477 356 1022 
1027 174 175 1609 
1028 1383 1140 1509 
1029 703 911 1498 
1030 414 384 1043 
1031 952 951 954 
1032 861 831 885 
1033 384 379 1043 
1034 575 574 942 
1035 280 151 1247 
1036 428 698 1067 
1037 639 1172 1429 
1038 544 543 1260 
1039 769 794 948 
1040 1024 862 1025 
1041 515 512 523 
1042 746 747 748 
1043 1246 972 1510 
1044 821 525 822 
1045 519 517 522 
1046 69 333 1084 
1047 1021 771 1076 
1048 799 790 831 
1049 963 964 1080 
1050 425 427 432 
1051 801 847 857 
1052 1241 1242 1313 
1053 319 1034 1475 
1054 481 1165 1370 
1055 656 659 987 
1056 308 1052 1124 
1057 810 807 1037 
1058 238 239 1570 
1059 1206 871 1290 
1060 126 535 1554 
1061 652 656 988 
1062 529 1148 1149 
1063 931 897 1564 
1064 781 780 829 
1065 4 5 420 
1066 211 1031 1264 
1067 614 618 1100 
1068 208 209 1408 
1069 546 548 550 
1070 816 815 874 
1071 791 790 799 
1072 813 811 1136 
1073 584 1262 1341 
1074 960 1458 1480 
1075 645 646 1294 
1076 788 786 798 
1077 522 544 545 
1078 711 800 978 
1079 624 1241 1313 
1080 559 593 605 
1081 192 193 863 
1082 1073 606 1134 
1083 789 788 790 
1084 770 769 780 
1085 996 498 1203 
1086 758 752 759 
1087 210 322 1408 
1088 517 515 1534 
1089 760 759 762 
1090 424 183 1346 
1091 580 575 581 
1092 373 347 374 
1093 1282 468 1283 
1094 799 862 1024 
1095 748 747 749 
1096 88 290 1426 
1097 536 272 1482 
1098 565 566 604 
1099 858 935 1127 
1100 151 280 1602 
1101 787 786 788 
1102 777 778 779 
1103 609 530 1442 
1104 632 635 951 
1105 360 1093 1387 
1106 763 762 769 
1107 121 336 1130 
1108 854 801 857 
1109 439 1068 1347 
1110 829 780 867 
1111 771 740 1076 
1112 530 1173 1442 
1113 432 433 447 
1114 1433 406 1443 
1115 1059 1063 1223 
1116 1252 584 1341 
1117 816 874 875 
1118 965 454 1541 
1119 874 879 992 
1120 1015 629 1610 
1121 948 794 949 
1122 1146 973 1425 
1123 549 559 589 
1124 552 562 563 
1125 548 589 1572 
1126 739 742 746 
1127 759 752 761 
1128 550 551 552 
1129 1081 521 1531 
1130 510 508 524 
1131 1249 886 1616 
1132 899 912 1595 
1133 589 605 1559 
1134 688 691 692 
1135 405 402 1030 
1136 546 550 1131 
1137 281 1258 1293 
1138 954 966 967 
1139 769 762 794 
1140 692 913 1385 
1141 549 554 555 
1142 1197 1196 1424 
1143 36 37 1059 
1144 7 343 1580 
1145 99 286 409 
1146 586 564 587 
1147 946 1451 1487 
1148 199 200 362 
1149 862 861 1103 
1150 709 711 978 
1151 1019 304 1176 
1152 360 1092 1093 
1153 622 625 984 
1154 1027 287 1462 
1155 377 375 1161 
1156 629 638 1610 
1157 890 888 940 
1158 635 650 951 
1159 958 956 959 
1160 635 640 650 
1161 986 1135 1376 
1162 735 739 986 
1163 6 482 1593 
1164 935 934 1591 
1165 1451 531 1487 
1166 357 28 533 
1167 953 955 956 
1168 1190 1163 1396 
1169 918 919 920 
1170 618 620 683 
1171 523 512 1584 
1172 620 670 683 
1173 557 558 560 
1174 884 1054 1185 
1175 256 477 1022 
1176 1094 813 1568 
1177 682 1433 1443 
1178 506 503 527 
1179 902 973 1146 
1180 746 742 747 
1181 1277 940 1586 
1182 776 845 846 
1183 985 984 1605 
1184 656 987 988 
1185 434 682 1395 
1186 892 842 908 
1187 928 929 1097 
1188 1412 1479 1496 
1189 402 384 414 
1190 555 556 557 
1191 66 67 1491 
1192 785 783 786 
1193 27 28 357 
1194 454 965 1235 
1195 511 514 1397 
1196 1361 988 1367 
1197 788 798 1050 
1198 508 506 1069 
1199 578 597 1305 
1200 1063 797 1223 
1201 1081 865 1317 
1202 270 271 1099 
1203 880 1029 1515 
1204 1195 475 1533 
1205 1364 1044 1365 
1206 961 958 1026 
1207 563 574 575 
1208 503 501 994 
1209 107 108 922 
1210 911 795 1178 
1211 664 667 1052 
1212 859 989 990 
1213 640 642 675 
1214 671 672 676 
1215 645 1038 1539 
1216 1047 457 1250 
1217 812 815 816 
1218 812 810 815 
1219 956 955 1055 
1220 1080 964 1130 
1221 667 671 1215 
1222 347 161 1160 
1223 345 12 1040 
1224 629 632 638 
1225 844 793 864 
1226 687 1164 1556 
1227 802 855 856 
1228 60 61 1393 
1229 560 561 565 
1230 806 804 971 
1231 38 364 1353 
1232 436 1152 1392 
1233 1020 85 1253 
1234 625 634 984 
1235 754 776 1255 
1236 979 1403 1409 
1237 9 10 319 
1238 1210 1013 1251 
1239 829 898 899 
1240 1033 345 1035 
1241 963 961 964 
1242 806 971 972 
1243 580 581 1070 
1244 476 1195 1533 
1245 389 1023 1128 
1246 962 963 1166 
1247 35 36 320 
1248 620 622 670 
1249 432 427 433 
1250 875 874 1308 
1251 1050 798 1051 
1252 625 627 634 
1253 171 172 1125 
1254 711 713 800 
1255 293 73 368 
1256 733 1071 1101 
1257 925 1133 1155 
1258 1057 1003 1227 
1259 438 398 1463 
1260 1508 729 1510 
1261 529 1147 1148 
1262 157 299 1177 
1263 1087 82 1563 
1264 330 1089 1090 
1265 820 916 918 
1266 786 783 912 
1267 301 424 425 
1268 907 993 1104 
1269 927 890 969 
1270 1119 852 1137 
1271 337 1047 1250 
1272 875 1308 1522 
1273 22 303 1088 
1274 799 861 862 
1275 1067 817 1068 
1276 176 474 1074 
1277 1086 95 1550 
1278 1035 345 1036 
1279 1003 1056 1233 
1280 662 664 1062 
1281 1079 419 1449 
1282 572 582 1061 
1283 686 684 1604 
1284 64 65 1354 
1285 650 640 675 
1286 986 746 1135 
1287 748 752 758 
1288 360 18 1092 
1289 1138 1145 1384 
1290 758 759 760 
1291 618 683 1100 
1292 95 1124 1550 
1293 219 325 1263 
1294 770 780 781 
1295 1017 599 1018 
1296 707 709 1171 
1297 168 169 289 
1298 1333 991 1531 
1299 257 31 363 
1300 374 386 1216 
1301 940 888 1199 
1302 929 970 1096 
1303 846 887 888 
1304 742 741 1144 
1305 237 238 341 
1306 695 697 1314 
1307 728 732 1071 
1308 1068 439 1450 
1309 574 941 942 
1310 758 827 1135 
1311 890 940 969 
1312 968 1415 1536 
1313 1111 1113 1114 
1314 1221 602 1303 
1315 257 363 477 
1316 763 769 770 
1317 760 762 763 
1318 527 503 994 
1319 912 783 1595 
1320 346 34 1029 
1321 381 400 1156 
1322 125 126 337 
1323 375 1160 1161 
1324 919 824 1549 
1325 797 1063 1222 
1326 739 746 986 
1327 200 201 980 
1328 883 1206 1290 
1329 280 1194 1602 
1330 1286 585 1460 
1331 667 668 671 
1332 223 326 1005 
1333 1050 1051 1249 
1334 28 252 533 
1335 715 717 743 
1336 359 1174 1413 
1337 874 815 879 
1338 1406 321 1408 
1339 900 865 1081 
1340 256 257 477 
1341 959 956 1055 
1342 966 1379 1536 
1343 1071 986 1376 
1344 252 253 356 
1345 791 799 1024 
1346 11 345 1033 
1347 1256 480 1370 
1348 382 381 1156 
1349 627 629 1015 
1350 870 1115 1180 
1351 204 205 318 
1352 301 432 1445 
1353 789 790 791 
1354 761 752 932 
1355 1195 594 1447 
1356 193 194 1270 
1357 8 9 684 
1358 748 758 1135 
1359 182 183 424 
1360 787 788 789 
1361 1469 478 1483 
1362 1470 479 1481 
1363 785 786 787 
1364 1029 880 1535 
1365 662 663 664 
1366 804 773 1021 
1367 969 940 1404 
1368 634 627 1015 
1369 1338 1328 1339 
1370 152 342 1400 
1371 1481 415 1482 
1372 472 1274 1501 
1373 962 961 963 
1374 252 356 533 
1375 421 1302 1345 
1376 18 19 1092 
1377 602 601 1165 
1378 689 686 1627 
1379 305 1354 1448 
1380 949 1097 1307 
1381 1038 645 1294 
1382 417 1470 1483 
1383 444 649 1361 
1384 282 136 1411 
1385 605 606 1113 
1386 1028 284 1457 
1387 557 571 1444 
1388 1115 977 1180 
1389 661 1199 1292 
1390 571 602 1162 
1391 501 499 529 
1392 1127 935 1184 
1393 427 428 1067 
1394 960 958 961 
1395 894 838 1518 
1396 302 104 441 
1397 1050 1249 1616 
1398 940 1199 1586 
1399 564 551 1343 
1400 664 665 667 
1401 1327 1328 1338 
1402 1287 288 1396 
1403 844 864 865 
1404 697 702 703 
1405 684 9 1603 
1406 512 1453 1584 
1407 659 660 662 
1408 590 1252 1341 
1409 1066 936 1150 
1410 294 174 391 
1411 1121 285 1186 
1412 68 69 1608 
1413 957 956 958 
1414 551 548 1572 
1415 603 565 604 
1416 396 408 1077 
1417 1242 1051 1350 
1418 290 1425 1426 
1419 692 693 913 
1420 499 495 1147 
1421 1115 736 1420 
1422 105 106 1121 
1423 1049 936 1278 
1424 670 985 1465 
1425 779 802 1375 
1426 464 459 1047 
1427 1157 680 1631 
1428 1026 284 1476 
1429 588 572 1061 
1430 1224 1223 1315 
1431 813 1225 1568 
1432 866 901 1421 
1433 1286 342 1606 
1434 330 20 1089 
1435 1175 866 1421 
1436 498 1172 1173 
1437 109 307 448 
1438 371 306 372 
1439 1025 862 1151 
1440 506 527 1069 
1441 1130 964 1476 
1442 751 753 754 
1443 1117 357 1380 
1444 964 961 1026 
1445 805 804 806 
1446 719 721 736 
1447 1171 709 1468 
1448 10 11 1033 
1449 1043 1161 1484 
1450 749 750 751 
1451 34 35 1029 
1452 762 759 1377 
1453 1357 1053 1410 
1454 991 878 1432 
1455 595 1176 1553 
1456 286 100 1158 
1457 303 1054 1290 
1458 455 296 456 
1459 697 1170 1314 
1460 1034 1033 1035 
1461 1093 1091 1094 
1462 1163 942 1396 
1463 755 1224 1315 
1464 177 393 474 
1465 22 23 303 
1466 1405 321 1406 
1467 898 867 1129 
1468 473 1128 1424 
1469 300 147 1304 
1470 876 875 903 
1471 519 522 1547 
1472 626 1191 1320 
1473 1090 1089 1226 
1474 977 1115 1420 
1475 101 354 1158 
1476 202 203 1266 
1477 1144 853 1202 
1478 656 657 659 
1479 811 810 812 
1480 1097 1096 1307 
1481 887 944 1495 
1482 775 773 804 
1483 569 570 572 
1484 330 1090 1091 
1485 1062 1261 1267 
1486 1463 1357 1503 
1487 673 1138 1384 
1488 1096 970 1306 
1489 33 34 346 
1490 898 1191 1313 
1491 743 717 993 
1492 317 679 1555 
1493 754 755 756 
1494 338 26 1117 
1495 303 23 1054 
1496 325 1000 1263 
1497 586 587 1111 
1498 947 1219 1451 
1499 595 370 1061 
1500 378 383 1428 
1501 793 791 1024 
1502 306 116 939 
1503 963 1080 1139 
1504 341 238 1570 
1505 1094 1091 1143 
1506 833 699 834 
1507 971 804 1021 
1508 21 22 1088 
1509 436 426 995 
1510 319 685 1603 
1511 566 568 569 
1512 337 997 1319 
1513 21 1088 1089 
1514 1054 24 1185 
1515 809 807 810 
1516 454 450 1014 
1517 984 1458 1605 
1518 54 55 1337 
1519 421 420 1505 
1520 549 547 554 
1521 125 337 1250 
1522 469 471 1169 
1523 1144 1202 1622 
1524 1318 689 1439 
1525 892 908 909 
1526 11 12 345 
1527 9 319 1603 
1528 696 1511 1582 
1529 423 422 1283 
1530 466 472 997 
1531 739 741 742 
1532 918 920 1373 
1533 143 281 1558 
1534 1085 383 1107 
1535 707 708 709 
1536 408 607 608 
1537 383 1085 1428 
1538 861 996 1103 
1539 507 506 508 
1540 1075 1140 1383 
1541 822 1436 1549 
1542 1147 531 1148 
1543 572 573 582 
1544 900 1081 1531 
1545 354 1234 1367 
1546 1078 300 1303 
1547 33 346 1366 
1548 441 105 1121 
1549 885 831 886 
1550 527 994 1434 
1551 221 222 1004 
1552 697 703 1170 
1553 669 1100 1141 
1554 652 654 656 
1555 500 499 501 
1556 783 781 1595 
1557 807 806 1037 
1558 1052 667 1215 
1559 461 459 464 
1560 396 401 408 
1561 6 7 1580 
1562 1603 685 1604 
1563 476 1072 1073 
1564 923 1020 1253 
1565 297 1278 1491 
1566 299 1116 1216 
1567 576 575 580 
1568 838 894 1567 
1569 338 1137 1560 
1570 735 738 739 
1571 545 546 1131 
1572 966 965 1541 
1573 726 728 733 
1574 416 478 1592 
1575 228 229 1590 
1576 798 786 912 
1577 703 704 705 
1578 1035 1036 1136 
1579 968 372 1415 
1580 858 933 934 
1581 985 1237 1465 
1582 302 441 442 
1583 625 626 627 
1584 1125 172 1351 
1585 207 208 321 
1586 144 481 1575 
1587 1458 634 1480 
1588 923 872 1046 
1589 806 972 1037 
1590 452 674 1348 
1591 560 558 561 
1592 557 556 558 
1593 989 860 1517 
1594 829 899 1595 
1595 1561 724 1614 
1596 1300 390 1527 
1597 1013 1210 1238 
1598 1017 304 1019 
1599 684 1603 1604 
1600 1015 957 1480 
1601 578 596 597 
1602 147 148 1533 
1603 459 457 1047 
1604 782 781 783 
1605 813 1136 1225 
1606 311 1339 1340 
1607 218 219 1263 
1608 502 501 503 
1609 336 1080 1130 
1610 19 330 1092 
1611 862 1103 1613 
1612 909 908 1618 
1613 1194 914 1602 
1614 889 888 890 
1615 19 20 330 
1616 709 710 711 
1617 338 1117 1137 
1618 516 515 517 
1619 999 982 1266 
1620 713 715 1122 
1621 977 828 1180 
1622 179 180 542 
1623 970 969 1404 
1624 20 21 1089 
1625 1294 646 1349 
1626 1398 1440 1527 
1627 23 24 1054 
1628 555 554 556 
1629 960 961 962 
1630 686 1604 1627 
1631 960 962 1458 
1632 504 503 506 
1633 926 890 927 
1634 1047 337 1319 
1635 953 956 957 
1636 642 643 645 
1637 671 668 672 
1638 764 740 771 
1639 795 707 1171 
1640 717 719 993 
1641 1014 450 1126 
1642 635 636 640 
1643 1394 1224 1474 
1644 541 1042 1456 
1645 1077 1125 1351 
1646 632 633 635 
1647 535 466 997 
1648 13 14 413 
1649 746 748 1135 
1650 1084 297 1608 
1651 1019 597 1585 
1652 618 619 620 
1653 640 641 642 
1654 971 1508 1510 
1655 662 1062 1267 
1656 1260 543 1262 
1657 279 163 1365 
1658 186 187 312 
1659 1045 909 1526 
1660 1009 326 1615 
1661 69 1084 1608 
1662 957 958 960 
1663 432 1410 1445 
1664 996 885 1172 
1665 314 1048 1454 
1666 682 434 1433 
1667 918 916 919 
1668 17 18 360 
1669 1096 644 1307 
1670 455 456 1058 
1671 676 672 677 
1672 1406 1408 1461 
1673 1085 386 1428 
1674 772 771 773 
1675 1184 935 1312 
1676 386 1070 1551 
1677 1304 475 1447 
1678 25 26 338 
1679 906 923 1488 
1680 957 1015 1610 
1681 784 783 785 
1682 741 767 1144 
1683 1092 1091 1093 
1684 627 628 629 
1685 1152 431 1228 
1686 962 1166 1605 
1687 941 585 1286 
1688 629 630 632 
1689 816 875 876 
1690 800 713 1122 
1691 190 191 313 
1692 622 623 625 
1693 452 658 674 
1694 1104 736 1115 
1695 343 688 1182 
1696 177 178 393 
1697 809 810 811 
1698 775 804 805 
1699 114 371 1112 
1700 644 1096 1306 
1701 805 806 807 
1702 792 791 793 
1703 471 610 1169 
1704 216 324 1232 
1705 767 849 853 
1706 610 612 669 
1707 1061 370 1293 
1708 597 598 599 
1709 620 621 622 
1710 1219 1148 1451 
1711 537 541 1392 
1712 866 865 900 
1713 662 660 663 
1714 1036 1040 1041 
1715 888 887 1199 
1716 697 694 702 
1717 135 282 1295 
1718 813 1094 1502 
1719 1348 674 1624 
1720 853 880 905 
1721 705 706 707 
1722 749 747 750 
1723 521 1081 1381 
1724 1174 608 1311 
1725 978 800 1432 
1726 26 27 1117 
1727 1091 1090 1143 
1728 497 495 499 
1729 565 561 566 
1730 421 1345 1542 
1731 711 712 713 
1732 975 828 977 
1733 429 398 438 
1734 667 665 668 
1735 25 338 1185 
1736 611 609 1442 
1737 335 91 1120 
1738 843 793 844 
1739 798 912 1350 
1740 664 663 665 
1741 767 853 1144 
1742 1479 1219 1496 
1743 1177 299 1551 
1744 295 1379 1423 
1745 1307 1309 1374 
1746 285 107 922 
1747 836 859 1518 
1748 526 525 821 
1749 742 1144 1271 
1750 329 234 1220 
1751 394 396 1077 
1752 941 1287 1396 
1753 545 1133 1547 
1754 267 1098 1099 
1755 408 608 1174 
1756 440 1399 1598 
1757 1226 1088 1289 
1758 527 1434 1588 
1759 905 880 1515 
1760 709 978 1468 
1761 4 420 1542 
1762 403 402 405 
1763 493 491 531 
1764 323 214 1201 
1765 821 822 1549 
1766 903 875 1276 
1767 295 113 1112 
1768 474 393 930 
1769 178 179 1053 
1770 614 616 618 
1771 269 270 1098 
1772 1021 1076 1508 
1773 835 834 836 
1774 103 302 1234 
1775 485 32 486 
1776 1036 345 1040 
1777 1111 587 1113 
1778 777 756 778 
1779 1184 369 1198 
1780 925 1155 1240 
1781 713 714 715 
1782 330 1091 1092 
1783 1223 797 1315 
1784 443 441 1121 
1785 676 1120 1462 
1786 998 999 1266 
1787 529 499 1147 
1788 812 816 1105 
1789 1067 1068 1450 
1790 1178 825 1323 
1791 413 1193 1387 
1792 134 135 1295 
1793 307 110 1126 
1794 659 657 660 
1795 687 690 1627 
1796 509 508 510 
1797 1131 553 1132 
1798 816 876 1105 
1799 779 778 796 
1800 715 716 717 
1801 1287 1286 1606 
1802 531 491 1487 
1803 901 900 991 
1804 850 768 851 
1805 1226 1289 1422 
1806 96 97 308 
1807 1052 1215 1550 
1808 335 1401 1402 
1809 610 669 1169 
1810 461 464 465 
1811 709 708 710 
1812 764 771 772 
1813 308 97 1118 
1814 671 676 1462 
1815 751 754 1557 
1816 856 902 1145 
1817 1604 687 1627 
1818 1136 814 1537 
1819 801 796 847 
1820 283 466 535 
1821 811 812 814 
1822 400 384 402 
1823 16 17 1193 
1824 513 512 515 
1825 518 517 519 
1826 724 726 1614 
1827 86 331 1253 
1828 1105 876 1106 
1829 758 760 827 
1830 597 596 598 
1831 814 812 1105 
1832 505 1103 1268 
1833 62 63 1064 
1834 159 373 1116 
1835 774 773 775 
1836 770 781 782 
1837 717 718 719 
1838 511 510 512 
1839 409 286 410 
1840 569 568 570 
1841 1126 111 1423 
1842 871 1289 1290 
1843 739 738 741 
1844 659 662 1267 
1845 1197 1452 1494 
1846 1044 1043 1484 
1847 853 849 880 
1848 1138 896 1375 
1849 374 376 386 
1850 1431 607 1443 
1851 468 423 1283 
1852 563 575 576 
1853 1309 637 1374 
1854 876 903 1164 
1855 1186 285 1624 
1856 759 761 1600 
1857 1295 282 1496 
1858 751 750 753 
1859 823 821 824 
1860 196 197 1187 
1861 1139 463 1166 
1862 656 654 657 
1863 1143 808 1502 
1864 1094 1143 1502 
1865 572 570 573 
1866 646 1179 1349 
1867 1149 1148 1219 
1868 554 547 1260 
1869 162 163 279 
1870 1377 759 1600 
1871 1076 1369 1508 
1872 445 1361 1367 
1873 520 519 525 
1874 414 1044 1181 
1875 827 1101 1376 
1876 580 1070 1085 
1877 553 552 1334 
1878 1208 1210 1251 
1879 488 490 943 
1880 599 1017 1585 
1881 1216 386 1551 
1882 1120 1027 1462 
1883 191 192 1075 
1884 1340 1358 1391 
1885 166 167 339 
1886 497 499 500 
1887 696 693 1619 
1888 603 1256 1370 
1889 719 720 721 
1890 112 113 295 
1891 625 623 626 
1892 1292 1199 1382 
1893 408 401 607 
1894 588 1061 1293 
1895 356 253 1022 
1896 859 1189 1518 
1897 1325 1327 1329 
1898 898 1129 1191 
1899 500 501 502 
1900 448 307 449 
1901 166 339 1364 
1902 922 1348 1624 
1903 948 949 1587 
1904 167 168 1142 
1905 1136 1036 1225 
1906 336 1058 1080 
1907 192 863 1075 
1908 785 787 870 
1909 737 734 740 
1910 226 1230 1615 
1911 850 852 904 
1912 173 294 1351 
1913 490 491 492 
1914 1088 303 1289 
1915 711 710 712 
1916 980 981 983 
1917 284 1016 1476 
1918 324 217 411 
1919 772 773 774 
1920 490 489 491 
1921 808 807 809 
1922 1454 1048 1464 
1923 1221 300 1304 
1924 1342 385 1441 
1925 17 360 1193 
1926 1102 1025 1552 
1927 1165 481 1577 
1928 456 296 457 
1929 627 626 628 
1930 599 598 600 
1931 838 836 1518 
1932 721 723 724 
1933 550 552 553 
1934 745 740 764 
1935 997 337 1554 
1936 683 670 1465 
1937 1326 938 1362 
1938 381 379 384 
1939 492 491 493 
1940 504 506 507 
1941 882 765 883 
1942 471 470 532 
1943 850 851 852 
1944 889 890 926 
1945 899 898 1313 
1946 846 888 889 
1947 67 68 297 
1948 1202 757 1622 
1949 882 884 895 
1950 487 298 488 
1951 1100 683 1514 
1952 1014 1126 1423 
1953 724 725 726 
1954 707 706 708 
1955 71 72 1082 
1956 849 768 850 
1957 904 852 1119 
1958 824 917 1626 
1959 420 421 1542 
1960 745 765 881 
1961 1120 676 1612 
1962 782 783 784 
1963 713 712 714 
1964 1162 602 1221 
1965 789 791 792 
1966 1111 1114 1598 
1967 844 865 866 
1968 703 702 704 
1969 618 616 619 
1970 908 979 1405 
1971 620 619 621 
1972 1221 1304 1447 
1973 24 25 1185 
1974 485 486 1380 
1975 580 1085 1107 
1976 849 850 1192 
1977 494 496 530 
1978 1129 631 1320 
1979 809 811 813 
1980 929 1096 1097 
1981 1225 1041 1568 
1982 831 790 1616 
1983 224 225 326 
1984 1407 318 1565 
1985 1089 1088 1226 
1986 14 15 1490 
1987 715 714 716 
1988 853 905 1202 
1989 15 16 1490 
1990 926 932 1123 
1991 1110 1153 1155 
1992 754 753 755 
1993 717 716 718 
1994 635 633 636 
1995 645 643 646 
1996 647 443 1186 
1997 283 422 423 
1998 934 936 1591 
1999 371 372 968 
2000 148 1072 1533 
2001 1133 924 1547 
2002 632 630 633 
2003 378 380 383 
2004 767 744 768 
2005 502 503 504 
2006 622 621 623 
2007 629 628 630 
2008 528 1151 1272 
2009 874 992 1308 
2010 1274 1169 1419 
2011 808 1143 1212 
2012 640 636 641 
2013 805 807 808 
2014 229 1279 1590 
2015 642 641 643 
2016 1239 920 1240 
2017 1209 1220 1492 
2018 576 580 1107 
2019 719 718 720 
2020 880 849 1192 
2021 774 775 830 
2022 92 1027 1120 
2023 488 943 1281 
2024 365 313 366 
2025 1307 644 1309 
2026 469 468 470 
2027 698 701 817 
2028 881 765 882 
2029 745 764 765 
2030 1076 731 1369 
2031 772 774 871 
2032 603 604 1256 
2033 393 178 1053 
2034 1065 1066 1150 
2035 294 394 1351 
2036 882 883 884 
2037 792 793 843 
2038 1051 1242 1507 
2039 1186 674 1371 
2040 767 768 849 
2041 476 1073 1134 
2042 1123 751 1557 
2043 615 613 639 
2044 72 73 293 
2045 737 740 745 
2046 463 1139 1414 
2047 442 441 443 
2048 650 675 1611 
2049 464 1319 1501 
2050 229 230 1279 
2051 1056 323 1201 
2052 443 1121 1186 
2053 426 424 995 
2054 1171 869 1626 
2055 677 1146 1401 
2056 1141 1100 1514 
2057 850 904 1192 
2058 515 523 1534 
2059 1013 1012 1251 
2060 1340 1328 1359 
2061 803 974 976 
2062 721 720 723 
2063 741 744 767 
2064 510 524 1625 
2065 1415 967 1536 
2066 870 787 1265 
2067 578 583 596 
2068 967 966 1536 
2069 726 727 728 
2070 1331 1330 1332 
2071 50 311 1391 
2072 1107 383 1108 
2073 735 737 738 
2074 104 105 441 
2075 851 768 1310 
2076 331 1426 1427 
2077 936 934 937 
2078 883 765 1206 
2079 283 128 422 
2080 959 1055 1437 
2081 311 1340 1391 
2082 724 723 725 
2083 727 725 729 
2084 302 442 445 
2085 451 450 454 
2086 484 1210 1211 
2087 1228 312 1392 
2088 726 725 727 
2089 784 785 1180 
2090 239 344 1570 
2091 573 577 578 
2092 942 941 1396 
2093 1379 1014 1423 
2094 460 459 461 
2095 581 1163 1177 
2096 1036 1041 1225 
2097 161 162 1160 
2098 721 724 1420 
2099 439 438 1503 
2100 316 202 1266 
2101 608 607 1431 
2102 1194 1114 1528 
2103 478 1469 1592 
2104 449 307 450 
2105 584 554 1260 
2106 946 332 947 
2107 1316 1081 1317 
2108 1330 1326 1362 
2109 866 900 901 
2110 1162 594 1444 
2111 984 634 1458 
2112 106 285 1121 
2113 471 609 610 
2114 350 358 1358 
2115 367 1213 1214 
2116 1128 251 1424 
2117 450 307 1126 
2118 693 696 913 
2119 484 1211 1452 
2120 458 457 459 
2121 735 734 737 
2122 458 460 463 
2123 418 536 1482 
2124 1283 422 1368 
2125 469 470 471 
2126 93 287 1027 
2127 922 448 1348 
2128 732 734 735 
2129 1174 359 1629 
2130 965 650 1611 
2131 513 515 516 
2132 507 508 509 
2133 45 46 1297 
2134 514 1102 1397 
2135 187 188 1446 
2136 127 283 535 
2137 728 731 732 
2138 610 611 612 
2139 594 592 1444 
2140 741 738 744 
2141 371 968 1112 
2142 649 651 652 
2143 705 704 706 
2144 750 747 1271 
2145 494 493 495 
2146 488 298 489 
2147 1168 232 1207 
2148 547 544 1260 
2149 1347 1068 1607 
2150 393 1053 1357 
2151 214 215 1201 
2152 1132 1110 1155 
2153 725 723 1205 
2154 471 532 609 
2155 283 423 466 
2156 1055 955 1569 
2157 1322 696 1564 
2158 754 1255 1557 
2159 1113 606 1528 
2160 950 948 1587 
2161 496 495 497 
2162 452 453 658 
2163 837 836 838 
2164 1020 923 1046 
2165 428 426 436 
2166 648 647 1038 
2167 855 906 1579 
2168 566 567 568 
2169 1106 876 1164 
2170 729 1205 1510 
2171 474 930 1597 
2172 647 1186 1371 
2173 1262 523 1341 
2174 983 1218 1466 
2175 612 613 614 
2176 492 493 494 
2177 534 946 1628 
2178 978 1432 1467 
2179 764 772 1206 
2180 444 443 647 
2181 349 1300 1485 
2182 732 731 734 
2183 728 727 731 
2184 460 461 462 
2185 778 756 1315 
2186 1432 878 1467 
2187 702 694 1318 
2188 400 402 403 
2189 828 784 1180 
2190 1072 914 1073 
2191 353 66 1491 
2192 726 733 1614 
2193 803 784 828 
2194 781 829 1595 
2195 827 760 1459 
2196 1382 887 1495 
2197 1000 325 1001 
2198 765 764 1206 
2199 520 525 526 
2200 339 167 1142 
2201 1075 863 1140 
2202 974 828 975 
2203 1095 909 1618 
2204 612 611 613 
2205 910 909 1045 
2206 539 1383 1509 
2207 194 314 1270 
2208 1069 583 1500 
2209 1397 1102 1552 
2210 694 691 1318 
2211 545 1131 1133 
2212 610 609 611 
2213 655 653 1179 
2214 496 497 498 
2215 897 1322 1564 
2216 494 495 496 
2217 494 530 1280 
2218 745 881 1204 
2219 516 517 518 
2220 830 775 1212 
2221 623 621 624 
2222 893 1403 1538 
2223 1080 1058 1139 
2224 747 742 1271 
2225 1141 465 1419 
2226 124 125 1250 
2227 1259 1142 1311 
2228 921 406 1433 
2229 526 821 823 
2230 1042 437 1456 
2231 282 1412 1496 
2232 444 648 649 
2233 449 451 452 
2234 820 868 916 
2235 770 782 1254 
2236 456 457 458 
2237 1228 431 1596 
2238 1077 408 1629 
2239 945 1157 1631 
2240 847 796 1222 
2241 1192 346 1535 
2242 1513 1246 1530 
2243 334 1282 1283 
2244 469 1169 1274 
2245 361 242 389 
2246 346 1029 1535 
2247 1425 973 1426 
2248 720 718 722 
2249 1339 1328 1340 
2250 652 653 654 
2251 464 1047 1319 
2252 930 404 1597 
2253 972 971 1510 
2254 62 1064 1393 
2255 381 384 400 
2256 848 843 907 
2257 46 47 350 
2258 1168 1208 1251 
2259 390 259 1620 
2260 403 405 406 
2261 1181 1044 1364 
2262 614 615 616 
2263 458 459 460 
2264 785 870 1180 
2265 782 784 803 
2266 744 1204 1310 
2267 583 577 1236 
2268 483 1521 1593 
2269 772 871 1206 
2270 1102 514 1317 
2271 1372 895 1478 
2272 466 467 472 
2273 700 437 1042 
2274 435 819 820 
2275 775 805 1212 
2276 467 423 468 
2277 488 489 490 
2278 600 1149 1479 
2279 963 1139 1166 
2280 452 451 453 
2281 492 1280 1288 
2282 512 510 1453 
2283 502 504 505 
2284 476 1134 1195 
2285 814 1105 1301 
2286 578 577 583 
2287 676 677 1401 
2288 763 770 1254 
2289 1278 1448 1491 
2290 1328 1331 1359 
2291 792 843 848 
2292 738 737 1204 
2293 1127 1157 1519 
2294 614 613 615 
2295 833 834 835 
2296 1154 382 1156 
2297 1400 342 1460 
2298 1204 881 1310 
2299 1329 1327 1336 
2300 744 738 1204 
2301 204 318 998 
2302 365 366 537 
2303 480 1256 1257 
2304 803 828 974 
2305 737 745 1204 
2306 787 789 1265 
2307 848 907 1104 
2308 882 895 1372 
2309 1248 886 1249 
2310 823 824 869 
2311 98 409 1118 
2312 634 1015 1480 
2313 729 725 1205 
2314 889 926 1123 
2315 885 886 1429 
2316 405 1030 1431 
2317 1035 1136 1537 
2318 302 445 1234 
2319 534 332 946 
2320 320 1060 1623 
2321 842 840 1538 
2322 179 542 1053 
2323 322 211 1264 
2324 467 468 469 
2325 953 957 1610 
2326 616 615 617 
2327 497 500 1203 
2328 394 1077 1351 
2329 805 808 1212 
2330 1042 541 1546 
2331 1051 798 1350 
2332 573 578 1305 
2333 70 71 333 
2334 573 570 577 
2335 281 1257 1258 
2336 658 453 1039 
2337 162 279 1160 
2338 295 1112 1356 
2339 376 377 378 
2340 259 390 1441 
2341 566 561 567 
2342 509 510 511 
2343 332 134 1295 
2344 75 76 1217 
2345 399 430 434 
2346 131 298 487 
2347 435 820 1273 
2348 776 846 1255 
2349 1209 329 1220 
2350 325 220 1506 
2351 1454 989 1517 
2352 992 879 1530 
2353 683 1465 1514 
2354 710 708 766 
2355 44 45 349 
2356 511 512 513 
2357 1179 653 1349 
2358 436 1392 1456 
2359 133 134 332 
2360 803 976 1254 
2361 396 397 401 
2362 429 438 439 
2363 1343 551 1572 
2364 568 567 579 
2365 649 648 651 
2366 1114 1113 1528 
2367 868 1178 1573 
2368 334 1283 1368 
2369 938 937 1362 
2370 449 450 451 
2371 879 1513 1530 
2372 301 425 432 
2373 714 712 730 
2374 518 519 520 
2375 378 377 379 
2376 133 332 534 
2377 630 628 631 
2378 1079 1013 1238 
2379 946 1487 1628 
2380 824 821 1549 
2381 376 375 377 
2382 753 750 757 
2383 1399 1111 1598 
2384 839 838 840 
2385 840 893 1538 
2386 442 443 444 
2387 1291 826 1323 
2388 156 1163 1190 
2389 556 554 584 
2390 1363 41 1440 
2391 866 1175 1601 
2392 444 647 648 
2393 859 990 1189 
2394 526 823 878 
2395 490 492 1288 
2396 979 842 1538 
2397 1073 914 1194 
2398 1110 1108 1153 
2399 652 651 653 
2400 1152 1228 1392 
2401 518 520 521 
2402 374 347 375 
2403 1399 1400 1460 
2404 511 513 514 
2405 782 803 1254 
2406 579 567 590 
2407 558 556 1252 
2408 405 1431 1443 
2409 1511 873 1582 
2410 552 563 1334 
2411 964 1026 1476 
2412 284 119 1016 
2413 636 633 637 
2414 308 1118 1589 
2415 1107 1108 1109 
2416 1403 979 1538 
2417 394 395 396 
2418 660 657 661 
2419 757 750 1271 
2420 1234 445 1367 
2421 1060 1223 1224 
2422 451 454 1235 
2423 832 897 931 
2424 688 692 1182 
2425 1465 462 1514 
2426 1172 885 1429 
2427 378 379 380 
2428 1081 1316 1381 
2429 841 840 842 
2430 321 1407 1566 
2431 1151 862 1613 
2432 891 842 892 
2433 286 1158 1388 
2434 337 126 1554 
2435 172 173 1351 
2436 939 1437 1471 
2437 1140 860 1509 
2438 851 1372 1478 
2439 290 89 1581 
2440 1159 987 1388 
2441 95 96 1124 
2442 594 1162 1447 
2443 643 641 644 
2444 374 375 376 
2445 584 1260 1262 
2446 466 423 467 
2447 237 341 1532 
2448 602 1165 1303 
2449 761 928 1600 
2450 498 497 1203 
2451 794 762 1377 
2452 1010 1011 1079 
2453 85 86 1253 
2454 915 702 1318 
2455 458 463 1414 
2456 665 663 666 
2457 1170 703 1498 
2458 619 616 1229 
2459 1057 1227 1526 
2460 708 706 1231 
2461 935 1049 1312 
2462 380 381 382 
2463 943 490 1288 
2464 817 826 1291 
2465 576 1107 1109 
2466 1000 1001 1002 
2467 399 434 1395 
2468 1008 1001 1562 
2469 372 306 1471 
2470 483 1390 1521 
2471 1187 315 1188 
2472 197 315 1187 
2473 1330 364 1332 
2474 1105 1106 1301 
2475 321 1405 1407 
2476 1113 587 1559 
2477 334 1281 1282 
2478 991 900 1531 
2479 1244 983 1466 
2480 380 379 381 
2481 1142 289 1311 
2482 421 1227 1302 
2483 971 1021 1508 
2484 246 247 446 
2485 615 639 1248 
2486 768 744 1310 
2487 507 509 528 
2488 1038 647 1371 
2489 817 701 826 
2490 704 702 915 
2491 1137 852 1478 
2492 27 357 1117 
2493 832 699 833 
2494 809 813 1502 
2495 613 611 1477 
2496 1153 382 1154 
2497 654 653 655 
2498 1148 531 1451 
2499 1135 827 1376 
2500 1168 1207 1208 
2501 863 193 1270 
2502 196 1187 1578 
2503 677 1145 1621 
2504 487 488 1281 
2505 1280 532 1288 
2506 886 1248 1429 
2507 947 332 1295 
2508 294 392 394 
2509 1385 483 1593 
2510 789 792 1265 
2511 1574 1171 1626 
2512 279 1365 1484 
2513 1191 1129 1320 
2514 582 573 1305 
2515 112 295 1423 
2516 188 189 365 
2517 1006 326 1009 
2518 1398 1363 1440 
2519 846 889 1255 
2520 500 502 1268 
2521 390 1300 1441 
2522 463 460 1237 
2523 1205 723 1245 
2524 1122 901 1583 
2525 318 205 1565 
2526 1109 1108 1110 
2527 1437 1055 1471 
2528 796 797 1222 
2529 1115 870 1489 
2530 1158 1159 1388 
2531 679 317 681 
2532 1197 1424 1452 
2533 492 494 1280 
2534 505 1272 1613 
2535 96 308 1124 
2536 1034 1035 1537 
2537 587 564 1343 
2538 1327 1326 1328 
2539 77 78 292 
2540 723 720 1245 
2541 983 981 1218 
2542 312 187 1446 
2543 851 1310 1372 
2544 621 619 1241 
2545 832 931 1435 
2546 369 368 1217 
2547 1401 335 1612 
2548 901 1122 1421 
2549 1188 315 1244 
2550 669 1141 1419 
2551 1199 661 1586 
2552 1245 722 1246 
2553 1010 1009 1011 
2554 1236 577 1285 
2555 844 866 1601 
2556 453 451 1235 
2557 756 755 1315 
2558 884 1185 1560 
2559 454 1014 1541 
2560 168 289 1142 
2561 586 1111 1399 
2562 579 590 591 
2563 436 995 1152 
2564 909 1095 1526 
2565 858 847 933 
2566 736 721 1420 
2567 1427 973 1579 
2568 533 363 1417 
2569 916 868 917 
2570 460 462 1237 
2571 1281 943 1282 
2572 447 1357 1410 
2573 294 391 392 
2574 607 401 682 
2575 1154 1239 1240 
2576 1345 419 1542 
2577 937 1353 1362 
2578 597 599 1585 
2579 1151 528 1552 
2580 1132 553 1576 
2581 681 317 1087 
2582 1131 1132 1133 
2583 731 727 1369 
2584 403 406 407 
2585 616 617 1229 
2586 1032 1095 1264 
2587 920 919 1436 
2588 1181 339 1259 
2589 774 830 1422 
2590 140 370 595 
2591 260 416 1620 
2592 186 312 1228 
2593 486 1119 1380 
2594 716 714 1284 
2595 835 836 837 
2596 1160 279 1161 
2597 1241 1229 1242 
2598 392 391 404 
2599 1492 340 1493 
2600 1101 1071 1376 
2601 939 117 1028 
2602 624 621 1241 
2603 397 395 398 
2604 1068 817 1291 
2605 1103 505 1613 
2606 1179 970 1404 
2607 390 1398 1527 
2608 638 953 1610 
2609 396 395 397 
2610 830 1226 1422 
2611 674 658 1371 
2612 860 1140 1517 
2613 1323 826 1498 
2614 407 406 921 
2615 712 710 1275 
2616 1203 500 1268 
2617 1154 1156 1239 
2618 820 819 868 
2619 1037 972 1513 
2620 570 568 1285 
2621 434 430 435 
2622 127 128 283 
2623 472 467 1274 
2624 502 505 1268 
2625 657 654 1277 
2626 1271 1144 1622 
2627 1289 303 1290 
2628 672 668 673 
2629 1127 1184 1524 
2630 339 1142 1259 
2631 990 1187 1188 
2632 895 884 1560 
2633 111 112 1423 
2634 568 579 1285 
2635 617 615 1248 
2636 1158 354 1159 
2637 1104 1115 1489 
2638 485 1380 1417 
2639 907 843 1601 
2640 911 1178 1323 
2641 797 778 1315 
2642 1185 338 1560 
2643 792 848 1265 
2644 540 539 699 
2645 941 1286 1287 
2646 722 1418 1530 
2647 648 1038 1294 
2648 435 430 818 
2649 339 1181 1364 
2650 870 1265 1489 
2651 720 722 1245 
2652 109 110 307 
2653 1110 1132 1576 
2654 1258 588 1293 
2655 504 507 1272 
2656 309 1329 1543 
2657 617 1248 1249 
2658 1327 1325 1599 
2659 1407 1405 1409 
2660 561 558 1269 
2661 663 660 1292 
2662 605 1113 1559 
2663 467 469 1274 
2664 267 1099 1520 
2665 1032 1057 1095 
2666 310 1338 1339 
2667 342 1286 1460 
2668 230 328 1279 
2669 428 436 437 
2670 376 378 1428 
2671 1161 279 1484 
2672 1303 1165 1577 
2673 611 1442 1477 
2674 628 626 1320 
2675 1399 440 1400 
2676 56 57 348 
2677 727 729 1369 
2678 819 818 825 
2679 763 1254 1459 
2680 1093 1094 1568 
2681 199 362 1243 
2682 433 427 1067 
2683 889 1123 1255 
2684 404 930 1463 
2685 881 882 1372 
2686 1066 305 1448 
2687 310 1337 1338 
2688 795 1171 1574 
2689 766 708 1231 
2690 1401 1146 1402 
2691 992 1284 1308 
2692 553 1334 1576 
2693 394 392 395 
2694 328 231 1168 
2695 1164 903 1556 
2696 526 878 1333 
2697 1005 1006 1007 
2698 1420 724 1561 
2699 289 169 1413 
2700 722 718 1418 
2701 800 1122 1583 
2702 1007 1008 1562 
2703 491 489 1487 
2704 646 643 1306 
2705 619 1229 1241 
2706 1224 755 1474 
2707 893 982 1403 
2708 383 380 1516 
2709 1053 542 1410 
2710 399 398 429 
2711 149 914 1072 
2712 58 59 1543 
2713 633 630 1296 
2714 802 856 1375 
2715 1118 409 1261 
2716 89 90 1581 
2717 505 504 1272 
2718 435 818 819 
2719 1175 907 1601 
2720 1275 766 1276 
2721 537 538 541 
2722 869 1171 1468 
2723 699 539 1509 
2724 413 14 1490 
2725 365 537 1446 
2726 408 1174 1629 
2727 1232 324 1233 
2728 1473 439 1503 
2729 1058 456 1414 
2730 449 452 1348 
2731 698 700 701 
2732 297 1084 1472 
2733 1243 362 1244 
2734 563 576 1334 
2735 349 1299 1300 
2736 1146 677 1621 
2737 1193 360 1387 
2738 1284 730 1308 
2739 1000 411 1263 
2740 1187 990 1578 
2741 1278 297 1472 
2742 701 700 877 
2743 668 665 1321 
2744 412 411 1000 
2745 507 528 1272 
2746 287 1086 1215 
2747 428 437 698 
2748 760 763 1459 
2749 832 833 897 
2750 76 77 1167 
2751 577 570 1285 
2752 465 464 1501 
2753 1065 1150 1378 
2754 556 584 1252 
2755 641 636 1309 
2756 114 115 371 
2757 1219 947 1496 
2758 1063 1497 1544 
2759 892 909 910 
2760 521 1333 1531 
2761 639 613 1477 
2762 63 64 305 
2763 59 60 309 
2764 590 567 1269 
2765 287 94 1086 
2766 409 410 1261 
2767 540 699 832 
2768 1145 902 1621 
2769 340 236 1532 
2770 344 240 1389 
2771 796 778 797 
2772 16 1193 1490 
2773 399 429 430 
2774 654 655 1277 
2775 1452 1211 1494 
2776 908 1405 1406 
2777 1198 369 1217 
2778 318 1407 1409 
2779 698 437 700 
2780 718 716 1418 
2781 1310 881 1372 
2782 651 648 1294 
2783 341 1493 1532 
2784 837 838 839 
2785 567 561 1269 
2786 194 195 314 
2787 362 200 980 
2788 1272 1151 1613 
2789 975 977 1561 
2790 700 1042 1355 
2791 518 521 1381 
2792 524 1236 1525 
2793 215 216 1232 
2794 1261 410 1267 
2795 1145 677 1384 
2796 410 286 1388 
2797 434 435 1273 
2798 655 1179 1404 
2799 513 516 1316 
2800 362 983 1244 
2801 397 398 399 
2802 558 1252 1269 
2803 871 774 1422 
2804 982 316 1266 
2805 129 334 1368 
2806 1467 869 1468 
2807 141 142 1200 
2808 1254 976 1459 
2809 1184 1198 1524 
2810 447 433 1473 
2811 631 628 1320 
2812 591 590 1584 
2813 714 730 1284 
2814 1108 383 1516 
2815 416 1398 1620 
2816 1289 871 1422 
2817 600 598 1434 
2818 1164 687 1540 
2819 973 902 1579 
2820 1139 1058 1414 
2821 906 1427 1579 
2822 590 1341 1584 
2823 538 366 539 
2824 288 1287 1545 
2825 306 939 1471 
2826 902 1146 1621 
2827 990 1188 1189 
2828 930 393 1357 
2829 710 766 1275 
2830 1169 669 1419 
2831 203 998 1266 
2832 730 712 1275 
2833 514 513 1316 
2834 637 633 1296 
2835 37 355 1497 
2836 1492 1493 1494 
2837 357 533 1417 
2838 981 316 982 
2839 1418 992 1530 
2840 1312 1049 1548 
2841 448 449 1348 
2842 1344 1010 1449 
2843 1285 579 1525 
2844 934 933 1352 
2845 520 526 1333 
2846 630 631 1296 
2847 282 1411 1412 
2848 352 1485 1527 
2849 516 518 1381 
2850 1153 1108 1516 
2851 521 520 1333 
2852 1082 293 1183 
2853 309 1325 1329 
2854 661 657 1277 
2855 1425 290 1581 
2856 324 411 412 
2857 1405 979 1409 
2858 653 651 1349 
2859 643 644 1306 
2860 1497 355 1544 
2861 327 228 1590 
2862 227 327 1230 
2863 398 395 1455 
2864 1159 354 1367 
2865 660 661 1292 
2866 1276 875 1522 
2867 946 947 1451 
2868 1199 887 1382 
2869 386 376 1428 
2870 949 1307 1374 
2871 309 1324 1325 
2872 315 1243 1244 
2873 1256 604 1438 
2874 1353 364 1362 
2875 852 851 1478 
2876 839 840 841 
2877 154 288 1545 
2878 644 641 1309 
2879 837 839 873 
2880 957 960 1480 
2881 438 1463 1503 
2882 433 1067 1450 
2883 636 637 1309 
2884 1265 848 1489 
2885 1253 331 1488 
2886 1328 1330 1331 
2887 362 980 983 
2888 1213 367 1521 
2889 706 704 1360 
2890 1453 510 1625 
2891 72 293 1082 
2892 841 842 891 
2893 1005 326 1006 
2894 743 1175 1421 
2895 1386 873 1523 
2896 1032 323 1056 
2897 818 1347 1607 
2898 313 191 1075 
2899 666 663 1292 
2900 1188 1244 1466 
2901 1316 516 1381 
2902 825 1291 1323 
2903 522 545 1547 
2904 122 123 455 
2905 344 1196 1197 
2906 891 892 1213 
2907 535 997 1554 
2908 1018 599 1630 
2909 716 1284 1418 
2910 939 1028 1437 
2911 514 1316 1317 
2912 456 458 1414 
2913 489 298 1628 
2914 1236 1285 1525 
2915 576 1109 1334 
2916 258 385 1332 
2917 1235 965 1611 
2918 982 999 1403 
2919 677 672 1384 
2920 841 891 1390 
2921 425 424 426 
2922 617 1249 1507 
2923 753 757 1474 
2924 427 426 428 
2925 933 847 1222 
2926 293 368 369 
2927 571 1162 1444 
2928 321 208 1408 
2929 1156 400 1499 
2930 1014 1379 1541 
2931 1004 222 1005 
2932 412 1002 1003 
2933 50 51 311 
2934 588 1258 1438 
2935 406 405 1443 
2936 343 1182 1580 
2937 425 426 427 
2938 1189 1188 1466 
2939 1112 968 1356 
2940 213 323 1031 
2941 873 1386 1582 
2942 1182 692 1385 
2943 908 1406 1618 
2944 1379 966 1541 
2945 1149 1219 1479 
2946 1193 413 1490 
2947 651 1294 1349 
2948 1458 962 1605 
2949 808 809 1502 
2950 1276 766 1430 
2951 818 430 1347 
2952 1046 872 1594 
2953 1202 905 1394 
2954 990 1464 1578 
2955 1031 1032 1264 
2956 184 431 1346 
2957 1275 1276 1522 
2958 1231 706 1360 
2959 704 915 1360 
2960 484 3 1238 
2961 938 1326 1599 
2962 1453 591 1584 
2963 537 366 538 
2964 1248 639 1429 
2965 434 1273 1433 
2966 1078 1303 1577 
2967 665 666 1321 
2968 823 869 1467 
2969 1493 340 1532 
2970 344 1197 1570 
2971 1278 1066 1448 
2972 382 1153 1516 
2973 1004 1005 1007 
2974 848 1104 1489 
2975 1003 1002 1302 
2976 1455 404 1463 
2977 1498 826 1617 
2978 401 397 1395 
2979 1494 341 1570 
2980 913 696 1582 
2981 1331 385 1342 
2982 1430 1416 1556 
2983 878 823 1467 
2984 1371 658 1539 
2985 1007 1006 1344 
2986 1060 1224 1394 
2987 46 350 1297 
2988 674 1186 1624 
2989 599 600 1630 
2990 359 1125 1629 
2991 894 1189 1466 
2992 1106 1164 1540 
2993 325 1506 1562 
2994 539 366 1383 
2995 1426 973 1427 
2996 404 391 1597 
2997 281 1200 1558 
2998 1063 1059 1497 
2999 1301 1106 1475 
3000 998 318 999 
3001 1025 1151 1552 
3002 403 407 1499 
3003 412 1003 1233 
3004 1176 304 1553 
3005 833 835 1322 
3006 1125 1077 1629 
3007 1540 687 1604 
3008 370 1200 1293 
3009 877 700 1355 
3010 57 58 1335 
3011 931 1355 1435 
3012 291 84 1020 
3013 1242 1229 1507 
3014 297 68 1608 
3015 682 401 1395 
3016 1284 992 1418 
3017 188 365 1446 
3018 391 1074 1597 
3019 1273 921 1433 
3020 1167 1198 1217 
3021 903 1276 1430 
3022 53 54 310 
3023 1178 795 1573 
3024 1434 598 1588 
3025 914 150 1602 
3026 387 80 1555 
3027 1038 1371 1539 
3028 186 1228 1596 
3029 1324 309 1393 
3030 482 1182 1385 
3031 1281 334 1529 
3032 766 1231 1430 
3033 349 45 1297 
3034 607 682 1443 
3035 1358 1340 1359 
3036 880 1192 1535 
3037 690 1439 1627 
3038 1210 484 1238 
3039 991 1432 1583 
3040 207 321 1566 
3041 1270 314 1454 
3042 843 844 1601 
3043 755 753 1474 
3044 666 1292 1382 
3045 416 1363 1398 
3046 380 382 1516 
3047 1196 344 1389 
3048 1200 142 1558 
3049 429 439 1347 
3050 947 1295 1496 
3051 1227 1003 1302 
3052 1010 1079 1449 
3053 892 910 1213 
3054 730 1275 1522 
3055 1006 1009 1010 
3056 538 539 540 
3057 231 232 1168 
3058 288 1190 1396 
3059 1213 910 1214 
3060 1337 1336 1338 
3061 897 833 1322 
3062 1390 1386 1523 
3063 277 1363 1592 
3064 1032 1056 1057 
3065 915 1318 1439 
3066 1231 1360 1416 
3067 295 1356 1379 
3068 1261 1062 1589 
3069 598 596 1588 
3070 333 1083 1084 
3071 1166 985 1605 
3072 241 361 1389 
3073 901 991 1583 
3074 1355 1042 1435 
3075 673 668 1321 
3076 975 1561 1614 
3077 583 1236 1500 
3078 291 1020 1046 
3079 170 171 359 
3080 1011 1012 1013 
3081 1334 1109 1576 
3082 361 1196 1389 
3083 221 1004 1506 
3084 1017 1019 1585 
3085 920 1239 1373 
3086 978 1467 1468 
3087 1237 462 1465 
3088 1201 215 1232 
3089 1189 894 1518 
3090 1521 367 1593 
3091 681 1087 1486 
3092 886 831 1616 
3093 672 673 1384 
3094 299 1216 1551 
3095 305 64 1354 
3096 1231 1416 1430 
3097 298 132 1512 
3098 430 429 1347 
3099 1140 863 1517 
3100 1162 1221 1447 
3101 1411 1018 1412 
3102 1218 894 1466 
3103 482 1385 1593 
3104 1246 722 1530 
3105 911 1323 1498 
3106 1479 1412 1630 
3107 304 139 1553 
3108 841 1390 1523 
3109 972 1246 1513 
3110 977 1420 1561 
3111 1328 1326 1330 
3112 1065 305 1066 
3113 80 317 1555 
3114 385 1331 1332 
3115 1183 1184 1312 
3116 487 1281 1529 
3117 955 1415 1569 
3118 242 243 389 
3119 288 155 1190 
3120 1001 325 1562 
3121 1402 1425 1581 
3122 1402 1146 1425 
3123 233 329 1207 
3124 910 1045 1505 
3125 579 591 1525 
3126 1493 341 1494 
3127 1124 1052 1550 
3128 937 1352 1353 
3129 175 1074 1609 
3130 869 824 1626 
3131 1099 271 1520 
3132 825 818 1607 
3133 149 150 914 
3134 1249 1051 1507 
3135 235 340 1220 
3136 400 403 1499 
3137 1064 1324 1393 
3138 658 1039 1539 
3139 1074 474 1597 
3140 814 1301 1537 
3141 313 1075 1383 
3142 1352 933 1544 
3143 1439 689 1627 
3144 397 399 1395 
3145 1440 352 1527 
3146 524 1525 1625 
3147 412 1000 1002 
3148 523 1262 1534 
3149 1308 730 1522 
3150 1229 617 1507 
3151 1358 358 1391 
3152 1571 950 1587 
3153 903 1430 1556 
3154 372 1471 1569 
3155 1095 1057 1526 
3156 437 436 1456 
3157 74 75 368 
3158 1345 1344 1449 
3159 1215 1086 1550 
3160 540 832 1435 
3161 136 137 1411 
3162 334 130 1529 
3163 701 877 1617 
3164 666 1382 1495 
3165 1074 391 1609 
3166 1369 729 1508 
3167 1301 1034 1537 
3168 348 1336 1337 
3169 322 1264 1461 
3170 361 389 473 
3171 366 313 1383 
3172 1324 1065 1378 
3173 1183 369 1184 
3174 364 1330 1362 
3175 388 680 1198 
3176 1118 1261 1589 
3177 1297 350 1298 
3178 314 195 1048 
3179 1031 323 1032 
3180 685 1475 1540 
3181 1461 1095 1618 
3182 837 873 1511 
3183 989 1454 1464 
3184 937 934 1352 
3185 298 1512 1628 
3186 392 404 1455 
3187 528 1397 1552 
3188 395 392 1455 
3189 685 1540 1604 
3190 1182 482 1580 
3191 1475 1106 1540 
3192 1109 1110 1576 
3193 542 180 1445 
3194 1352 355 1353 
3195 1435 1042 1546 
3196 1227 1045 1526 
3197 1374 637 1571 
3198 1208 329 1209 
3199 56 348 1337 
3200 936 1049 1591 
3201 1448 353 1491 
3202 858 1127 1519 
3203 1297 1298 1299 
3204 1068 1291 1607 
3205 1083 1082 1183 
3206 587 1343 1559 
3207 863 1270 1517 
3208 203 204 998 
3209 1167 388 1198 
3210 1437 1028 1457 
3211 1222 1063 1544 
3212 1299 1298 1342 
3213 1392 541 1456 
3214 1374 1571 1587 
3215 679 387 1555 
3216 63 305 1064 
3217 348 1335 1336 
3218 1432 800 1583 
3219 324 412 1233 
3220 388 387 679 
3221 1325 1324 1378 
3222 1034 1301 1475 
3223 1083 1183 1312 
3224 1236 524 1500 
3225 676 1401 1612 
3226 1343 589 1559 
3227 309 60 1393 
3228 293 369 1183 
3229 388 679 680 
3230 1247 440 1598 
3231 1321 666 1495 
3232 1486 1087 1504 
3233 1008 1007 1344 
3234 1048 196 1578 
3235 67 297 1491 
3236 1207 329 1208 
3237 431 185 1596 
3238 411 218 1263 
3239 1150 938 1378 
3240 1011 1013 1079 
3241 433 1450 1473 
3242 331 1427 1488 
3243 419 1345 1449 
3244 483 1386 1390 
3245 361 473 1196 
3246 169 170 1413 
3247 1412 1018 1630 
3248 447 1473 1503 
3249 540 1435 1546 
3250 826 701 1617 
3251 235 236 340 
3252 1365 1044 1484 
3253 473 389 1128 
3254 1170 1498 1617 
3255 481 1370 1575 
3256 933 1222 1544 
3257 59 309 1543 
3258 1006 1010 1344 
3259 349 1297 1299 
3260 1218 893 1567 
3261 600 1479 1630 
3262 138 139 304 
3263 1442 1173 1477 
3264 1064 1065 1324 
3265 1064 305 1065 
3266 1380 357 1417 
3267 102 103 1234 
3268 1049 935 1591 
3269 1464 1048 1578 
3270 1415 372 1569 
3271 1270 1454 1517 
3272 1255 1123 1557 
3273 917 868 1573 
3274 923 1253 1488 
3275 359 171 1125 
3276 285 922 1624 
3277 1427 906 1488 
3278 1356 968 1536 
3279 1298 1358 1359 
3280 999 318 1409 
3281 44 349 1485 
3282 586 1399 1460 
3283 1504 1046 1594 
3284 129 130 334 
3285 1008 1344 1345 
3286 335 1120 1612 
3287 591 1453 1625 
3288 291 1046 1504 
3289 1208 1209 1210 
3290 541 538 1546 
3291 1386 913 1582 
3292 1487 489 1628 
3293 1450 439 1473 
3294 333 1082 1083 
3295 637 1296 1571 
3296 292 79 387 
3297 1370 480 1575 
3298 1214 910 1505 
3299 333 71 1082 
3300 420 1214 1505 
3301 217 218 411 
3302 1485 1300 1527 
3303 1264 1095 1461 
3304 917 1574 1626 
3305 1157 857 1519 
3306 1515 320 1623 
3307 1326 1327 1599 
3308 363 485 1417 
3309 835 837 1511 
3310 589 1343 1572 
3311 131 132 298 
3312 928 1377 1600 
3313 661 1277 1586 
3314 1114 1247 1598 
3315 1211 1492 1494 
3316 1335 58 1543 
3317 77 292 1167 
3318 1298 350 1358 
3319 98 99 409 
3320 116 117 939 
3321 158 159 1116 
3322 959 1437 1457 
3323 83 84 291 
3324 873 839 1523 
3325 1390 891 1521 
3326 1357 447 1503 
3327 1406 1461 1618 
3328 83 291 1563 
3329 363 31 485 
3330 180 181 1445 
3331 1196 473 1424 
3332 1354 353 1448 
3333 154 155 288 
3334 1262 543 1534 
3335 65 353 1354 
3336 1573 795 1574 
3337 1230 1009 1615 
3338 328 1168 1251 
3339 839 841 1523 
3340 1291 825 1607 
3341 1342 1298 1359 
3342 1436 919 1549 
3343 1486 1504 1594 
3344 949 1374 1587 
3345 1322 835 1511 
3346 153 1545 1606 
3347 310 54 1337 
3348 292 388 1167 
3349 76 1167 1217 
3350 1279 1012 1590 
3351 1198 680 1524 
3352 355 1352 1544 
3353 891 1213 1521 
3354 291 1504 1563 
3355 1004 1007 1562 
3356 894 1218 1567 
3357 757 1271 1622 
3358 538 540 1546 
3359 1331 1342 1359 
3360 1545 1287 1606 
3361 1049 1278 1472 
3362 1416 690 1556 
3363 326 225 1615 
3364 1469 277 1592 
3365 1049 1472 1548 
3366 120 121 1130 
3367 905 1515 1623 
3368 1341 523 1584 
3369 145 146 1078 
3370 1060 1394 1623 
3371 118 119 284 
3372 1394 905 1623 
3373 368 75 1217 
3374 681 1486 1631 
3375 1083 1312 1548 
3376 945 1486 1594 
3377 1325 1378 1599 
3378 917 1573 1574 
3379 1363 416 1592 
3380 1471 1055 1569 
3381 292 387 388 
3382 1335 1329 1336 
3383 1504 1087 1563 
3384 1512 534 1628 
3385 175 176 1074 
3386 1424 2 1452 
3387 1098 270 1099 
3388 1378 938 1599 
3389 91 92 1120 
3390 1084 1083 1548 
3391 100 101 1158 
3392 1197 1494 1570 
3393 1565 206 1566 
3394 348 57 1335 
3395 1525 591 1625 
3396 184 185 431 
3397 1472 1084 1548 
3398 93 94 287 
3399 1506 1004 1562 
3400 1398 390 1620 
3401 198 199 1243 
3402 695 1564 1619 
3403 170 359 1413 
3404 1564 696 1619 
3405 48 49 358 
3406 1336 1327 1338 
3407 1486 945 1631 
3408 206 207 1566 
3409 65 66 353 
3410 1329 1335 1543 
3411 226 227 1230 
3412 212 213 1031 
3413 42 43 352 
3414 240 241 1389 
3415 233 234 329 
3416 220 221 1506 
3417 164 165 351 
3418 1407 1565 1566 
3419 267 39 1098 
3420 52 53 310 
3421 69 70 333 
3422 73 74 368 
3423 82 83 1563 
3424 84 85 1020 
3425 88 89 290 
3426 90 91 335 
3427 94 95 1086 
3428 97 98 1118 
3429 99 100 286 
3430 101 102 354 
3431 108 109 448 
3432 115 116 306 
3433 117 118 1028 
3434 119 120 1016 
3435 121 122 336 
3436 126 127 535 
3437 422 128 1368 
3438 130 131 1529 
3439 131 487 1529 
3440 132 133 1512 
3441 139 140 1553 
3442 142 143 1558 
3443 148 149 1072 
3444 150 151 1602 
3445 213 214 323 
3446 216 217 324 
3447 227 228 327 
3448 232 233 1207 
3449 234 235 1220 
3450 239 240 344 
3451 244 245 1023 
3452 259 260 1620 
3453 278 250 1 
3454 278 1 251 
3455 2 3 484 
3456 2 484 1452 
3457 254 29 30 
3458 254 30 255 
3459 37 38 355 
3460 38 258 1332 
3461 355 38 1353 
3462 268 39 40 
3463 277 41 1363 
3464 47 48 358 
3465 350 47 358 
3466 49 50 358 
3467 51 52 311 
3468 61 62 1393 
3469 80 81 317 
3470 86 87 331 
3471 92 93 1027 
3472 103 104 302 
3473 110 111 1126 
3474 123 124 296 
3475 128 129 1368 
3476 135 136 282 
3477 137 138 678 
3478 140 595 1553 
3479 144 145 1078 
3480 480 144 1575 
3481 481 144 1577 
3482 144 1078 1577 
3483 146 147 300 
3484 146 300 1078 
3485 151 152 440 
3486 151 440 1247 
3487 157 158 299 
3488 160 161 347 
3489 163 164 351 
3490 165 166 351 
3491 181 182 301 
3492 189 190 365 
3493 209 210 1408 
3494 211 212 1031 
3495 219 220 325 
3496 241 242 361 
3497 243 244 389 
3498 389 244 1023 
3499 245 246 446 
3500 247 248 446 
3501 248 249 446 
3502 249 278 251 
3503 258 259 385 
3504 385 259 1441 
3505 446 251 1023 
3506 268 269 1098 
3507 356 477 533 
3508 475 1304 1533 
3509 680 679 681 
3510 864 1102 1317 
$EndElements
